model,ablation,metric,world,n_train,site_or_shift,mean_full,mean_ablated,mean_raw_delta,median_raw_delta,sd_raw_delta,mean_oriented_component_benefit,median_oriented_component_benefit,n
flow_jump,no_flow,mae,informative_observation,5,all,0.6902120232582092,0.6392025947570801,-0.05100942850112915,0.007199585437774658,0.10163953848567558,-0.05100942850112915,0.007199585437774658,5
flow_jump_observation,no_flow,mae,informative_observation,5,all,0.6883990406990051,0.6403466582298278,-0.04805238246917724,0.009509801864624023,0.09702510208112262,-0.04805238246917724,0.009509801864624023,5
flow_jump,no_flow,mae,informative_observation,10,all,0.6910734891891479,0.6162127256393433,-0.07486076354980468,-0.07291340827941895,0.06010512634038186,-0.07486076354980468,-0.07291340827941895,5
flow_jump_observation,no_flow,mae,informative_observation,10,all,0.6907683491706849,0.6143296718597412,-0.0764386773109436,-0.06990557909011841,0.06356962670203577,-0.0764386773109436,-0.06990557909011841,5
flow_jump,no_flow,mae,informative_observation,20,all,0.6061246275901795,0.6047715187072754,-0.0013531088829040528,-0.013677775859832764,0.04396051541101809,-0.0013531088829040528,-0.013677775859832764,5
flow_jump_observation,no_flow,mae,informative_observation,20,all,0.6064669728279114,0.6039549112319946,-0.002512061595916748,-0.012877821922302246,0.04423620872761385,-0.002512061595916748,-0.012877821922302246,5
flow_jump,no_flow,mae,informative_observation,40,all,0.6346322655677795,0.6282225608825683,-0.00640970468521117,-0.01842343807220459,0.06121143108681285,-0.00640970468521117,-0.01842343807220459,5
flow_jump_observation,no_flow,mae,informative_observation,40,all,0.6338182926177979,0.6282244682312011,-0.005593824386596669,-0.018486738204956055,0.06265907275911008,-0.005593824386596669,-0.018486738204956055,5
flow_jump,no_flow,mae,informative_observation,80,all,0.5272875607013703,0.5654570579528808,0.03816949725151064,0.0735466480255127,0.09834765664102971,0.03816949725151064,0.0735466480255127,5
flow_jump_observation,no_flow,mae,informative_observation,80,all,0.5239193379878998,0.5643558740615845,0.040436536073684706,0.07965725660324097,0.09765627323040188,0.040436536073684706,0.07965725660324097,5
flow_jump,no_flow,mae,informative_observation,100,all,0.44698319435119627,0.5524393081665039,0.10545611381530762,0.09825372695922852,0.03380478722417899,0.10545611381530762,0.09825372695922852,5
flow_jump_observation,no_flow,mae,informative_observation,100,all,0.4422411024570465,0.5511710345745087,0.10892993211746216,0.09583714604377741,0.03179922839774394,0.10892993211746216,0.09583714604377741,5
flow_jump,no_flow,mae,jumps,5,all,1.181872797012329,1.149252986907959,-0.032619810104370164,-0.04750597476959251,0.06923923178528761,-0.032619810104370164,-0.04750597476959251,5
flow_jump_observation,no_flow,mae,jumps,5,all,1.1805894374847412,1.1492852687835693,-0.03130416870117183,-0.04750168323516846,0.06753277615456733,-0.03130416870117183,-0.04750168323516846,5
flow_jump,no_flow,mae,jumps,10,all,1.0791406154632568,1.1048174142837524,0.025676798820495606,0.016732096672058105,0.022196684535985556,0.025676798820495606,0.016732096672058105,5
flow_jump_observation,no_flow,mae,jumps,10,all,1.0783649802207946,1.1047580361366272,0.026393055915832474,0.016773700714111106,0.02116787754558648,0.026393055915832474,0.016773700714111106,5
flow_jump,no_flow,mae,jumps,20,all,1.1309436082839965,1.1365274906158447,0.0055838823318481,0.020242810249328613,0.04506655411374889,0.0055838823318481,0.020242810249328613,5
flow_jump_observation,no_flow,mae,jumps,20,all,1.1312163591384887,1.1365973949432373,0.0053810358047485796,0.0208127498626709,0.044707537250357456,0.0053810358047485796,0.0208127498626709,5
flow_jump,no_flow,mae,jumps,40,all,1.1049762964248657,1.1096889615058898,0.00471266508102417,0.034642577171325684,0.09867115042544268,0.00471266508102417,0.034642577171325684,5
flow_jump_observation,no_flow,mae,jumps,40,all,1.104918360710144,1.10967059135437,0.004752230644226118,0.03471791744232178,0.09851647253961048,0.004752230644226118,0.03471791744232178,5
flow_jump,no_flow,mae,jumps,80,all,1.0480615139007567,1.117303740978241,0.06924222707748415,0.0717475414276123,0.07759054417786417,0.06924222707748415,0.0717475414276123,5
flow_jump_observation,no_flow,mae,jumps,80,all,1.0479094505310058,1.117286479473114,0.06937702894210815,0.07210850715637207,0.07764336411346962,0.06937702894210815,0.07210850715637207,5
flow_jump,no_flow,mae,jumps,100,all,0.9971213102340698,1.0977903246879577,0.10066901445388794,0.10241210460662842,0.0439610033234209,0.10066901445388794,0.10241210460662842,5
flow_jump_observation,no_flow,mae,jumps,100,all,0.996588921546936,1.0977645635604858,0.10117564201354981,0.10360157489776611,0.044202630502537386,0.10117564201354981,0.10360157489776611,5
flow_jump,no_flow,mae,misspecified,5,all,1.8273665189743042,1.8388071060180664,0.011440587043762163,-0.007237553596496582,0.040912411234975604,0.011440587043762163,-0.007237553596496582,5
flow_jump_observation,no_flow,mae,misspecified,5,all,1.8390284776687622,1.83845055103302,-0.0005779266357420099,-0.015609264373778409,0.048243062881659714,-0.0005779266357420099,-0.015609264373778409,5
flow_jump,no_flow,mae,misspecified,10,all,1.866967248916626,1.7808937072753905,-0.0860735416412353,-0.03470015525817849,0.17706257126384856,-0.0860735416412353,-0.03470015525817849,5
flow_jump_observation,no_flow,mae,misspecified,10,all,1.8669105529785157,1.7793391466140747,-0.08757140636444113,-0.034694075584412065,0.17579629239735764,-0.08757140636444113,-0.034694075584412065,5
flow_jump,no_flow,mae,misspecified,20,all,1.6023372888565064,1.6956483602523804,0.09331107139587402,0.06405472755432129,0.1935917974622773,0.09331107139587402,0.06405472755432129,5
flow_jump_observation,no_flow,mae,misspecified,20,all,1.5849903106689454,1.6951066255569458,0.11011631488800044,0.06471967697143555,0.17194694269155292,0.11011631488800044,0.06471967697143555,5
flow_jump,no_flow,mae,misspecified,40,all,1.6755884408950805,1.698091745376587,0.022503304481506302,0.05638003349304199,0.08721166617780964,0.022503304481506302,0.05638003349304199,5
flow_jump_observation,no_flow,mae,misspecified,40,all,1.674325704574585,1.697870945930481,0.02354524135589604,0.05657756328582764,0.08675416866383202,0.02354524135589604,0.05657756328582764,5
flow_jump,no_flow,mae,misspecified,80,all,1.4711745023727416,1.6704457759857179,0.19927127361297609,0.1844954490661621,0.11364593303901471,0.19927127361297609,0.1844954490661621,5
flow_jump_observation,no_flow,mae,misspecified,80,all,1.4675967693328857,1.66974995136261,0.20215318202972415,0.19461369514465332,0.10700326496053847,0.20215318202972415,0.19461369514465332,5
flow_jump,no_flow,mae,misspecified,100,all,1.6109678506851197,1.6840688467025757,0.07310099601745615,0.04408991336822532,0.08602217578913195,0.07310099601745615,0.04408991336822532,5
flow_jump_observation,no_flow,mae,misspecified,100,all,1.6218761444091796,1.683488655090332,0.06161251068115239,0.044107675552368386,0.09611957608433687,0.06161251068115239,0.044107675552368386,5
flow_jump,no_flow,mae,site_shift,5,all,0.6767417669296265,0.6465125441551208,-0.030229222774505616,0.01729261875152588,0.11196444930488274,-0.030229222774505616,0.01729261875152588,5
flow_jump_observation,no_flow,mae,site_shift,5,all,0.6751914620399475,0.6463103532791138,-0.02888110876083374,0.02187514305114746,0.11311262751982747,-0.02888110876083374,0.02187514305114746,5
flow_jump,no_flow,mae,site_shift,10,all,0.6888314604759216,0.6395365238189697,-0.04929493665695191,-0.02415531873703003,0.12763504052274352,-0.04929493665695191,-0.02415531873703003,5
flow_jump_observation,no_flow,mae,site_shift,10,all,0.6825292706489563,0.6392316341400146,-0.04329763650894165,-0.02481168508529663,0.13660522944229772,-0.04329763650894165,-0.02481168508529663,5
flow_jump,no_flow,mae,site_shift,20,all,0.6124495506286621,0.5980360627174377,-0.014413487911224366,-0.018722236156463623,0.02346564973290908,-0.014413487911224366,-0.018722236156463623,5
flow_jump_observation,no_flow,mae,site_shift,20,all,0.6108365774154663,0.5975556612014771,-0.013280916213989257,-0.018654465675354004,0.024555976715182018,-0.013280916213989257,-0.018654465675354004,5
flow_jump,no_flow,mae,site_shift,40,all,0.5984388172626496,0.6152811765670776,0.016842359304428112,-0.008553683757781982,0.08068795987773232,0.016842359304428112,-0.008553683757781982,5
flow_jump_observation,no_flow,mae,site_shift,40,all,0.5980675399303437,0.6146027684211731,0.016535228490829466,-0.010725080966949463,0.08136566711072361,0.016535228490829466,-0.010725080966949463,5
flow_jump,no_flow,mae,site_shift,80,all,0.49622865319252013,0.5646533608436585,0.06842470765113831,0.06252488493919378,0.06303007873736259,0.06842470765113831,0.06252488493919378,5
flow_jump_observation,no_flow,mae,site_shift,80,all,0.49722321033477784,0.5640774726867676,0.06685426235198977,0.054082065820694025,0.06347933784829919,0.06685426235198977,0.054082065820694025,5
flow_jump,no_flow,mae,site_shift,100,all,0.44852811098098755,0.5578392624855042,0.10931115150451662,0.0981084406375885,0.04373791147684628,0.10931115150451662,0.0981084406375885,5
flow_jump_observation,no_flow,mae,site_shift,100,all,0.4464406371116638,0.5569812297821045,0.11054059267044067,0.10037419199943542,0.04275026962441404,0.11054059267044067,0.10037419199943542,5
flow_jump,no_flow,mae,smooth,5,all,0.36677074432373047,0.37029326558113096,0.0035225212574004905,-0.0009913146495819092,0.01448586090289794,0.0035225212574004905,-0.0009913146495819092,5
flow_jump_observation,no_flow,mae,smooth,5,all,0.36688383221626275,0.37015908360481264,0.003275251388549838,0.0004115402698517401,0.014730652899364795,0.003275251388549838,0.0004115402698517401,5
flow_jump,no_flow,mae,smooth,10,all,0.33805795907974245,0.3318825840950012,-0.006175374984741222,-0.006157964468002319,0.012757053953317896,-0.006175374984741222,-0.006157964468002319,5
flow_jump_observation,no_flow,mae,smooth,10,all,0.33712295889854427,0.3319030344486237,-0.005219924449920643,-0.005993604660034124,0.01248437523994264,-0.005219924449920643,-0.005993604660034124,5
flow_jump,no_flow,mae,smooth,20,all,0.3316520988941193,0.3249764919281005,-0.0066756069660186875,-0.006375133991241511,0.013306478724088093,-0.0066756069660186875,-0.006375133991241511,5
flow_jump_observation,no_flow,mae,smooth,20,all,0.33165609240531924,0.32489684224128723,-0.006759250164031982,-0.00630265474319458,0.013281223852073781,-0.006759250164031982,-0.00630265474319458,5
flow_jump,no_flow,mae,smooth,40,all,0.3206303477287292,0.3145551681518554,-0.006075179576873813,-0.00607830286026001,0.010431861821510643,-0.006075179576873813,-0.00607830286026001,5
flow_jump_observation,no_flow,mae,smooth,40,all,0.32090837955474855,0.31453353762626646,-0.006374841928482078,-0.006100267171859797,0.010753409890662851,-0.006374841928482078,-0.006100267171859797,5
flow_jump,no_flow,mae,smooth,80,all,0.29327683448791503,0.3118425071239471,0.018565672636032083,0.013656705617904608,0.017738850250013663,0.018565672636032083,0.013656705617904608,5
flow_jump_observation,no_flow,mae,smooth,80,all,0.29296875,0.3118735373020172,0.018904787302017223,0.0134324431419372,0.017754747670513115,0.018904787302017223,0.0134324431419372,5
flow_jump,no_flow,mae,smooth,100,all,0.29236813187599175,0.3070318937301636,0.014663761854171776,0.020609855651855524,0.01706145106812757,0.014663761854171776,0.020609855651855524,5
flow_jump_observation,no_flow,mae,smooth,100,all,0.2915200531482696,0.3069609403610229,0.015440887212753296,0.021953731775283758,0.01761671546252839,0.015440887212753296,0.021953731775283758,5
flow_jump,no_jump,mae,informative_observation,5,all,0.6902120232582092,0.7664379596710205,0.07622593641281131,0.07821065187454224,0.18197197268185883,0.07622593641281131,0.07821065187454224,5
flow_jump_observation,no_jump,mae,informative_observation,5,all,0.6883990406990051,0.7629404425621032,0.07454140186309813,0.06641340255737305,0.18396897202627222,0.07454140186309813,0.06641340255737305,5
flow_jump,no_jump,mae,informative_observation,10,all,0.6910734891891479,0.8217045664787292,0.1306310772895813,-0.009988129138946533,0.20788285387516842,0.1306310772895813,-0.009988129138946533,5
flow_jump_observation,no_jump,mae,informative_observation,10,all,0.6907683491706849,0.8218330264091491,0.13106467723846438,-0.00878685712814331,0.2071883479640989,0.13106467723846438,-0.00878685712814331,5
flow_jump,no_jump,mae,informative_observation,20,all,0.6061246275901795,0.6832541823387146,0.07712955474853515,0.070198655128479,0.13188938621721055,0.07712955474853515,0.070198655128479,5
flow_jump_observation,no_jump,mae,informative_observation,20,all,0.6064669728279114,0.6838040232658387,0.07733705043792724,0.07132530212402344,0.130855332362514,0.07733705043792724,0.07132530212402344,5
flow_jump,no_jump,mae,informative_observation,40,all,0.6346322655677795,0.6825421094894409,0.04790984392166138,-0.04678279161453247,0.17422825152799876,0.04790984392166138,-0.04678279161453247,5
flow_jump_observation,no_jump,mae,informative_observation,40,all,0.6338182926177979,0.6824073672294617,0.048589074611663854,-0.041927635669708196,0.17404974394136957,0.048589074611663854,-0.041927635669708196,5
flow_jump,no_jump,mae,informative_observation,80,all,0.5272875607013703,0.6516607105731964,0.12437314987182617,0.05808711051940918,0.13021410660898491,0.12437314987182617,0.05808711051940918,5
flow_jump_observation,no_jump,mae,informative_observation,80,all,0.5239193379878998,0.6505127727985383,0.12659343481063842,0.05682945251464844,0.1333472481298744,0.12659343481063842,0.05682945251464844,5
flow_jump,no_jump,mae,informative_observation,100,all,0.44698319435119627,0.4474553525447845,0.00047215819358825684,0.024513542652130127,0.0581515734163996,0.00047215819358825684,0.024513542652130127,5
flow_jump_observation,no_jump,mae,informative_observation,100,all,0.4422411024570465,0.44244489073753357,0.00020378828048704943,0.028708845376968384,0.056708402637898114,0.00020378828048704943,0.028708845376968384,5
flow_jump,no_jump,mae,jumps,5,all,1.181872797012329,1.202721655368805,0.020848858356475854,-0.07252573966980003,0.23728945466379878,0.020848858356475854,-0.07252573966980003,5
flow_jump_observation,no_jump,mae,jumps,5,all,1.1805894374847412,1.208677887916565,0.02808845043182375,-0.06199145317077637,0.2339820070298674,0.02808845043182375,-0.06199145317077637,5
flow_jump,no_jump,mae,jumps,10,all,1.0791406154632568,1.0532325744628905,-0.025908041000366235,-0.020001471042632946,0.26035316001917086,-0.025908041000366235,-0.020001471042632946,5
flow_jump_observation,no_jump,mae,jumps,10,all,1.0783649802207946,1.0527294993400573,-0.02563548088073737,-0.021253585815429576,0.2609317117446746,-0.02563548088073737,-0.021253585815429576,5
flow_jump,no_jump,mae,jumps,20,all,1.1309436082839965,1.1443305730819702,0.013386964797973567,-0.07805997133254994,0.24554715370430688,0.013386964797973567,-0.07805997133254994,5
flow_jump_observation,no_jump,mae,jumps,20,all,1.1312163591384887,1.1450048685073853,0.013788509368896551,-0.07502752542495716,0.24422399928465002,0.013788509368896551,-0.07502752542495716,5
flow_jump,no_jump,mae,jumps,40,all,1.1049762964248657,1.0821574807167054,-0.0228188157081604,0.12467837333679188,0.298683473705588,-0.0228188157081604,0.12467837333679188,5
flow_jump_observation,no_jump,mae,jumps,40,all,1.104918360710144,1.0832965612411498,-0.02162179946899412,0.12497079372405995,0.2985717414342364,-0.02162179946899412,0.12497079372405995,5
flow_jump,no_jump,mae,jumps,80,all,1.0480615139007567,0.9808963179588318,-0.06716519594192509,-0.010203301906585804,0.2705144617257468,-0.06716519594192509,-0.010203301906585804,5
flow_jump_observation,no_jump,mae,jumps,80,all,1.0479094505310058,0.9809084892272949,-0.06700096130371094,-0.008003294467926025,0.27052919157270716,-0.06700096130371094,-0.008003294467926025,5
flow_jump,no_jump,mae,jumps,100,all,0.9971213102340698,0.9856187701225281,-0.011502540111541771,0.008656740188598633,0.2285377959767,-0.011502540111541771,0.008656740188598633,5
flow_jump_observation,no_jump,mae,jumps,100,all,0.996588921546936,0.9808213353157044,-0.015767586231231666,0.009815335273742787,0.23104237943530054,-0.015767586231231666,0.009815335273742787,5
flow_jump,no_jump,mae,misspecified,5,all,1.8273665189743042,1.7858860969543457,-0.041480422019958496,-0.05657875537872337,0.10359710661225134,-0.041480422019958496,-0.05657875537872337,5
flow_jump_observation,no_jump,mae,misspecified,5,all,1.8390284776687622,1.794693398475647,-0.04433507919311506,-0.0631861686706543,0.10191282845004297,-0.04433507919311506,-0.0631861686706543,5
flow_jump,no_jump,mae,misspecified,10,all,1.866967248916626,1.9861143350601196,0.1191470861434937,0.035888671875,0.2864385657927371,0.1191470861434937,0.035888671875,5
flow_jump_observation,no_jump,mae,misspecified,10,all,1.8669105529785157,1.9878746271133423,0.12096407413482653,0.03246557712554887,0.2852926488573984,0.12096407413482653,0.03246557712554887,5
flow_jump,no_jump,mae,misspecified,20,all,1.6023372888565064,1.6169737339019776,0.01463644504547119,0.05484664440155029,0.17144451612608672,0.01463644504547119,0.05484664440155029,5
flow_jump_observation,no_jump,mae,misspecified,20,all,1.5849903106689454,1.6034936428070068,0.018503332138061525,0.05284249782562234,0.17606830479413763,0.018503332138061525,0.05284249782562234,5
flow_jump,no_jump,mae,misspecified,40,all,1.6755884408950805,1.825983715057373,0.15039527416229262,0.033324599266052246,0.3966014453189172,0.15039527416229262,0.033324599266052246,5
flow_jump_observation,no_jump,mae,misspecified,40,all,1.674325704574585,1.829723310470581,0.15539760589599613,0.036682963371276855,0.3898742387755793,0.15539760589599613,0.036682963371276855,5
flow_jump,no_jump,mae,misspecified,80,all,1.4711745023727416,1.61078839302063,0.13961389064788818,0.27450597286224365,0.324477326172743,0.13961389064788818,0.27450597286224365,5
flow_jump_observation,no_jump,mae,misspecified,80,all,1.4675967693328857,1.6201803922653197,0.15258362293243408,0.24915003776550293,0.3383645114955331,0.15258362293243408,0.24915003776550293,5
flow_jump,no_jump,mae,misspecified,100,all,1.6109678506851197,1.5832226276397705,-0.027745223045349033,0.04065263271331809,0.29305750667533503,-0.027745223045349033,0.04065263271331809,5
flow_jump_observation,no_jump,mae,misspecified,100,all,1.6218761444091796,1.5776320576667786,-0.04424408674240106,0.043663859367370605,0.31061315990483546,-0.04424408674240106,0.043663859367370605,5
flow_jump,no_jump,mae,site_shift,5,all,0.6767417669296265,0.6786059975624085,0.0018642306327819823,-0.0197259783744812,0.18052211691090322,0.0018642306327819823,-0.0197259783744812,5
flow_jump_observation,no_jump,mae,site_shift,5,all,0.6751914620399475,0.6761875510215759,0.0009960889816284179,-0.019669413566589355,0.18171275858566607,0.0009960889816284179,-0.019669413566589355,5
flow_jump,no_jump,mae,site_shift,10,all,0.6888314604759216,0.7076876282691955,0.018856167793273926,-0.021409034729003906,0.11133795500889827,0.018856167793273926,-0.021409034729003906,5
flow_jump_observation,no_jump,mae,site_shift,10,all,0.6825292706489563,0.7089576959609986,0.026428425312042238,-0.02104133367538452,0.12458018233790595,0.026428425312042238,-0.02104133367538452,5
flow_jump,no_jump,mae,site_shift,20,all,0.6124495506286621,0.6526748895645141,0.04022533893585205,0.08213245868682861,0.13714336119466947,0.04022533893585205,0.08213245868682861,5
flow_jump_observation,no_jump,mae,site_shift,20,all,0.6108365774154663,0.6522986054420471,0.04146202802658081,0.08763355016708374,0.13772010019875677,0.04146202802658081,0.08763355016708374,5
flow_jump,no_jump,mae,site_shift,40,all,0.5984388172626496,0.6053195714950561,0.006880754232406627,-0.05438631772994995,0.1548200425096263,0.006880754232406627,-0.05438631772994995,5
flow_jump_observation,no_jump,mae,site_shift,40,all,0.5980675399303437,0.6166483342647553,0.01858079433441161,-0.016277015209197998,0.14930841618465665,0.01858079433441161,-0.016277015209197998,5
flow_jump,no_jump,mae,site_shift,80,all,0.49622865319252013,0.5374550998210907,0.04122644662857057,0.04641714692115784,0.056259313210053744,0.04122644662857057,0.04641714692115784,5
flow_jump_observation,no_jump,mae,site_shift,80,all,0.49722321033477784,0.5340707838535309,0.03684757351875306,0.04846993088722229,0.05316083768802141,0.03684757351875306,0.04846993088722229,5
flow_jump,no_jump,mae,site_shift,100,all,0.44852811098098755,0.5093292593955994,0.06080114841461184,-0.031021684408187866,0.2093167777297297,0.06080114841461184,-0.031021684408187866,5
flow_jump_observation,no_jump,mae,site_shift,100,all,0.4464406371116638,0.5084137856960297,0.06197314858436581,-0.02639168500900274,0.20963309700310598,0.06197314858436581,-0.02639168500900274,5
flow_jump,no_jump,mae,smooth,5,all,0.36677074432373047,0.3865851163864136,0.019814372062683116,0.014555126428604126,0.020825985693663732,0.019814372062683116,0.014555126428604126,5
flow_jump_observation,no_jump,mae,smooth,5,all,0.36688383221626275,0.38672465085983276,0.019840818643569957,0.017010003328323364,0.02103359617675058,0.019840818643569957,0.017010003328323364,5
flow_jump,no_jump,mae,smooth,10,all,0.33805795907974245,0.3540425062179565,0.015984547138214112,0.022834867238998413,0.03923572772871229,0.015984547138214112,0.022834867238998413,5
flow_jump_observation,no_jump,mae,smooth,10,all,0.33712295889854427,0.3539938628673553,0.016870903968811034,0.02290183305740351,0.03881527562243287,0.016870903968811034,0.02290183305740351,5
flow_jump,no_jump,mae,smooth,20,all,0.3316520988941193,0.3098432034254074,-0.021808895468711852,-0.025136679410934393,0.043831205970946294,-0.021808895468711852,-0.025136679410934393,5
flow_jump_observation,no_jump,mae,smooth,20,all,0.33165609240531924,0.3058678358793258,-0.025788256525993387,-0.03046631813049322,0.042687438928442054,-0.025788256525993387,-0.03046631813049322,5
flow_jump,no_jump,mae,smooth,40,all,0.3206303477287292,0.30216983258724206,-0.01846051514148715,-0.017670691013336237,0.06592160788779229,-0.01846051514148715,-0.017670691013336237,5
flow_jump_observation,no_jump,mae,smooth,40,all,0.32090837955474855,0.302322319149971,-0.01858606040477756,-0.01758667826652527,0.06554329222050984,-0.01858606040477756,-0.01758667826652527,5
flow_jump,no_jump,mae,smooth,80,all,0.29327683448791503,0.2417520254850387,-0.051524809002876294,-0.05316941440105438,0.025348905512702892,-0.051524809002876294,-0.05316941440105438,5
flow_jump_observation,no_jump,mae,smooth,80,all,0.29296875,0.24262427091598507,-0.05034447908401492,-0.052512988448143005,0.024594538606061696,-0.05034447908401492,-0.052512988448143005,5
flow_jump,no_jump,mae,smooth,100,all,0.29236813187599175,0.24198018908500668,-0.05038794279098511,-0.06125952303409571,0.02636422869634254,-0.05038794279098511,-0.06125952303409571,5
flow_jump_observation,no_jump,mae,smooth,100,all,0.2915200531482696,0.24225585758686066,-0.04926419556140898,-0.0606010556221008,0.025461608604300755,-0.04926419556140898,-0.0606010556221008,5
flow_jump_observation,no_observation_head,mae,informative_observation,5,all,0.6883990406990051,0.6902120232582092,0.0018129825592041015,0.0006053447723388672,0.002053097311059768,0.0018129825592041015,0.0006053447723388672,5
flow_jump_observation,no_observation_head,mae,informative_observation,10,all,0.6907683491706849,0.6910734891891479,0.00030514001846313474,0.00016200542449951172,0.004161440917225612,0.00030514001846313474,0.00016200542449951172,5
flow_jump_observation,no_observation_head,mae,informative_observation,20,all,0.6064669728279114,0.6061246275901795,-0.0003423452377319336,-8.445978164672852e-05,0.001515559379229344,-0.0003423452377319336,-8.445978164672852e-05,5
flow_jump_observation,no_observation_head,mae,informative_observation,40,all,0.6338182926177979,0.6346322655677795,0.0008139729499816895,0.0002676844596862793,0.0016538593474904229,0.0008139729499816895,0.0002676844596862793,5
flow_jump_observation,no_observation_head,mae,informative_observation,80,all,0.5239193379878998,0.5272875607013703,0.003368222713470448,0.004247099161148016,0.004432033224497405,0.003368222713470448,0.004247099161148016,5
flow_jump_observation,no_observation_head,mae,informative_observation,100,all,0.4422411024570465,0.44698319435119627,0.004742091894149769,0.0064153969287872314,0.0036128132762079496,0.004742091894149769,0.0064153969287872314,5
flow_jump_observation,no_observation_head,mae,jumps,5,all,1.1805894374847412,1.181872797012329,0.0012833595275879351,-3.3259391784445924e-05,0.003265198251505712,0.0012833595275879351,-3.3259391784445924e-05,5
flow_jump_observation,no_observation_head,mae,jumps,10,all,1.0783649802207946,1.0791406154632568,0.0007756352424621582,9.512901306152344e-05,0.0016309507246618107,0.0007756352424621582,9.512901306152344e-05,5
flow_jump_observation,no_observation_head,mae,jumps,20,all,1.1312163591384887,1.1309436082839965,-0.0002727508544920987,1.2159347534179688e-05,0.0009537274822673498,-0.0002727508544920987,1.2159347534179688e-05,5
flow_jump_observation,no_observation_head,mae,jumps,40,all,1.104918360710144,1.1049762964248657,5.79357147217241e-05,9.02414321899414e-05,0.0001576634230426729,5.79357147217241e-05,9.02414321899414e-05,5
flow_jump_observation,no_observation_head,mae,jumps,80,all,1.0479094505310058,1.0480615139007567,0.00015206336975097655,8.64267349243164e-05,0.00016893498639537722,0.00015206336975097655,8.64267349243164e-05,5
flow_jump_observation,no_observation_head,mae,jumps,100,all,0.996588921546936,0.9971213102340698,0.0005323886871337891,0.0004222393035888672,0.0005931428504556916,0.0005323886871337891,0.0004222393035888672,5
flow_jump_observation,no_observation_head,mae,misspecified,5,all,1.8390284776687622,1.8273665189743042,-0.011661958694457875,-6.198883056196536e-06,0.026729091997737223,-0.011661958694457875,-6.198883056196536e-06,5
flow_jump_observation,no_observation_head,mae,misspecified,10,all,1.8669105529785157,1.866967248916626,5.669593811021834e-05,0.00014722347259477075,0.00026373475372275625,5.669593811021834e-05,0.00014722347259477075,5
flow_jump_observation,no_observation_head,mae,misspecified,20,all,1.5849903106689454,1.6023372888565064,0.017346978187561035,0.0020673274993896484,0.04629778172325725,0.017346978187561035,0.0020673274993896484,5
flow_jump_observation,no_observation_head,mae,misspecified,40,all,1.674325704574585,1.6755884408950805,0.0012627363204956055,0.0029222965240482957,0.00428885187609702,0.0012627363204956055,0.0029222965240482957,5
flow_jump_observation,no_observation_head,mae,misspecified,80,all,1.4675967693328857,1.4711745023727416,0.003577733039855957,0.010498642921447754,0.012363386588740035,0.003577733039855957,0.010498642921447754,5
flow_jump_observation,no_observation_head,mae,misspecified,100,all,1.6218761444091796,1.6109678506851197,-0.010908293724060148,0.0017632246017453834,0.027588321719493332,-0.010908293724060148,0.0017632246017453834,5
flow_jump_observation,no_observation_head,mae,site_shift,5,all,0.6751914620399475,0.6767417669296265,0.001550304889678955,5.5849552154541016e-05,0.0021512247845034416,0.001550304889678955,5.5849552154541016e-05,5
flow_jump_observation,no_observation_head,mae,site_shift,10,all,0.6825292706489563,0.6888314604759216,0.006302189826965332,9.316205978393555e-05,0.01358998559992947,0.006302189826965332,9.316205978393555e-05,5
flow_jump_observation,no_observation_head,mae,site_shift,20,all,0.6108365774154663,0.6124495506286621,0.0016129732131958008,0.00036269426345825195,0.0023144882940821197,0.0016129732131958008,0.00036269426345825195,5
flow_jump_observation,no_observation_head,mae,site_shift,40,all,0.5980675399303437,0.5984388172626496,0.0003712773323058971,0.00013452768325805664,0.0006792340352627626,0.0003712773323058971,0.00013452768325805664,5
flow_jump_observation,no_observation_head,mae,site_shift,80,all,0.49722321033477784,0.49622865319252013,-0.0009945571422576792,0.00030615925788879395,0.003829036930798189,-0.0009945571422576792,0.00030615925788879395,5
flow_jump_observation,no_observation_head,mae,site_shift,100,all,0.4464406371116638,0.44852811098098755,0.0020874738693237084,0.0014827847480773926,0.001621954919934347,0.0020874738693237084,0.0014827847480773926,5
flow_jump_observation,no_observation_head,mae,smooth,5,all,0.36688383221626275,0.36677074432373047,-0.00011308789253232643,-6.029009819030762e-05,0.00022322987558429647,-0.00011308789253232643,-6.029009819030762e-05,5
flow_jump_observation,no_observation_head,mae,smooth,10,all,0.33712295889854427,0.33805795907974245,0.0009350001811981423,2.8312206268310547e-05,0.0014600213312965119,0.0009350001811981423,2.8312206268310547e-05,5
flow_jump_observation,no_observation_head,mae,smooth,20,all,0.33165609240531924,0.3316520988941193,-3.993511199962274e-06,1.6242265701293945e-05,0.0002025437801499196,-3.993511199962274e-06,1.6242265701293945e-05,5
flow_jump_observation,no_observation_head,mae,smooth,40,all,0.32090837955474855,0.3206303477287292,-0.000278031826019276,6.943941116333008e-06,0.0004632007970697491,-0.000278031826019276,6.943941116333008e-06,5
flow_jump_observation,no_observation_head,mae,smooth,80,all,0.29296875,0.29327683448791503,0.0003080844879150391,0.00042942166328430176,0.00031291784523760404,0.0003080844879150391,0.00042942166328430176,5
flow_jump_observation,no_observation_head,mae,smooth,100,all,0.2915200531482696,0.29236813187599175,0.000848078727722168,0.0004884600639343262,0.0009830701159856707,0.000848078727722168,0.0004884600639343262,5
flow_jump,no_prob_scale,mae,informative_observation,5,all,0.6902120232582092,0.612273120880127,-0.07793890237808228,0.0034801363945007324,0.1386957572330359,-0.07793890237808228,0.0034801363945007324,5
flow_jump_observation,no_prob_scale,mae,informative_observation,5,all,0.6883990406990051,0.612649142742157,-0.07574989795684814,0.003628373146057129,0.1452299495822358,-0.07574989795684814,0.003628373146057129,5
flow_jump,no_prob_scale,mae,informative_observation,10,all,0.6910734891891479,0.6301063656806946,-0.06096712350845337,-0.01449805498123169,0.11607744978279909,-0.06096712350845337,-0.01449805498123169,5
flow_jump_observation,no_prob_scale,mae,informative_observation,10,all,0.6907683491706849,0.6293898582458496,-0.0613784909248352,-0.008790194988250732,0.11625210853571252,-0.0613784909248352,-0.008790194988250732,5
flow_jump,no_prob_scale,mae,informative_observation,20,all,0.6061246275901795,0.467304402589798,-0.13882022500038152,-0.11143329739570623,0.10982464579322297,-0.13882022500038152,-0.11143329739570623,5
flow_jump_observation,no_prob_scale,mae,informative_observation,20,all,0.6064669728279114,0.46724775433540344,-0.13921921849250798,-0.11755448579788208,0.11093935883125564,-0.13921921849250798,-0.11755448579788208,5
flow_jump,no_prob_scale,mae,informative_observation,40,all,0.6346322655677795,0.3887840151786804,-0.24584825038909913,-0.25484204292297363,0.09106925364870667,-0.24584825038909913,-0.25484204292297363,5
flow_jump_observation,no_prob_scale,mae,informative_observation,40,all,0.6338182926177979,0.3892241775989532,-0.2445941150188446,-0.2542088031768799,0.09189469793532222,-0.2445941150188446,-0.2542088031768799,5
flow_jump,no_prob_scale,mae,informative_observation,80,all,0.5272875607013703,0.3665637671947479,-0.1607237935066223,-0.11548182368278503,0.11490696274842804,-0.1607237935066223,-0.11548182368278503,5
flow_jump_observation,no_prob_scale,mae,informative_observation,80,all,0.5239193379878998,0.3666657030582428,-0.157253634929657,-0.11109426617622375,0.11504638833490007,-0.157253634929657,-0.11109426617622375,5
flow_jump,no_prob_scale,mae,informative_observation,100,all,0.44698319435119627,0.37774994373321535,-0.06923325061798094,-0.0696853101253509,0.04214007011890654,-0.06923325061798094,-0.0696853101253509,5
flow_jump_observation,no_prob_scale,mae,informative_observation,100,all,0.4422411024570465,0.3667037546634674,-0.07553734779357912,-0.08124083280563354,0.03293592007279911,-0.07553734779357912,-0.08124083280563354,5
flow_jump,no_prob_scale,mae,jumps,5,all,1.181872797012329,1.0126417756080628,-0.16923102140426635,-0.18590664863586448,0.0961095008277761,-0.16923102140426635,-0.18590664863586448,5
flow_jump_observation,no_prob_scale,mae,jumps,5,all,1.1805894374847412,1.0125074148178101,-0.16808202266693112,-0.18652582168579102,0.0941778451679067,-0.16808202266693112,-0.18652582168579102,5
flow_jump,no_prob_scale,mae,jumps,10,all,1.0791406154632568,0.9738187074661255,-0.10532190799713141,-0.07850128412246715,0.2366603649958921,-0.10532190799713141,-0.07850128412246715,5
flow_jump_observation,no_prob_scale,mae,jumps,10,all,1.0783649802207946,0.9758141756057739,-0.10255080461502072,-0.07309854030609131,0.23903468952255935,-0.10255080461502072,-0.07309854030609131,5
flow_jump,no_prob_scale,mae,jumps,20,all,1.1309436082839965,0.9796226501464844,-0.15132095813751226,-0.19076967239379883,0.15440845570347994,-0.15132095813751226,-0.19076967239379883,5
flow_jump_observation,no_prob_scale,mae,jumps,20,all,1.1312163591384887,0.9810802340507507,-0.150136125087738,-0.1840642690658567,0.1543962661474295,-0.150136125087738,-0.1840642690658567,5
flow_jump,no_prob_scale,mae,jumps,40,all,1.1049762964248657,0.9228949308395386,-0.18208136558532717,-0.07183867692947399,0.29254484212885656,-0.18208136558532717,-0.07183867692947399,5
flow_jump_observation,no_prob_scale,mae,jumps,40,all,1.104918360710144,0.9227030992507934,-0.1822152614593506,-0.07239019870758068,0.292766874275039,-0.1822152614593506,-0.07239019870758068,5
flow_jump,no_prob_scale,mae,jumps,80,all,1.0480615139007567,0.7112921357154847,-0.3367693781852722,-0.32543128728866577,0.11956108504421564,-0.3367693781852722,-0.32543128728866577,5
flow_jump_observation,no_prob_scale,mae,jumps,80,all,1.0479094505310058,0.7107527256011963,-0.3371567249298096,-0.3258521556854248,0.1205980517968676,-0.3371567249298096,-0.3258521556854248,5
flow_jump,no_prob_scale,mae,jumps,100,all,0.9971213102340698,0.7138704061508179,-0.28325090408325193,-0.2510751485824585,0.1129312967083227,-0.28325090408325193,-0.2510751485824585,5
flow_jump_observation,no_prob_scale,mae,jumps,100,all,0.996588921546936,0.7138761281967163,-0.2827127933502197,-0.2509469985961914,0.11326684637422522,-0.2827127933502197,-0.2509469985961914,5
flow_jump,no_prob_scale,mae,misspecified,5,all,1.8273665189743042,1.3840411186218262,-0.443325400352478,-0.5063761472702026,0.1629132606661922,-0.443325400352478,-0.5063761472702026,5
flow_jump_observation,no_prob_scale,mae,misspecified,5,all,1.8390284776687622,1.3771954298019409,-0.4618330478668212,-0.5547510385513306,0.15435616868943375,-0.4618330478668212,-0.5547510385513306,5
flow_jump,no_prob_scale,mae,misspecified,10,all,1.866967248916626,1.2190350532531737,-0.6479321956634522,-0.5438989400863647,0.22832383647594678,-0.6479321956634522,-0.5438989400863647,5
flow_jump_observation,no_prob_scale,mae,misspecified,10,all,1.8669105529785157,1.2228987097740174,-0.6440118432044983,-0.5407246351242063,0.2262494848496914,-0.6440118432044983,-0.5407246351242063,5
flow_jump,no_prob_scale,mae,misspecified,20,all,1.6023372888565064,1.0717966914176942,-0.5305405974388122,-0.658639132976532,0.4297340502854897,-0.5305405974388122,-0.658639132976532,5
flow_jump_observation,no_prob_scale,mae,misspecified,20,all,1.5849903106689454,1.0864948391914369,-0.49849547147750856,-0.6034001111984253,0.39453732308895206,-0.49849547147750856,-0.6034001111984253,5
flow_jump,no_prob_scale,mae,misspecified,40,all,1.6755884408950805,1.1284577608108521,-0.5471306800842284,-0.5506860017776489,0.058012121369646105,-0.5471306800842284,-0.5506860017776489,5
flow_jump_observation,no_prob_scale,mae,misspecified,40,all,1.674325704574585,1.1416547060012818,-0.5326709985733031,-0.5507371425628662,0.0679539265270555,-0.5326709985733031,-0.5507371425628662,5
flow_jump,no_prob_scale,mae,misspecified,80,all,1.4711745023727416,0.8783038496971131,-0.5928706526756287,-0.6293398141860962,0.10838219192930196,-0.5928706526756287,-0.6293398141860962,5
flow_jump_observation,no_prob_scale,mae,misspecified,80,all,1.4675967693328857,0.88005610704422,-0.5875406622886657,-0.6359654068946838,0.11433234496713555,-0.5875406622886657,-0.6359654068946838,5
flow_jump,no_prob_scale,mae,misspecified,100,all,1.6109678506851197,0.9062601685523987,-0.7047076821327208,-0.7055932879447937,0.15769600665176287,-0.7047076821327208,-0.7055932879447937,5
flow_jump_observation,no_prob_scale,mae,misspecified,100,all,1.6218761444091796,0.8990725874900818,-0.7228035569190979,-0.7165214419364929,0.1809354652093628,-0.7228035569190979,-0.7165214419364929,5
flow_jump,no_prob_scale,mae,site_shift,5,all,0.6767417669296265,0.6196645259857178,-0.05707724094390869,-0.10095870494842529,0.08600142651153743,-0.05707724094390869,-0.10095870494842529,5
flow_jump_observation,no_prob_scale,mae,site_shift,5,all,0.6751914620399475,0.6186728835105896,-0.05651857852935791,-0.09602177143096924,0.08389015727247784,-0.05651857852935791,-0.09602177143096924,5
flow_jump,no_prob_scale,mae,site_shift,10,all,0.6888314604759216,0.6267315566539764,-0.06209990382194519,-0.06729662418365479,0.12256238335852382,-0.06209990382194519,-0.06729662418365479,5
flow_jump_observation,no_prob_scale,mae,site_shift,10,all,0.6825292706489563,0.6196348488330841,-0.06289442181587221,-0.06764936447143555,0.14962365667626154,-0.06289442181587221,-0.06764936447143555,5
flow_jump,no_prob_scale,mae,site_shift,20,all,0.6124495506286621,0.4775128424167633,-0.13493670821189882,-0.15165421366691595,0.12046629050249073,-0.13493670821189882,-0.15165421366691595,5
flow_jump_observation,no_prob_scale,mae,site_shift,20,all,0.6108365774154663,0.47868937253952026,-0.13214720487594606,-0.14856985211372375,0.11921392388941811,-0.13214720487594606,-0.14856985211372375,5
flow_jump,no_prob_scale,mae,site_shift,40,all,0.5984388172626496,0.40170820951461794,-0.19673060774803164,-0.22592303156852722,0.08910739260415601,-0.19673060774803164,-0.22592303156852722,5
flow_jump_observation,no_prob_scale,mae,site_shift,40,all,0.5980675399303437,0.40310774445533754,-0.19495979547500614,-0.2257271111011505,0.08931803308731331,-0.19495979547500614,-0.2257271111011505,5
flow_jump,no_prob_scale,mae,site_shift,80,all,0.49622865319252013,0.37824724316596986,-0.1179814100265503,-0.09308668971061712,0.07844314932880075,-0.1179814100265503,-0.09308668971061712,5
flow_jump_observation,no_prob_scale,mae,site_shift,80,all,0.49722321033477784,0.37702887058258056,-0.12019433975219726,-0.09814834594726562,0.07876577711570946,-0.12019433975219726,-0.09814834594726562,5
flow_jump,no_prob_scale,mae,site_shift,100,all,0.44852811098098755,0.38645297288894653,-0.062075138092041,-0.05318829417228699,0.04925242874581879,-0.062075138092041,-0.05318829417228699,5
flow_jump_observation,no_prob_scale,mae,site_shift,100,all,0.4464406371116638,0.38587664365768426,-0.06056399345397954,-0.0519742369651795,0.047167668453947084,-0.06056399345397954,-0.0519742369651795,5
flow_jump,no_prob_scale,mae,smooth,5,all,0.36677074432373047,0.3767686128616333,0.009997868537902821,0.006657242774963323,0.02258986380173726,0.009997868537902821,0.006657242774963323,5
flow_jump_observation,no_prob_scale,mae,smooth,5,all,0.36688383221626275,0.37610158920288084,0.009217756986618041,0.00748974084854126,0.021030627336288625,0.009217756986618041,0.00748974084854126,5
flow_jump,no_prob_scale,mae,smooth,10,all,0.33805795907974245,0.32244331836700435,-0.015614640712738059,-0.01666072010993963,0.013811809285483966,-0.015614640712738059,-0.01666072010993963,5
flow_jump_observation,no_prob_scale,mae,smooth,10,all,0.33712295889854427,0.3228919982910156,-0.014230960607528676,-0.017185598611831665,0.015050300023062306,-0.014230960607528676,-0.017185598611831665,5
flow_jump,no_prob_scale,mae,smooth,20,all,0.3316520988941193,0.31191965341567995,-0.01973244547843931,0.010007739067077692,0.06025708913359976,-0.01973244547843931,0.010007739067077692,5
flow_jump_observation,no_prob_scale,mae,smooth,20,all,0.33165609240531924,0.3161104381084442,-0.015545654296875,0.009881645441055298,0.06136550137042972,-0.015545654296875,0.009881645441055298,5
flow_jump,no_prob_scale,mae,smooth,40,all,0.3206303477287292,0.2791548609733582,-0.041475486755371105,-0.046389371156692505,0.035869385632247015,-0.041475486755371105,-0.046389371156692505,5
flow_jump_observation,no_prob_scale,mae,smooth,40,all,0.32090837955474855,0.2798677802085876,-0.04104059934616092,-0.046105742454528864,0.03623064854489131,-0.04104059934616092,-0.046105742454528864,5
flow_jump,no_prob_scale,mae,smooth,80,all,0.29327683448791503,0.26614001095294954,-0.02713682353496552,-0.0429776459932327,0.029729268275174636,-0.02713682353496552,-0.0429776459932327,5
flow_jump_observation,no_prob_scale,mae,smooth,80,all,0.29296875,0.2666987985372543,-0.026269951462745682,-0.04281072318553919,0.030220808907677376,-0.026269951462745682,-0.04281072318553919,5
flow_jump,no_prob_scale,mae,smooth,100,all,0.29236813187599175,0.28334634900093075,-0.009021782875061057,-0.004400044679641724,0.04166259960440903,-0.009021782875061057,-0.004400044679641724,5
flow_jump_observation,no_prob_scale,mae,smooth,100,all,0.2915200531482696,0.2840100765228271,-0.007509976625442505,-0.0038344562053679865,0.04142860596544615,-0.007509976625442505,-0.0038344562053679865,5
flow_jump,no_representation,mae,informative_observation,5,all,0.6902120232582092,0.7247876763343811,0.03457565307617187,0.02623969316482544,0.1364614919445133,0.03457565307617187,0.02623969316482544,5
flow_jump_observation,no_representation,mae,informative_observation,5,all,0.6883990406990051,0.7220760464668274,0.03367700576782227,0.02182137966156006,0.13685306199202918,0.03367700576782227,0.02182137966156006,5
flow_jump,no_representation,mae,informative_observation,10,all,0.6910734891891479,0.7469545483589173,0.055881059169769286,0.11065351963043213,0.14263925426021434,0.055881059169769286,0.11065351963043213,5
flow_jump_observation,no_representation,mae,informative_observation,10,all,0.6907683491706849,0.7471624612808228,0.05639411211013794,0.11231529712677002,0.14483179380374034,0.05639411211013794,0.11231529712677002,5
flow_jump,no_representation,mae,informative_observation,20,all,0.6061246275901795,0.6660680770874023,0.0599434494972229,0.06475973129272461,0.1554731394066399,0.0599434494972229,0.06475973129272461,5
flow_jump_observation,no_representation,mae,informative_observation,20,all,0.6064669728279114,0.6695423722267151,0.06307539939880372,0.06959539651870728,0.15946065361906167,0.06307539939880372,0.06959539651870728,5
flow_jump,no_representation,mae,informative_observation,40,all,0.6346322655677795,0.6594418704509735,0.02480960488319397,0.04182446002960205,0.13479745514486216,0.02480960488319397,0.04182446002960205,5
flow_jump_observation,no_representation,mae,informative_observation,40,all,0.6338182926177979,0.6611985325813293,0.027380239963531505,0.05116468667984009,0.1345015805977797,0.027380239963531505,0.05116468667984009,5
flow_jump,no_representation,mae,informative_observation,80,all,0.5272875607013703,0.5106088936328887,-0.016678667068481434,-0.07492369413375849,0.14863620123180132,-0.016678667068481434,-0.07492369413375849,5
flow_jump_observation,no_representation,mae,informative_observation,80,all,0.5239193379878998,0.5086910843849182,-0.015228253602981568,-0.071663647890091,0.1494226155514341,-0.015228253602981568,-0.071663647890091,5
flow_jump,no_representation,mae,informative_observation,100,all,0.44698319435119627,0.49139671921730044,0.044413524866104136,0.06797128915786743,0.11333753922734638,0.044413524866104136,0.06797128915786743,5
flow_jump_observation,no_representation,mae,informative_observation,100,all,0.4422411024570465,0.4868245363235474,0.044583433866500856,0.06447976827621466,0.11348093441145964,0.044583433866500856,0.06447976827621466,5
flow_jump,no_representation,mae,jumps,5,all,1.181872797012329,1.1923320412635803,0.010459244251251287,0.02498769760131858,0.15149407058422984,0.010459244251251287,0.02498769760131858,5
flow_jump_observation,no_representation,mae,jumps,5,all,1.1805894374847412,1.1931837320327758,0.012594294548034712,0.028863906860351562,0.14916364069431434,0.012594294548034712,0.028863906860351562,5
flow_jump,no_representation,mae,jumps,10,all,1.0791406154632568,1.1660258769989014,0.08688526153564453,0.1860308647155764,0.25889750939531775,0.08688526153564453,0.1860308647155764,5
flow_jump_observation,no_representation,mae,jumps,10,all,1.0783649802207946,1.1656960368156433,0.08733105659484867,0.18604886531829834,0.25968660756897277,0.08733105659484867,0.18604886531829834,5
flow_jump,no_representation,mae,jumps,20,all,1.1309436082839965,1.238607120513916,0.1076635122299193,0.15124714374542214,0.2197777484815276,0.1076635122299193,0.15124714374542214,5
flow_jump_observation,no_representation,mae,jumps,20,all,1.1312163591384887,1.2386204242706298,0.10740406513214121,0.15126168727874778,0.21957663835024377,0.10740406513214121,0.15126168727874778,5
flow_jump,no_representation,mae,jumps,40,all,1.1049762964248657,1.1847387194633483,0.07976242303848265,0.10309445858001709,0.24624871123492584,0.07976242303848265,0.10309445858001709,5
flow_jump_observation,no_representation,mae,jumps,40,all,1.104918360710144,1.1849942088127137,0.0800758481025696,0.10322976112365745,0.245895144394138,0.0800758481025696,0.10322976112365745,5
flow_jump,no_representation,mae,jumps,80,all,1.0480615139007567,1.0544744372367858,0.006412923336029053,-0.024079978466033936,0.29384942618670223,0.006412923336029053,-0.024079978466033936,5
flow_jump_observation,no_representation,mae,jumps,80,all,1.0479094505310058,1.0313490629196167,-0.01656038761138918,-0.022670209407806396,0.28555801649801005,-0.01656038761138918,-0.022670209407806396,5
flow_jump,no_representation,mae,jumps,100,all,0.9971213102340698,0.9964734554290772,-0.0006478548049926758,0.02914726734161377,0.2873416341182671,-0.0006478548049926758,0.02914726734161377,5
flow_jump_observation,no_representation,mae,jumps,100,all,0.996588921546936,0.996537446975708,-5.1474571228027345e-05,0.03131288290023804,0.28718088721606594,-5.1474571228027345e-05,0.03131288290023804,5
flow_jump,no_representation,mae,misspecified,5,all,1.8273665189743042,1.861292338371277,0.03392581939697261,-0.09213995933532715,0.229009384781674,0.03392581939697261,-0.09213995933532715,5
flow_jump_observation,no_representation,mae,misspecified,5,all,1.8390284776687622,1.8729064226150514,0.03387794494628902,-0.09838318824768022,0.22707163283810947,0.03387794494628902,-0.09838318824768022,5
flow_jump,no_representation,mae,misspecified,10,all,1.866967248916626,1.7521092176437378,-0.11485803127288804,0.09962451457977362,0.43593095549636285,-0.11485803127288804,0.09962451457977362,5
flow_jump_observation,no_representation,mae,misspecified,10,all,1.8669105529785157,1.7590720415115357,-0.10783851146698016,0.09953439235687256,0.43340157714002175,-0.10783851146698016,0.09953439235687256,5
flow_jump,no_representation,mae,misspecified,20,all,1.6023372888565064,1.7560150861740111,0.1536777973175049,0.28640031814575195,0.3383109383859795,0.1536777973175049,0.28640031814575195,5
flow_jump_observation,no_representation,mae,misspecified,20,all,1.5849903106689454,1.7518110752105713,0.1668207645416259,0.2799729108810425,0.29661268982814676,0.1668207645416259,0.2799729108810425,5
flow_jump,no_representation,mae,misspecified,40,all,1.6755884408950805,1.6375717639923095,-0.038016676902770906,0.0642892122268679,0.37818964096186214,-0.038016676902770906,0.0642892122268679,5
flow_jump_observation,no_representation,mae,misspecified,40,all,1.674325704574585,1.6516068935394288,-0.02271881103515625,0.11276900768280029,0.3842640184791062,-0.02271881103515625,0.11276900768280029,5
flow_jump,no_representation,mae,misspecified,80,all,1.4711745023727416,1.6911869287490844,0.22001242637634294,0.34645414352417014,0.29013941414196814,0.22001242637634294,0.34645414352417014,5
flow_jump_observation,no_representation,mae,misspecified,80,all,1.4675967693328857,1.6900177001953125,0.22242093086242676,0.3501654863357544,0.29195664859862913,0.22242093086242676,0.3501654863357544,5
flow_jump,no_representation,mae,misspecified,100,all,1.6109678506851197,1.5723455667495727,-0.038622283935546745,-0.192063450813293,0.44702961096044697,-0.038622283935546745,-0.192063450813293,5
flow_jump_observation,no_representation,mae,misspecified,100,all,1.6218761444091796,1.5695127487182619,-0.05236339569091784,-0.1880016326904297,0.4663184789988288,-0.05236339569091784,-0.1880016326904297,5
flow_jump,no_representation,mae,site_shift,5,all,0.6767417669296265,0.6409789204597474,-0.03576284646987915,0.0334625244140625,0.14110266600484925,-0.03576284646987915,0.0334625244140625,5
flow_jump_observation,no_representation,mae,site_shift,5,all,0.6751914620399475,0.6396993398666382,-0.035492122173309326,0.03316318988800049,0.1430535540596492,-0.035492122173309326,0.03316318988800049,5
flow_jump,no_representation,mae,site_shift,10,all,0.6888314604759216,0.6942980825901032,0.005466622114181507,0.11450493335723877,0.2558511478041567,0.005466622114181507,0.11450493335723877,5
flow_jump_observation,no_representation,mae,site_shift,10,all,0.6825292706489563,0.693666297197342,0.011137026548385609,0.11580759286880493,0.2652487636648844,0.011137026548385609,0.11580759286880493,5
flow_jump,no_representation,mae,site_shift,20,all,0.6124495506286621,0.635309100151062,0.0228595495223999,0.035604774951934814,0.08276443466992389,0.0228595495223999,0.035604774951934814,5
flow_jump_observation,no_representation,mae,site_shift,20,all,0.6108365774154663,0.634762990474701,0.023926413059234618,0.03646343946456909,0.08449343099534364,0.023926413059234618,0.03646343946456909,5
flow_jump,no_representation,mae,site_shift,40,all,0.5984388172626496,0.6611711621284485,0.06273234486579896,0.06392598152160645,0.08439668692716833,0.06273234486579896,0.06392598152160645,5
flow_jump_observation,no_representation,mae,site_shift,40,all,0.5980675399303437,0.6608126997947693,0.06274515986442566,0.06366431713104248,0.0841049377373152,0.06274515986442566,0.06366431713104248,5
flow_jump,no_representation,mae,site_shift,80,all,0.49622865319252013,0.5384215712547302,0.042192918062210094,-0.009633421897888184,0.11144944894905387,0.042192918062210094,-0.009633421897888184,5
flow_jump_observation,no_representation,mae,site_shift,80,all,0.49722321033477784,0.5342258810997009,0.037002670764923105,-0.017749011516571045,0.11182435672093649,0.037002670764923105,-0.017749011516571045,5
flow_jump,no_representation,mae,site_shift,100,all,0.44852811098098755,0.5131644129753112,0.06463630199432376,0.0637761652469635,0.11664213470931188,0.06463630199432376,0.0637761652469635,5
flow_jump_observation,no_representation,mae,site_shift,100,all,0.4464406371116638,0.5108187437057495,0.06437810659408567,0.062200337648391724,0.11691645902067431,0.06437810659408567,0.062200337648391724,5
flow_jump,no_representation,mae,smooth,5,all,0.36677074432373047,0.3822326779365539,0.015461933612823464,0.007821917533874456,0.04271398234310137,0.015461933612823464,0.007821917533874456,5
flow_jump_observation,no_representation,mae,smooth,5,all,0.36688383221626275,0.38217625617980955,0.015292423963546764,0.007453113794326782,0.04256865010220004,0.015292423963546764,0.007453113794326782,5
flow_jump,no_representation,mae,smooth,10,all,0.33805795907974245,0.32841526269912713,-0.009642696380615257,-0.0017468035221100409,0.02372444734801824,-0.009642696380615257,-0.0017468035221100409,5
flow_jump_observation,no_representation,mae,smooth,10,all,0.33712295889854427,0.33057467341423036,-0.006548285484313954,-0.0019315779209136963,0.018544182191218807,-0.006548285484313954,-0.0019315779209136963,5
flow_jump,no_representation,mae,smooth,20,all,0.3316520988941193,0.3190354257822036,-0.0126166731119156,-0.0010576844215393066,0.04087884002064094,-0.0126166731119156,-0.0010576844215393066,5
flow_jump_observation,no_representation,mae,smooth,20,all,0.33165609240531924,0.3190787672996521,-0.012577325105667132,-0.0009095668792724054,0.04055434873853241,-0.012577325105667132,-0.0009095668792724054,5
flow_jump,no_representation,mae,smooth,40,all,0.3206303477287292,0.30819682478904725,-0.012433522939682006,0.0028319358825683594,0.03325604189913189,-0.012433522939682006,0.0028319358825683594,5
flow_jump_observation,no_representation,mae,smooth,40,all,0.32090837955474855,0.30911109447479246,-0.011797285079956065,0.0028280317783355158,0.03262278156032811,-0.011797285079956065,0.0028280317783355158,5
flow_jump,no_representation,mae,smooth,80,all,0.29327683448791503,0.2722581297159195,-0.02101870477199554,-0.020397275686264038,0.015464876658627537,-0.02101870477199554,-0.020397275686264038,5
flow_jump_observation,no_representation,mae,smooth,80,all,0.29296875,0.271857425570488,-0.021111324429512017,-0.0199984610080719,0.01534476718308876,-0.021111324429512017,-0.0199984610080719,5
flow_jump,no_representation,mae,smooth,100,all,0.29236813187599175,0.2677936941385269,-0.02457443773746491,-0.030984088778495816,0.023287968282081798,-0.02457443773746491,-0.030984088778495816,5
flow_jump_observation,no_representation,mae,smooth,100,all,0.2915200531482696,0.2673819094896316,-0.024138143658638006,-0.0301138907670975,0.023099013994082342,-0.024138143658638006,-0.0301138907670975,5
