world,n_train,model,site_or_shift,metric,mean,median,sd,minimum,maximum,n,coverage_abs_error_from_0_90
informative_observation,5,flow_jump,all,coverage_90,0.8462804737388494,0.8356571485177939,0.11715622194262114,0.6705663651010039,0.9640148174281178,5,0.05371952626115062
informative_observation,5,flow_jump_observation,all,coverage_90,0.8467857765611649,0.8358057406077416,0.11660409078258926,0.6723014004213658,0.9641912153819016,5,0.053214223438835084
informative_observation,5,gru_from_scratch,all,coverage_90,0.7822297324112227,0.7349609617052919,0.11975450133160659,0.6731447897264974,0.9711967341178842,5,0.11777026758877729
informative_observation,10,flow_jump,all,coverage_90,0.931390892536965,0.9617623021867804,0.04597407905991047,0.8691890559526744,0.9665095884887736,5,0.03139089253696503
informative_observation,10,flow_jump_observation,all,coverage_90,0.931775530466186,0.961910894276728,0.04586861595072951,0.8695341385260045,0.9665095884887736,5,0.031775530466185975
informative_observation,10,gru_from_scratch,all,coverage_90,0.865997761456667,0.8369830909961444,0.043802483288292185,0.8323955880530425,0.9214195497659674,5,0.03400223854333306
informative_observation,20,flow_jump,all,coverage_90,0.8438931715829956,0.825455446771595,0.06980119884997726,0.7518512097872656,0.9398734974674294,5,0.05610682841700443
informative_observation,20,flow_jump_observation,all,coverage_90,0.8445118147605403,0.8278597100012393,0.06986821595303078,0.7508853612026053,0.939974296298163,5,0.05548818523945975
informative_observation,20,gru_from_scratch,all,coverage_90,0.8586468744323333,0.8423190272171178,0.06412563563753482,0.7932800705813156,0.9528009475090088,5,0.04135312556766668
informative_observation,40,flow_jump,all,coverage_90,0.9231308771286206,0.9149805592015652,0.03737689170471651,0.8728370717278777,0.9651014606411136,5,0.02313087712862061
informative_observation,40,flow_jump_observation,all,coverage_90,0.9232185827027408,0.9150053245498898,0.037270491259736284,0.8732314518116835,0.9653220272522302,5,0.023218582702740798
informative_observation,40,gru_from_scratch,all,coverage_90,0.928029429528458,0.9294930533197948,0.025887658358056183,0.8995316736504807,0.955396517400398,5,0.028029429528457994
informative_observation,80,flow_jump,all,coverage_90,0.908542677233703,0.8863304002974346,0.03515674915303507,0.8808725659354203,0.9519189577400902,5,0.008542677233702944
informative_observation,80,flow_jump_observation,all,coverage_90,0.9081523724929899,0.8864543313917462,0.03509867267953939,0.8797140744392408,0.950684172063604,5,0.008152372492989834
informative_observation,80,gru_from_scratch,all,coverage_90,0.9184407774198655,0.9163178880110948,0.027383773012118553,0.8886369238353463,0.9531908636408196,5,0.018440777419865495
informative_observation,100,flow_jump,all,coverage_90,0.9061507379362927,0.9064086763618436,0.02216321465197782,0.8793185999042411,0.928541331019953,5,0.006150737936292727
informative_observation,100,flow_jump_observation,all,coverage_90,0.9064073332918203,0.9061128912989894,0.021171745030555827,0.8813345765189123,0.9282934688313298,5,0.006407333291820305
informative_observation,100,gru_from_scratch,all,coverage_90,0.9154756924111525,0.918042888834114,0.00845959247197599,0.9061888605463236,0.9258651112636016,5,0.01547569241115243
jumps,5,flow_jump,all,coverage_90,0.8261069337058137,0.8382458266762162,0.07889831326956234,0.7402990829225303,0.9086916193801832,5,0.07389306629418635
jumps,5,flow_jump_observation,all,coverage_90,0.8219105074573377,0.8152443391548675,0.07911712852831129,0.7406571011539202,0.9106012658227848,5,0.07808949254266229
jumps,5,gru_from_scratch,all,coverage_90,0.7290242921210982,0.7150725675415164,0.1286183794228612,0.5563274348384979,0.916657573112178,5,0.17097570787890182
jumps,10,flow_jump,all,coverage_90,0.8318289348309875,0.8156332904849164,0.07285669164429968,0.736130240758085,0.9164393278044524,5,0.0681710651690125
jumps,10,flow_jump_observation,all,coverage_90,0.8296312129294169,0.8157426906982469,0.07559280648421315,0.7293813013057132,0.916357485814055,5,0.07036878707058314
jumps,10,gru_from_scratch,all,coverage_90,0.8352963864105252,0.8732615460879624,0.07297125839742896,0.7196848658476117,0.8945056743780009,5,0.06470361358947485
jumps,20,flow_jump,all,coverage_90,0.8786331118187085,0.887563930749665,0.03132435283978801,0.826631383675251,0.9083483817196832,5,0.02136688818129151
jumps,20,flow_jump_observation,all,coverage_90,0.8793221479341963,0.887563930749665,0.030246319720370195,0.8292503273679616,0.9083483817196832,5,0.020677852065803748
jumps,20,gru_from_scratch,all,coverage_90,0.873720751941055,0.8781911817355622,0.044239159866517316,0.8058707987778263,0.9177107931657176,5,0.026279248058944993
jumps,40,flow_jump,all,coverage_90,0.8966157208225967,0.9028262767350502,0.01431229876608269,0.8714163752031064,0.9061208748829266,5,0.00338427917740336
jumps,40,flow_jump_observation,all,coverage_90,0.8967530884668278,0.9029081187254474,0.014299229584783087,0.871609154250778,0.90639634179935,5,0.0032469115331722476
jumps,40,gru_from_scratch,all,coverage_90,0.9002585258167135,0.8986407023493695,0.027172785308199845,0.8615918877621892,0.9270839072227426,5,0.00025852581671348407
jumps,80,flow_jump,all,coverage_90,0.8923340831633656,0.8922072510070843,0.025876493261002068,0.859767012750957,0.9204495853339152,5,0.007665916836634423
jumps,80,flow_jump_observation,all,coverage_90,0.8923389852330134,0.8920961244617308,0.02588844345080193,0.8601525708463,0.920695111305107,5,0.007661014766986662
jumps,80,gru_from_scratch,all,coverage_90,0.9117940945048655,0.9255688391824142,0.02234440197496855,0.8846630497645341,0.9313891313836752,5,0.01179409450486546
jumps,100,flow_jump,all,coverage_90,0.9033790660253198,0.9117099597166272,0.024893536636465836,0.8774998622665418,0.9337079877782628,5,0.003379066025319788
jumps,100,flow_jump_observation,all,coverage_90,0.9034721230250404,0.9116266148076122,0.02486750952326912,0.8776651424163958,0.933680707114797,5,0.003472123025040408
jumps,100,gru_from_scratch,all,coverage_90,0.9012569143854133,0.8982578016027132,0.010834596168815448,0.8911079279378546,0.9183489742470536,5,0.0012569143854133102
misspecified,5,flow_jump,all,coverage_90,0.737265738942422,0.7547827800216728,0.08250453092027615,0.6146185826162622,0.8157489823344954,5,0.16273426105757804
misspecified,5,flow_jump_observation,all,coverage_90,0.7494566350255778,0.7569303516894887,0.05371721628838808,0.6892971091559509,0.8025758714834013,5,0.15054336497442222
misspecified,5,gru_from_scratch,all,coverage_90,0.7431800130842673,0.756753598348363,0.06404108860571696,0.6530213671081891,0.8244083958369672,5,0.15681998691573273
misspecified,10,flow_jump,all,coverage_90,0.762040845146809,0.7420198848770277,0.08291373150129135,0.6772140675795488,0.89538982918801,5,0.137959154853191
misspecified,10,flow_jump_observation,all,coverage_90,0.7622241713225998,0.7420392658487897,0.08328700807359424,0.6772140675795488,0.8963441949243325,5,0.13777582867740024
misspecified,10,gru_from_scratch,all,coverage_90,0.8106843984580785,0.7751419656181561,0.07120338967374452,0.7510393502852171,0.8945916658457295,5,0.08931560154192153
misspecified,20,flow_jump,all,coverage_90,0.8819066764246685,0.8878229354419831,0.055232843800952704,0.8028765638853315,0.94175771052886,5,0.018093323575331555
misspecified,20,flow_jump_observation,all,coverage_90,0.8826251756770755,0.887842316413745,0.05306707500948456,0.8089646340262043,0.9418157207773372,5,0.017374824322924476
misspecified,20,gru_from_scratch,all,coverage_90,0.8475007056284799,0.8218697665254655,0.05885789359025551,0.7927828116962766,0.91263656579329,5,0.05249929437152012
misspecified,40,flow_jump,all,coverage_90,0.8979487106480699,0.9014019143381996,0.020955199534625005,0.8622402274896286,0.9160170933407192,5,0.002051289351930108
misspecified,40,flow_jump_observation,all,coverage_90,0.9000944043956742,0.90349028328338,0.018197033764467276,0.8693882320861656,0.9162149329323784,5,9.4404395674208e-05
misspecified,40,gru_from_scratch,all,coverage_90,0.9087243765513472,0.9072012609595114,0.014363393350628539,0.8902067949686997,0.9305650234696063,5,0.008724376551347168
misspecified,80,flow_jump,all,coverage_90,0.8871848562193394,0.894511929727377,0.012925388009884289,0.8728415353379096,0.9002462811545661,5,0.01281514378066062
misspecified,80,flow_jump_observation,all,coverage_90,0.8871133328698313,0.8933644600957543,0.013242335199160495,0.8721454123561829,0.8989459166584572,5,0.012886667130168727
misspecified,80,gru_from_scratch,all,coverage_90,0.8811086209110652,0.8771020456613777,0.009264758825783976,0.8728802062135396,0.8939808885824057,5,0.01889137908893479
misspecified,100,flow_jump,all,coverage_90,0.9204126612916197,0.9243659241087326,0.007585065730112764,0.9106343392057678,0.9283186696316348,5,0.02041266129161967
misspecified,100,flow_jump_observation,all,coverage_90,0.9205591148826235,0.923614133660428,0.007340495871989648,0.9107118630928156,0.9291501498598086,5,0.02055911488262352
misspecified,100,gru_from_scratch,all,coverage_90,0.9079360435099891,0.904008230127013,0.012761681898194937,0.8916409868790821,0.9253408102098036,5,0.00793604350998911
site_shift,5,flow_jump,all,coverage_90,0.8266778381926188,0.8471916873018445,0.10318820744605371,0.7158788791379432,0.9623241358039336,5,0.07332216180738127
site_shift,5,flow_jump,site_0,coverage_90,0.7554571179722726,0.7552870090634441,0.1310765120153774,0.6016798812497737,0.9189760114572144,5,0.14454288202772747
site_shift,5,flow_jump,site_1,coverage_90,0.7420599458305934,0.7348637758308381,0.11773259100069099,0.6114526663423121,0.8986752042393464,5,0.1579400541694066
site_shift,5,flow_jump,site_1_minus_site_0,coverage_90,-0.013397172141679181,-0.020423233232606,0.0358601628964251,-0.0435826365190776,0.0484256156963673,5,0.9133971721416791
site_shift,5,flow_jump_observation,all,coverage_90,0.8263413075136917,0.8471916873018445,0.10387413525365362,0.7153377408653507,0.963083347173124,5,0.0736586924863083
site_shift,5,flow_jump_observation,site_0,coverage_90,0.7662107569779798,0.7556226921785835,0.11999729676911168,0.6164150465225734,0.9197636949516648,5,0.13378924302202022
site_shift,5,flow_jump_observation,site_1,coverage_90,0.7533775249943022,0.735078185649329,0.10348402567757446,0.6583587656832824,0.8991756826378156,5,0.1466224750056978
site_shift,5,flow_jump_observation,site_1_minus_site_0,coverage_90,-0.012833231983677579,-0.0205880123138493,0.03261920967981267,-0.0356211674270854,0.044277161510001,5,0.9128332319836776
site_shift,5,gru_from_scratch,all,coverage_90,0.8044464830127689,0.7415472911990002,0.10837938830001079,0.7159875934019456,0.9708415383520368,5,0.09555351698723114
site_shift,10,flow_jump,all,coverage_90,0.8905922295338339,0.9103811269326566,0.05032939891349831,0.8270546745451572,0.936875044114533,5,0.009407770466166143
site_shift,10,flow_jump,site_0,coverage_90,0.8854301117995647,0.866784948621276,0.0461562882723051,0.8460333445227705,0.9626532887402452,5,0.014569888200435366
site_shift,10,flow_jump,site_1,coverage_90,0.880758235669993,0.8545079855744462,0.050993454506509904,0.8352519315367269,0.961423916729326,5,0.019241764330007016
site_shift,10,flow_jump,site_1_minus_site_0,coverage_90,-0.004671876129571559,-0.0059288207270217,0.008773528586067716,-0.0138777706859355,0.0084579957620621,5,0.9046718761295716
site_shift,10,flow_jump_observation,all,coverage_90,0.8843951480407602,0.9055596075571136,0.04492076981905631,0.8268211224513627,0.9315048992858668,5,0.015604851959239774
site_shift,10,flow_jump_observation,site_0,coverage_90,0.8852904821795768,0.8659347970725216,0.04635620844614614,0.8460333445227705,0.9628390932738758,5,0.014709517820423179
site_shift,10,flow_jump_observation,site_1,coverage_90,0.8809009232064513,0.8559137410760286,0.05112817894601023,0.834490407008983,0.961475518598788,5,0.01909907679354872
site_shift,10,flow_jump_observation,site_1_minus_site_0,coverage_90,-0.0043895589731254205,-0.0043082424542256,0.008916532890205983,-0.0135356482052791,0.0088026079827527,5,0.9043895589731255
site_shift,10,gru_from_scratch,all,coverage_90,0.8609770290697114,0.8339677616429344,0.04357693452745165,0.8255474625732521,0.9150648189539562,5,0.039022970930288614
site_shift,20,flow_jump,all,coverage_90,0.8596053640916785,0.8528846821411215,0.054945343246974594,0.8063113868132901,0.9480177465657548,5,0.040394635908321486
site_shift,20,flow_jump,site_0,coverage_90,0.8774903780420562,0.8603164042285799,0.04654349769351844,0.8462198351422924,0.9599713569638382,5,0.022509621957943815
site_shift,20,flow_jump,site_1,coverage_90,0.8340483321874025,0.8040589996672951,0.07625325260750213,0.7773305615757736,0.9672481048060646,5,0.06595166781259754
site_shift,20,flow_jump,site_1_minus_site_0,coverage_90,-0.043442045854653624,-0.0421608354749972,0.032955441458815515,-0.0809005792640629,0.0072767478422264,5,0.9434420458546536
site_shift,20,flow_jump_observation,all,coverage_90,0.8589431302675881,0.8512184397491379,0.0554591684578455,0.8048310540908877,0.9481126479869036,5,0.04105686973241196
site_shift,20,flow_jump_observation,site_0,coverage_90,0.8772501748807844,0.8611296915644742,0.04549100329508335,0.8453992764163962,0.9577157178660938,5,0.02274982511921564
site_shift,20,flow_jump_observation,site_1,coverage_90,0.8347287113540285,0.8030239177849248,0.07415021324316647,0.7822474825659398,0.9650033119894016,5,0.06527128864597154
site_shift,20,flow_jump_observation,site_1_minus_site_0,coverage_90,-0.04252146352675596,-0.0423753586314714,0.03209548970749241,-0.0788822089985343,0.0072875941233078,5,0.942521463526756
site_shift,20,gru_from_scratch,all,coverage_90,0.8668813339658316,0.8498223654800837,0.051684237518607526,0.823956862835852,0.9525730147808964,5,0.033118666034168465
site_shift,40,flow_jump,all,coverage_90,0.8986197223645167,0.9026505004934442,0.04215382325531028,0.8442294786049849,0.953877909321692,5,0.001380277635483318
site_shift,40,flow_jump,site_0,coverage_90,0.9178590906380544,0.914282546019073,0.03116130244311634,0.8697729988052568,0.9477517651430696,5,0.017859090638054353
site_shift,40,flow_jump,site_1,coverage_90,0.890182104458496,0.9005078383749172,0.054830318539707275,0.7952766981306681,0.9280692026172784,5,0.00981789554150403
site_shift,40,flow_jump,site_1_minus_site_0,coverage_90,-0.027676986179558237,-0.0153122452958914,0.026300330522221572,-0.0744963006745886,-0.0135988569347855,5,0.9276769861795583
site_shift,40,flow_jump_observation,all,coverage_90,0.8981306990736384,0.9028619765966446,0.04268351232921076,0.8436740644743237,0.9539728107428408,5,0.0018693009263616167
site_shift,40,flow_jump_observation,site_0,coverage_90,0.9185873723079763,0.9150375939849624,0.030715500727978736,0.8712573766337207,0.9479375696767,5,0.018587372307976247
site_shift,40,flow_jump_observation,site_1,coverage_90,0.8905810806707668,0.9007139177154633,0.05458100370200331,0.7961576901721266,0.928549776348379,5,0.009418919329233222
site_shift,40,flow_jump_observation,site_1_minus_site_0,coverage_90,-0.02800629163720934,-0.0154284415472608,0.026435978231894607,-0.0750996864615941,-0.0143236762694991,5,0.9280062916372094
site_shift,40,gru_from_scratch,all,coverage_90,0.9205318316317749,0.9063865783166504,0.025499553705164026,0.896676553705304,0.9525018387150348,5,0.020531831631774855
site_shift,80,flow_jump,all,coverage_90,0.9010501690245677,0.8867897927534188,0.02563682380267914,0.8794637643926477,0.9331188817662168,5,0.001050169024567671
site_shift,80,flow_jump,site_0,coverage_90,0.9062280576308218,0.9053618623511096,0.010817530719726055,0.8940914158305463,0.9227928835179592,5,0.006228057630821793
site_shift,80,flow_jump,site_1,coverage_90,0.8803760486190294,0.8917786414954655,0.025527911534852614,0.8509074557329677,0.9105984991312706,5,0.019623951380970617
site_shift,80,flow_jump,site_1_minus_site_0,coverage_90,-0.02585200901179252,-0.0169605953501549,0.015986427646345065,-0.0433378843688964,-0.0121943843866885,5,0.9258520090117925
site_shift,80,flow_jump_observation,all,coverage_90,0.901859211557427,0.8867427980638188,0.026289584703195246,0.8799542237896163,0.9332114507879938,5,0.0018592115574269652
site_shift,80,flow_jump_observation,site_0,coverage_90,0.9054335579316151,0.9062307664458202,0.011077563401299527,0.893719806763285,0.922680989146246,5,0.005433557931615041
site_shift,80,flow_jump_observation,site_1,coverage_90,0.8785438718408045,0.8873702804151027,0.026501162498465708,0.8506199596031079,0.9105763188052196,5,0.02145612815919551
site_shift,80,flow_jump_observation,site_1_minus_site_0,coverage_90,-0.02688968609081046,-0.019110206516512,0.016597478247777853,-0.0464959438772464,-0.0121046703410262,5,0.9268896860908105
site_shift,80,gru_from_scratch,all,coverage_90,0.9185386032511683,0.91520598545985,0.02926433445509185,0.8846019104561272,0.9545486103075606,5,0.018538603251168295
site_shift,100,flow_jump,all,coverage_90,0.9069715820221145,0.9031926571221712,0.019758092237221535,0.8820789120767946,0.9271481798616094,5,0.006971582022114453
site_shift,100,flow_jump,site_0,coverage_90,0.9070358206535121,0.9046822742474916,0.010229926848715484,0.8963485136697624,0.9234124343904784,5,0.007035820653512048
site_shift,100,flow_jump,site_1,coverage_90,0.8637689086496947,0.8598207909055434,0.01575365058130664,0.845203504491516,0.88831389968536,5,0.03623109135030533
site_shift,100,flow_jump,site_1_minus_site_0,coverage_90,-0.043266912003817284,-0.0456659533133503,0.016261805184087492,-0.0635916434849348,-0.020595987719151,5,0.9432669120038173
site_shift,100,flow_jump_observation,all,coverage_90,0.906125033978063,0.90153443725623,0.019684351756541995,0.8819377455709009,0.9273796024160514,5,0.006125033978062966
site_shift,100,flow_jump_observation,site_0,coverage_90,0.9065753186126461,0.9040876997398736,0.010485624765900781,0.8958263399351013,0.9232645819472168,5,0.006575318612646042
site_shift,100,flow_jump_observation,site_1,coverage_90,0.8612468513853786,0.8582054344140239,0.015906713553902597,0.845417914310007,0.8879363316675921,5,0.038753148614621424
site_shift,100,flow_jump_observation,site_1_minus_site_0,coverage_90,-0.04532846722726748,-0.0458822653258498,0.015470229040489603,-0.0637603888667198,-0.0210097600741985,5,0.9453284672272675
site_shift,100,gru_from_scratch,all,coverage_90,0.9125418000908454,0.914916972230656,0.012788722461843415,0.8917488177305132,0.922913147115318,5,0.012541800090845379
smooth,5,flow_jump,all,coverage_90,0.8747052489252894,0.8700452538029552,0.050851415465452826,0.8254121943122718,0.9588054962500684,5,0.025294751074710575
smooth,5,flow_jump_observation,all,coverage_90,0.8743000545577722,0.869690856550897,0.050893006272131766,0.825190881929844,0.9585317786171784,5,0.025699945442227867
smooth,5,gru_from_scratch,all,coverage_90,0.8826481864427317,0.8556051600887403,0.054075636095602585,0.8350915550696911,0.9674549734493896,5,0.017351813557268336
smooth,10,flow_jump,all,coverage_90,0.8509502022418225,0.8673838068648382,0.0474987744925927,0.775102487018311,0.9014053336284163,5,0.04904979775817753
smooth,10,flow_jump_observation,all,coverage_90,0.8492144202054821,0.8633054141347786,0.04681664113883198,0.7749931675321126,0.9013500055328096,5,0.05078557979451792
smooth,10,gru_from_scratch,all,coverage_90,0.8503684826025151,0.8424432905165345,0.039806228278725105,0.7951770953084798,0.9018651913122072,5,0.04963151739748495
smooth,20,flow_jump,all,coverage_90,0.8650119316056042,0.8524399690162665,0.044219524102625966,0.8138172661082826,0.914074883848046,5,0.03498806839439583
smooth,20,flow_jump_observation,all,coverage_90,0.8638437279263147,0.8513887351997345,0.04555392715807482,0.8093282969288882,0.9138015851325498,5,0.036156272073685325
smooth,20,gru_from_scratch,all,coverage_90,0.8865885564729592,0.8824737750267043,0.04567989539009845,0.8171839929928286,0.9330691445750204,5,0.013411443527040823
smooth,40,flow_jump,all,coverage_90,0.9027146747094564,0.8922485338054664,0.038807467224028454,0.8656561801428494,0.9670991405266328,5,0.0027146747094564105
smooth,40,flow_jump_observation,all,coverage_90,0.9027122184076063,0.8933550957176054,0.03880199765716245,0.8648110790033259,0.9667706793671648,5,0.0027122184076062705
smooth,40,gru_from_scratch,all,coverage_90,0.898249991460734,0.8965917893106119,0.024691431789808687,0.8686697159760073,0.9315660016397924,5,0.0017500085392659903
smooth,80,flow_jump,all,coverage_90,0.900825026810417,0.9029789559989068,0.019437044669765913,0.8755394489321677,0.9279848907866644,5,0.0008250268104169622
smooth,80,flow_jump_observation,all,coverage_90,0.8995184769051257,0.8999453402569008,0.019561564655900962,0.8755671129799713,0.9279848907866644,5,0.00048152309487436984
smooth,80,gru_from_scratch,all,coverage_90,0.9153920414961523,0.9218536158099304,0.014798892298241115,0.8922761978532698,0.926898742844622,5,0.015392041496152253
smooth,100,flow_jump,all,coverage_90,0.8966640072639247,0.8948262167565939,0.010238566567844859,0.8851207094761044,0.9131348898970898,5,0.0033359927360753217
smooth,100,flow_jump_observation,all,coverage_90,0.8979392637169898,0.8968843946433451,0.010902291874145808,0.883314173099031,0.913439194422928,5,0.0020607362830101783
smooth,100,gru_from_scratch,all,coverage_90,0.9095688069450812,0.9053983730930404,0.011825481434450969,0.8959872995018339,0.9259433440300984,5,0.00956880694508122
informative_observation,5,flow_jump,all,nll,136.95089309721834,1.6607051839703462,213.79586854390206,1.0978036155674435,490.1761425290116,5,
informative_observation,5,flow_jump_observation,all,nll,132.41444349256614,1.6756179381686211,201.09023444804916,1.0909579766881692,457.2337510849941,5,
informative_observation,5,gru_from_scratch,all,nll,2.0194890499035454,1.6207508274014464,1.0949746972220011,1.0743970302967358,3.664989838897795,5,
informative_observation,10,flow_jump,all,nll,4.506254113646527,1.1509694556961898,6.596458977577108,0.8949835026550776,16.188938263342393,5,
informative_observation,10,flow_jump_observation,all,nll,3.173267448421562,1.169486536894388,3.705893285896951,0.8947194991982749,9.608053050447554,5,
informative_observation,10,gru_from_scratch,all,nll,1.1527301529222171,0.9736962007295028,0.425140561591908,0.7432722577291221,1.711230447636664,5,
informative_observation,20,flow_jump,all,nll,6.691351077923952,1.4569083834688046,11.41247641739356,1.16005710710151,27.089248637607238,5,
informative_observation,20,flow_jump_observation,all,nll,5.972918255946617,1.460910133177308,9.883952961414575,1.1689737356126462,23.63732270349012,5,
informative_observation,20,gru_from_scratch,all,nll,1.0376138358652978,1.0353874838492487,0.17147320459257817,0.8044397316723547,1.2624923711810456,5,
informative_observation,40,flow_jump,all,nll,1.0408614655428485,1.028101914162846,0.11439338566419958,0.8955898869783292,1.1822926509206857,5,
informative_observation,40,flow_jump_observation,all,nll,1.0415127931518937,1.0316842535420196,0.11104167406846482,0.9003239234539523,1.1763089550768784,5,
informative_observation,40,gru_from_scratch,all,nll,0.8842778029250808,0.9030517844379092,0.19487259651034153,0.6252766860049487,1.1571277910233362,5,
informative_observation,80,flow_jump,all,nll,0.808788043285387,0.7945671416981107,0.17535430709641409,0.6113481165539527,1.038581177805527,5,
informative_observation,80,flow_jump_observation,all,nll,0.8015596847739452,0.7932735792914014,0.1709136368287383,0.6132223172241971,1.0399017339231236,5,
informative_observation,80,gru_from_scratch,all,nll,0.6913748763122005,0.5680701693446204,0.22207529429712447,0.5420662850430817,1.0705289977899095,5,
informative_observation,100,flow_jump,all,nll,0.6650333359591876,0.6251963803364935,0.08306743243809711,0.5795683188579258,0.7891554410781146,5,
informative_observation,100,flow_jump_observation,all,nll,0.6585114841392261,0.624205332777829,0.07937437447137098,0.5803045573552545,0.7769560064855415,5,
informative_observation,100,gru_from_scratch,all,nll,0.5677452260111279,0.5597859017782922,0.05747956242047269,0.4843764512406588,0.6409017676657192,5,
jumps,5,flow_jump,all,nll,4.661894959885299,3.1434903721529768,4.491353102619745,1.7369722684695093,12.553083064316096,5,
jumps,5,flow_jump_observation,all,nll,5.141002223222519,3.128840514234072,4.568290456173275,1.6938513582707722,12.683229007001923,5,
jumps,5,gru_from_scratch,all,nll,5.943223031759451,3.643739391268616,6.235490792674155,1.4566529839219555,16.82183988649501,5,
jumps,10,flow_jump,all,nll,2.8798877332062007,1.903917866805077,1.9110131692084793,1.491340361759692,6.040915136415474,5,
jumps,10,flow_jump_observation,all,nll,2.9797700469365087,1.976707618602363,2.0802927617105236,1.4912245364430388,6.468993338872235,5,
jumps,10,gru_from_scratch,all,nll,1.7807299284235796,1.3370965867682942,0.7227493714520354,1.2821336918221478,2.9258699567784765,5,
jumps,20,flow_jump,all,nll,10.351078405512677,1.8499082472717177,19.270706436150476,1.4010709118669054,44.821794455090384,5,
jumps,20,flow_jump_observation,all,nll,9.684466240546504,1.8200979539554727,17.797565349052576,1.3978232872079708,41.51984477550454,5,
jumps,20,gru_from_scratch,all,nll,1.433039697190617,1.5801917849422529,0.2595926947849112,1.126423479345199,1.6954468564339342,5,
jumps,40,flow_jump,all,nll,10.288374791329437,1.6666395460549157,19.610550820929653,1.1941839708344713,45.36664769817167,5,
jumps,40,flow_jump_observation,all,nll,10.139642531712848,1.6665432367170483,19.279290922169746,1.1935210479983758,44.62530347024945,5,
jumps,40,gru_from_scratch,all,nll,1.2567776486627635,1.1885131067467296,0.19414006117144852,1.135063984120659,1.599550537163542,5,
jumps,80,flow_jump,all,nll,1.4124520756254164,1.4094685081630092,0.1645396808466142,1.2010649161292155,1.6308542703539843,5,
jumps,80,flow_jump_observation,all,nll,1.4149568566822395,1.4115700937272802,0.16701906522758603,1.199734930258861,1.6307077683536573,5,
jumps,80,gru_from_scratch,all,nll,1.293639925897313,1.215248150552022,0.16726410704305295,1.1318020176366526,1.533865398710583,5,
jumps,100,flow_jump,all,nll,1.2747564707913726,1.2979846055915774,0.08860688508015342,1.1513125432958506,1.366593629972803,5,
jumps,100,flow_jump_observation,all,nll,1.2731292205123728,1.2956589763018571,0.08821913095125933,1.15080588997267,1.364320607910615,5,
jumps,100,gru_from_scratch,all,nll,1.1629786912259603,1.1745811688578909,0.07669860515993505,1.0661992536035734,1.237603867479798,5,
misspecified,5,flow_jump,all,nll,66.56405228058784,8.084814257084464,129.58802356015005,3.3921081077665973,298.20704846656423,5,
misspecified,5,flow_jump_observation,all,nll,22.07442285535374,6.843056815911071,36.1387759337741,3.3916068606045084,86.64065478582688,5,
misspecified,5,gru_from_scratch,all,nll,4.780481353737814,3.786761243572476,2.9191147371182713,2.247880871368006,9.533517913566936,5,
misspecified,10,flow_jump,all,nll,7.2180740807896715,4.123174515315521,7.187757792372861,2.6518659859933984,19.88405313563056,5,
misspecified,10,flow_jump_observation,all,nll,4.285956737384069,4.222737815713175,1.324600319946337,2.6524164183222223,5.995130558876355,5,
misspecified,10,gru_from_scratch,all,nll,2.543437563886438,2.2073669032095924,0.5927277946529611,2.040006869809323,3.42558623892956,5,
misspecified,20,flow_jump,all,nll,4.865370658156735,2.327030592494044,5.706166251161792,1.9515356504088788,15.06004118916304,5,
misspecified,20,flow_jump_observation,all,nll,6.627608020463941,2.3291002168496253,9.557402952539043,2.235150259172104,23.722519977125657,5,
misspecified,20,gru_from_scratch,all,nll,2.137287978495054,2.0123080851348054,0.49294702038242116,1.6801697925766046,2.909374343642241,5,
misspecified,40,flow_jump,all,nll,2.5091544914048094,2.490352932105514,0.7145653351395435,1.892204778411981,3.680317656256682,5,
misspecified,40,flow_jump_observation,all,nll,3.256914810562131,2.459249019357664,1.9867433221974615,1.8607646643118645,6.642396034307779,5,
misspecified,40,gru_from_scratch,all,nll,1.8179925002505155,1.724694860870596,0.2095668558874989,1.6260147675330388,2.14395577220048,5,
misspecified,80,flow_jump,all,nll,9.755515887902053,2.0426434493630774,17.3017677507084,1.7342562575109537,40.70197494603948,5,
misspecified,80,flow_jump_observation,all,nll,8.59621591846448,2.147629059877361,14.53591471689441,1.8146693827211864,34.59271838046177,5,
misspecified,80,gru_from_scratch,all,nll,1.6824503308420073,1.6521698369424311,0.16069778261975537,1.4595051959775558,1.8820481446157051,5,
misspecified,100,flow_jump,all,nll,1.882503310269702,1.9352229066086732,0.15086106868799193,1.6576345620618655,2.052905134708473,5,
misspecified,100,flow_jump_observation,all,nll,1.9367363095384267,1.9465419777787976,0.23298929429699206,1.662661123041968,2.248224329206766,5,
misspecified,100,gru_from_scratch,all,nll,1.6327522396166319,1.6873639404815357,0.12948562939203978,1.4582011928793617,1.7840282770756148,5,
site_shift,5,flow_jump,all,nll,1.8982376909806753,1.825653516828472,0.8367700640704097,1.1449098993208362,3.226535940343076,5,
site_shift,5,flow_jump,site_0,nll,13.463172750526544,2.178237652452492,24.404268112705182,1.284843912443121,57.03340212107659,5,
site_shift,5,flow_jump,site_1,nll,18.434996429415975,7.565014532004347,27.521618107047992,1.558127557688319,67.19288536838596,5,
site_shift,5,flow_jump,site_1_minus_site_0,nll,4.971823678889431,2.477738919257299,4.545505866183574,0.2732836452451979,10.159483247309367,5,
site_shift,5,flow_jump_observation,all,nll,1.9103625254404704,1.8837877131638936,0.8368239121477343,1.1371751926377172,3.2285499971137366,5,
site_shift,5,flow_jump_observation,site_0,nll,16.515985299291202,2.25801083609648,31.288194238404593,1.285019421133221,72.42834928411055,5,
site_shift,5,flow_jump_observation,site_1,nll,61.12545305069945,7.907943324645345,121.58685077950884,1.529537091999,278.49912372974865,5,
site_shift,5,flow_jump_observation,site_1_minus_site_0,nll,44.609467751408246,3.1637835288829192,90.34119802085827,0.2445176708657788,206.0707744456381,5,
site_shift,5,gru_from_scratch,all,nll,1.5098674164776602,1.753688278275264,0.3932101010350769,1.058807361742483,1.849763675866493,5,
site_shift,10,flow_jump,all,nll,1.5906448825066324,1.4262687822865634,0.5899228814479105,1.0548837632381431,2.353570802723507,5,
site_shift,10,flow_jump,site_0,nll,1.1128671063267728,1.0615562669446834,0.19195590236047558,0.9216728665739676,1.4209086033541474,5,
site_shift,10,flow_jump,site_1,nll,2.874701362643952,1.3586888700009276,3.7324507246239396,0.9852353691598714,9.542866895002112,5,
site_shift,10,flow_jump,site_1_minus_site_0,nll,1.76183425631718,0.2748056238726082,3.5606471985229895,-0.0201535579175111,8.121958291647966,5,
site_shift,10,flow_jump_observation,all,nll,1.574914529962682,1.416401642310191,0.5331749340333435,1.0594368908363792,2.2171793696922544,5,
site_shift,10,flow_jump_observation,site_0,nll,1.1183081700210562,1.0609613219169065,0.19474549755300594,0.9308849864863764,1.4311217776048024,5,
site_shift,10,flow_jump_observation,site_1,nll,2.7276364860454843,1.3861052981593154,3.324178562335916,0.988715165701788,8.659809637482695,5,
site_shift,10,flow_jump_observation,site_1_minus_site_0,nll,1.609328316024428,0.3817164092942509,3.148706278093875,-0.0145779840626465,7.228687859877892,5,
site_shift,10,gru_from_scratch,all,nll,1.1772705164730892,1.0349429846533778,0.3289657517581734,0.8718902397443128,1.6312572227130382,5,
site_shift,20,flow_jump,all,nll,2.9881445321401214,2.014625663479529,3.2102178438519315,1.0513621112855185,8.654603840200947,5,
site_shift,20,flow_jump,site_0,nll,1.3619228711754623,0.9559049513233032,0.9196371244348087,0.7203151016110202,2.952746736775681,5,
site_shift,20,flow_jump,site_1,nll,7.8182736292955095,1.7101305087837648,12.757342046596719,0.9621049691836332,30.451861353599856,5,
site_shift,20,flow_jump,site_1_minus_site_0,nll,6.456350758120047,0.8729529094364423,12.685445523965159,0.0062000178603298,29.10839138677987,5,
site_shift,20,flow_jump_observation,all,nll,2.9695769186089156,2.130547760642264,3.1145328472212173,1.0510251184130015,8.455253714369464,5,
site_shift,20,flow_jump_observation,site_0,nll,1.2888804158124008,0.952491805571556,0.8190386910544729,0.7244621422104891,2.7167298618347075,5,
site_shift,20,flow_jump_observation,site_1,nll,7.187547866334434,1.8062642525221544,11.560399005811366,0.9639496992029372,27.7143155828935,5,
site_shift,20,flow_jump_observation,site_1_minus_site_0,nll,5.898667450522033,0.9731695885433026,11.533055862980559,0.0114578936313812,26.4966919774271,5,
site_shift,20,gru_from_scratch,all,nll,0.989501953611666,0.9865569978909826,0.1389647571968655,0.8415473146921553,1.2037011022810256,5,
site_shift,40,flow_jump,all,nll,1.5013968737820054,1.0761397729294608,0.9417136223035144,0.9732271979617108,3.175011246693403,5,
site_shift,40,flow_jump,site_0,nll,0.8337951195404931,0.7886797126483756,0.22534550249869376,0.6359128046304295,1.1953001783532933,5,
site_shift,40,flow_jump,site_1,nll,1.1074409719516667,1.1415293103562765,0.2630506602711402,0.8165197112020232,1.3928348470002965,5,
site_shift,40,flow_jump,site_1_minus_site_0,nll,0.27364585241117334,0.195079030924877,0.33005588479061937,-0.053770867997017,0.7569220423698667,5,
site_shift,40,flow_jump_observation,all,nll,1.4547439487540184,1.0747008178544064,0.9154189604901757,0.9734435821252811,3.0896316503028,5,
site_shift,40,flow_jump_observation,site_0,nll,0.8297852023404075,0.7887196668603256,0.22073296984267776,0.6337806968428945,1.1819799638297772,5,
site_shift,40,flow_jump_observation,site_1,nll,1.096783871953643,1.131205176800696,0.25669005847846876,0.8160897060473369,1.3817014843176996,5,
site_shift,40,flow_jump_observation,site_1_minus_site_0,nll,0.26699866961323526,0.1896012732109616,0.3237887175039857,-0.0507747870290813,0.7479207874748051,5,
site_shift,40,gru_from_scratch,all,nll,0.8895642013373068,0.8534821797255061,0.18537566230074407,0.658709988036933,1.1670369821438438,5,
site_shift,80,flow_jump,all,nll,0.8207964626405448,0.7735633991458573,0.18650089472818257,0.6277713934677668,1.0333425893181425,5,
site_shift,80,flow_jump,site_0,nll,1.050048588049495,0.7493335495761064,0.8342925064561736,0.5015448944529786,2.5208834584773028,5,
site_shift,80,flow_jump,site_1,nll,1.1685224699403154,1.0325213563860989,0.5215164633171514,0.6428189454080453,1.9424761275078168,5,
site_shift,80,flow_jump,site_1_minus_site_0,nll,0.11847388189082046,0.1412740509550667,0.8635693005205484,-1.1020927746364595,1.3380161362789609,5,
site_shift,80,flow_jump_observation,all,nll,0.8222000146796511,0.7816785067508575,0.18835464121678644,0.6242103614330448,1.034641787648748,5,
site_shift,80,flow_jump_observation,site_0,nll,1.1511786673092754,0.7495768803335977,1.045582070765866,0.501152028133094,3.0007956572702823,5,
site_shift,80,flow_jump_observation,site_1,nll,1.1516640356956227,1.181994465475211,0.4472022156348257,0.6433896452634343,1.766800138643165,5,
site_shift,80,flow_jump_observation,site_1_minus_site_0,nll,0.00048536838634718473,0.1422376171303403,1.0204560351659846,-1.641237884020495,1.1722116864821537,5,
site_shift,80,gru_from_scratch,all,nll,0.7070256761682023,0.6174393274790493,0.19664393292946528,0.5984872967152939,1.0562578781311451,5,
site_shift,100,flow_jump,all,nll,0.6902440343524794,0.674080760767464,0.0846502514169216,0.5970980911272896,0.7926143220357744,5,
site_shift,100,flow_jump,site_0,nll,0.5796174813255075,0.591955588652991,0.10575373025339477,0.4578628063545849,0.6857301941680426,5,
site_shift,100,flow_jump,site_1,nll,1.0036081448314047,0.7769320663011873,0.39018901915985144,0.6668210833537251,1.5166187209014872,5,
site_shift,100,flow_jump,site_1_minus_site_0,nll,0.42399066350589704,0.2918229678005399,0.30261891533846713,0.1371041464442077,0.8391890019502154,5,
site_shift,100,flow_jump_observation,all,nll,0.6873242733310116,0.6713552599391572,0.08279061360583005,0.5985233979402776,0.7884855589757126,5,
site_shift,100,flow_jump_observation,site_0,nll,0.5768420695239278,0.5916137917707726,0.10208695313929549,0.4586144929650035,0.6872725621197431,5,
site_shift,100,flow_jump_observation,site_1,nll,1.036820300400748,0.7792533972967347,0.4408920807177568,0.6687112113034239,1.6584990086334186,5,
site_shift,100,flow_jump_observation,site_1_minus_site_0,nll,0.45997823087682016,0.2932822949369897,0.3611509495239893,0.1396292324262351,0.9977606102290434,5,
site_shift,100,gru_from_scratch,all,nll,0.6123544099106704,0.598395766190907,0.04721457796927897,0.558560100131054,0.677570971625627,5,
smooth,5,flow_jump,all,nll,1.1717404628014152,0.8827435284440225,0.8192122746775824,0.6376036126134025,2.6147755781614404,5,
smooth,5,flow_jump_observation,all,nll,1.1949678523142524,0.8858010350832708,0.8619954680433181,0.6418083174654626,2.7151570706664074,5,
smooth,5,gru_from_scratch,all,nll,0.5964749299933256,0.6080704224029532,0.12393345739458747,0.4355345874846919,0.766879412740705,5,
smooth,10,flow_jump,all,nll,0.9063392849871477,0.814806586085246,0.24658930494751793,0.7324489490838143,1.3277556579182617,5,
smooth,10,flow_jump_observation,all,nll,0.8702826010671091,0.815107816154273,0.13006500369489168,0.7539918526299387,1.0772328065825545,5,
smooth,10,gru_from_scratch,all,nll,0.5492425742282682,0.4682621512914626,0.2637497080818564,0.3136777086547525,0.9208483553036092,5,
smooth,20,flow_jump,all,nll,0.7239308461934737,0.5613220659300916,0.4077472732259656,0.442555220808836,1.4307104079393482,5,
smooth,20,flow_jump_observation,all,nll,0.7268673339806921,0.5611292783645156,0.4094126745851087,0.4403542090758029,1.4343356437451014,5,
smooth,20,gru_from_scratch,all,nll,0.30969724150787703,0.3000935865196011,0.11261656273439839,0.1393204854866273,0.4295064882304373,5,
smooth,40,flow_jump,all,nll,0.47236989161803056,0.4137302668040533,0.18695578590058085,0.341182109818225,0.7932542027957226,5,
smooth,40,flow_jump_observation,all,nll,0.4728337891094817,0.4136118237876579,0.18538219083019647,0.3423874436727,0.7913918763488601,5,
smooth,40,gru_from_scratch,all,nll,0.20498904349313216,0.2060073263480971,0.1087851726794511,0.0516001681250998,0.3575695480521149,5,
smooth,80,flow_jump,all,nll,0.3271329171676748,0.3065377619786503,0.09472494338785745,0.2466994448595994,0.4898253252105519,5,
smooth,80,flow_jump_observation,all,nll,0.3181772343623311,0.3025974639045254,0.07873702050611053,0.2424246526273319,0.4497263570526044,5,
smooth,80,gru_from_scratch,all,nll,0.2010861291071385,0.1964075390604489,0.1061909245786853,0.0941766941346186,0.3737666954704923,5,
smooth,100,flow_jump,all,nll,1.302130678550631,0.2475901530432291,2.3059651151209666,0.2457840549713077,5.42649137286465,5,
smooth,100,flow_jump_observation,all,nll,1.8433443707169161,0.247750688131875,3.519951744264459,0.2409985006760793,8.139560790847503,5,
smooth,100,gru_from_scratch,all,nll,0.1358971089748743,0.1360462118732092,0.02280437540906124,0.1006630471374575,0.1626372231599013,5,
