world,n_train,cohort_seed,subset_seed,model_seed,flow_jump,gru_from_scratch,representation_linear,delta_vs_gru,delta_vs_representation_linear,relative_vs_gru,relative_vs_representation_linear,beats_gru,beats_representation_linear,beats_both
informative_observation,5,101,201,301,0.6580477356910706,0.5628321766853333,0.6038936737622393,-0.0952155590057373,-0.05415406192883121,-0.16917220256753404,-0.08967482900003412,False,False,False
informative_observation,5,102,202,302,0.7140229344367981,0.5450028777122498,0.685791001752338,-0.16902005672454834,-0.028231932684460115,-0.3101269069147694,-0.04116696283900151,False,False,False
informative_observation,5,103,203,303,0.7770689725875854,0.4819954931735992,0.6810699024762922,-0.29507347941398626,-0.09599907011129327,-0.6121913660875462,-0.14095332911093508,False,False,False
informative_observation,5,104,204,304,0.6417275071144104,0.6354004740715027,0.8167798561868759,-0.006327033042907715,0.17505234907246547,-0.009957551656147683,0.21432011054936476,False,True,False
informative_observation,5,105,205,305,0.6601929664611816,0.6397309303283691,0.7203572139822414,-0.0204620361328125,0.060164247521059755,-0.03198537879403375,0.08352001805946092,False,True,False
informative_observation,10,101,201,301,0.6535772085189819,0.5645266771316528,0.8722036968957041,-0.0890505313873291,0.21862648837672216,-0.1577437081269442,0.2506598964838657,False,True,False
informative_observation,10,102,202,302,0.7221207022666931,0.571218729019165,0.6942731158109383,-0.15090197324752808,-0.027847586455754803,-0.2641754648112477,-0.04011042026771802,False,False,False
informative_observation,10,103,203,303,0.7304108142852783,0.4947981238365173,0.6437418831745032,-0.23561269044876104,-0.08666893111077512,-0.4761794337898665,-0.13463304684073385,False,False,False
informative_observation,10,104,204,304,0.6494200229644775,0.5222994685173035,0.7032618201990067,-0.12712055444717407,0.0538417972345292,-0.24338633697645176,0.07656010277835533,False,True,False
informative_observation,10,105,205,305,0.6998386979103088,0.5708054304122925,0.7441718446868097,-0.12903326749801636,0.04433314677650091,-0.226054730076439,0.05957380286962999,False,True,False
informative_observation,20,101,201,301,0.4550245404243469,0.5395485162734985,0.6356110197995603,0.08452397584915161,0.18058647937521333,0.15665685902156423,0.284114771062593,True,True,True
informative_observation,20,102,202,302,0.7258992791175842,0.5385496020317078,0.6550130274624995,-0.18734967708587646,-0.07088625165508478,-0.34787822027737014,-0.10822113253181537,False,False,False
informative_observation,20,103,203,303,0.6414108872413635,0.5149378776550293,0.604992393501083,-0.12647300958633423,-0.0364184937402805,-0.2456082861145862,-0.06019661425745728,False,False,False
informative_observation,20,104,204,304,0.6144658327102661,0.5724104642868042,0.7252367673480876,-0.042055368423461914,0.1107709346378215,-0.07347064920600442,0.152737615665665,False,True,False
informative_observation,20,105,205,305,0.5938225984573364,0.5509177446365356,0.6073416892829152,-0.04290485382080078,0.013519090825578783,-0.07787887436645732,0.022259448123083225,False,True,False
informative_observation,40,101,201,301,0.6810365319252014,0.6723111867904663,0.6033120039837567,-0.008725345134735107,-0.07772452794144469,-0.012978134688474943,-0.1288297388883668,False,False,False
informative_observation,40,102,202,302,0.4581494331359863,0.4595746099948883,0.6317204278506015,0.001425176858902033,0.17357099471461518,0.003101078318747602,0.27475919261497084,True,True,True
informative_observation,40,103,203,303,0.7127693891525269,0.6130922436714172,0.6202999805829827,-0.09967714548110962,-0.09246940856954411,-0.16258099251787458,-0.14907208038703734,False,False,False
informative_observation,40,104,204,304,0.6291261315345764,0.5999733209609985,0.6949111390683058,-0.02915281057357788,0.0657850075337294,-0.04859017818806141,0.09466679095391951,False,True,False
informative_observation,40,105,205,305,0.6920798420906067,0.5751873254776001,0.5971551584863685,-0.11689251661300659,-0.09492468360423822,-0.20322512585955585,-0.15896150649497423,False,False,False
informative_observation,80,101,201,301,0.3800892829895019,0.4817033410072326,0.6145139455776611,0.10161405801773071,0.23442466258815925,0.21094738061242763,0.38147980900220774,True,True,True
informative_observation,80,102,202,302,0.4491568505764007,0.5037611126899719,0.6642979694871005,0.05460426211357122,0.2151411189106998,0.10839316639983711,0.3238623762117001,True,True,True
informative_observation,80,103,203,303,0.6849482655525208,0.593447744846344,0.6174568863708148,-0.09150052070617676,-0.067491379181706,-0.15418462956644674,-0.10930541171610474,False,False,False
informative_observation,80,104,204,304,0.6028361916542053,0.5057581067085266,0.681886313807047,-0.09707808494567871,0.07905012215284168,-0.19194568244780655,0.11592859477043332,False,True,False
informative_observation,80,105,205,305,0.5194072127342224,0.4503128826618194,0.6506729426841016,-0.06909433007240301,0.13126572994987917,-0.15343627227358755,0.20173841778081744,False,True,False
informative_observation,100,101,201,301,0.3930202722549438,0.4804427623748779,0.645936902292351,0.08742249011993408,0.2529166300374072,0.18196234175283596,0.39155005564759815,True,True,True
informative_observation,100,102,202,302,0.4404313266277313,0.473755419254303,0.6611373166285508,0.033324092626571655,0.22070599000081947,0.07034028798873519,0.33382776081420246,True,True,True
informative_observation,100,103,203,303,0.4865238070487976,0.4814415276050567,0.7052247860593769,-0.0050822794437409,0.21870097901057928,-0.010556379440350379,0.3101152757727457,False,True,False
informative_observation,100,104,204,304,0.4151743352413177,0.5104515552520752,0.6568577945877507,0.0952772200107575,0.24168345934643304,0.18665281559129926,0.3679387857429865,True,True,True
informative_observation,100,105,205,305,0.4997662305831909,0.4452402591705322,0.6708987217733413,-0.05452597141265869,0.1711324911901504,-0.1224641534308662,0.2550794712170675,False,True,False
jumps,5,101,201,301,1.1140356063842771,1.047789216041565,1.153495650697458,-0.06624639034271218,0.03946004431318095,-0.06322492093685018,0.034209096748064494,False,True,False
jumps,5,102,202,302,1.3710919618606567,0.9483969211578368,1.1513453503854447,-0.42269504070281994,-0.21974661147521202,-0.4456942354755631,-0.19086072775787538,False,False,False
jumps,5,103,203,303,1.1596946716308594,1.0188871622085571,1.0635451928210666,-0.14080750942230225,-0.09614947880979274,-0.13819735358828694,-0.09040469503205131,False,False,False
jumps,5,104,204,304,1.0432686805725098,1.1439683437347412,1.310408170012783,0.10069966316223145,0.2671394894402732,0.08802661691972595,0.20385975572608592,True,True,True
jumps,5,105,205,305,1.2212730646133425,1.01966655254364,1.0906610883801922,-0.2016065120697026,-0.13061197623315035,-0.19771807907867428,-0.11975486943164923,False,False,False
jumps,10,101,201,301,0.9720093607902528,1.0373624563217163,1.1594036484122094,0.06535309553146351,0.18739428762195665,0.06299928740740508,0.1616298929873052,True,True,True
jumps,10,102,202,302,1.3379908800125122,0.9772605299949646,1.0754730122041845,-0.3607303500175476,-0.26251786780832775,-0.3691240349381616,-0.24409526304179105,False,False,False
jumps,10,103,203,303,0.927580177783966,0.9091449975967408,1.0046987950946855,-0.01843518018722512,0.07711861731071956,-0.02027749174879385,0.07675794744379254,False,True,False
jumps,10,104,204,304,1.0645458698272705,1.086135745048523,1.215675623776212,0.02158987522125244,0.15112975394894157,0.01987769514047981,0.12431749966285606,True,True,True
jumps,10,105,205,305,1.0935767889022827,0.9394769072532654,1.1543665767876303,-0.15409988164901733,0.06078978788534761,-0.16402732250179183,0.05266073109506804,False,True,False
jumps,20,101,201,301,1.0411261320114136,1.009593486785889,1.0577279751319717,-0.03153264522552468,0.016601843120558124,-0.0312330117401124,0.015695758749773758,False,True,False
jumps,20,102,202,302,1.352005958557129,1.099557876586914,1.2041212452578125,-0.25244808197021484,-0.1478847132993164,-0.2295905357468104,-0.12281546719795068,False,False,False
jumps,20,103,203,303,1.0728731155395508,1.0006980895996094,1.0381694539622734,-0.0721750259399414,-0.034703661577277334,-0.07212467645343407,-0.03342774288419629,False,False,False
jumps,20,104,204,304,1.000491738319397,1.0570728778839111,1.152064170110218,0.05658113956451416,0.15157243179082114,0.05352624284314289,0.1315659628372265,True,True,True
jumps,20,105,205,305,1.188221096992493,0.9268466234207152,1.1007066504712666,-0.2613744735717777,-0.08751444652122631,-0.2820040198313743,-0.07950751136441038,False,False,False
jumps,40,101,201,301,0.9127888679504396,1.0265518426895142,1.081347516747304,0.1137629747390746,0.16855864879686433,0.11082048661178312,0.15587833345554736,True,True,True
jumps,40,102,202,302,1.375932216644287,0.9583219885826112,1.014345139668522,-0.4176102280616759,-0.3615870769757652,-0.43577235317258534,-0.3564734160346333,False,False,False
jumps,40,103,203,303,1.0622025728225708,1.00283682346344,1.1121720395891983,-0.05936574935913086,0.0499694667666275,-0.059197815606833,0.044929619688231566,False,True,False
jumps,40,104,204,304,1.1195999383926392,1.1821904182434082,1.0795335656557463,0.06259047985076904,-0.04006637273689284,0.05294449936734466,-0.037114522430393475,True,False,False
jumps,40,105,205,305,1.054357886314392,0.9574882984161376,1.1555272465040207,-0.0968695878982545,0.10116936018962863,-0.10117051880267852,0.08755255273790431,False,True,False
jumps,80,101,201,301,0.929795503616333,0.9849666953086852,1.0148283873622994,0.055171191692352184,0.0850328837459664,0.0560132560371107,0.08379040713177172,True,True,True
jumps,80,102,202,302,1.1937865018844604,0.964678168296814,1.0613619244986408,-0.22910833358764648,-0.1324245773858197,-0.2374971686071722,-0.12476853967450693,False,False,False
jumps,80,103,203,303,1.0122064352035522,1.130927324295044,1.0311972441561603,0.1187208890914917,0.018990808952608074,0.10497658562233039,0.018416272018015774,True,True,True
jumps,80,104,204,304,0.9739654064178468,1.063030481338501,1.1129473754795045,0.08906507492065419,0.13898196906165772,0.0837841214190858,0.12487739503566235,True,True,True
jumps,80,105,205,305,1.1305537223815918,1.1772217750549316,1.0906566859043956,0.046668052673339844,-0.039897036477196224,0.039642532666508155,-0.03658074717078615,True,False,False
jumps,100,101,201,301,0.9227391481399536,1.0167900323867798,1.0795581871973683,0.09405088424682617,0.15681903905741468,0.09249784247594775,0.145262238679817,True,True,True
jumps,100,102,202,302,1.1255658864974976,0.9506186842918396,1.0438699162859897,-0.17494720220565796,-0.08169597021150787,-0.1840350974544376,-0.07826259664822602,False,False,False
jumps,100,103,203,303,0.9693376421928406,0.9512614011764526,0.9951057524681954,-0.01807624101638794,0.02576811027535486,-0.01900239092433744,0.02589484606177918,False,True,False
jumps,100,104,204,304,0.9490113854408264,1.0609986782073977,1.1458814546352034,0.11198729276657127,0.196870069194377,0.10554894654136474,0.1718066632442808,True,True,True
jumps,100,105,205,305,1.018952488899231,0.9183709621429444,1.073890485733108,-0.10058152675628651,0.05493799683387701,-0.10952167577422924,0.05115791373863671,False,True,False
misspecified,5,101,201,301,1.7882914543151855,1.7570005655288696,1.520712561005484,-0.03129088878631592,-0.26757889330970164,-0.017809265062414557,-0.1759562590400256,False,False,False
misspecified,5,102,202,302,1.925134539604187,1.8122715950012207,1.5386746622681011,-0.11286294460296631,-0.3864598773360859,-0.06227705875558365,-0.25116412638290947,False,False,False
misspecified,5,103,203,303,1.6679874658584597,1.40517258644104,1.4857958993694178,-0.26281487941741966,-0.1821915664890419,-0.1870338789365837,-0.12262220306730236,False,False,False
misspecified,5,104,204,304,2.040388822555542,1.6289554834365845,1.6168068518300438,-0.4114333391189575,-0.4235819707254982,-0.25257494345453957,-0.2619867489094637,False,False,False
misspecified,5,105,205,305,1.715030312538147,1.7113497257232666,1.6091877605900071,-0.003680586814880371,-0.10584255194813985,-0.0021506923801473993,-0.0657738981990099,False,False,False
misspecified,10,101,201,301,1.9850255250930784,1.9787540435791016,2.033206025440509,-0.006271481513976829,0.04818050034743071,-0.003169409323168427,0.023696811707506153,False,True,False
misspecified,10,102,202,302,1.8272113800048828,1.5742131471633911,1.4823534312700126,-0.2529982328414917,-0.3448579487348702,-0.16071408963733705,-0.2326421900878333,False,False,False
misspecified,10,103,203,303,1.9419660568237305,1.3364825248718262,1.364809418566736,-0.6054835319519043,-0.5771566382569944,-0.4530426104972622,-0.42288441917634134,False,False,False
misspecified,10,104,204,304,1.7318998575210571,1.434821844100952,1.578573577844515,-0.2970780134201052,-0.15332627967654222,-0.20704871105879485,-0.09712963768588076,False,False,False
misspecified,10,105,205,305,1.8487334251403809,1.9955406188964844,1.4261000248100362,0.14680719375610352,-0.4226334003303447,0.07356762992741614,-0.2963560710873991,True,False,False
misspecified,20,101,201,301,1.169053077697754,2.004335403442383,1.4627754635582575,0.8352823257446289,0.2937223858605036,0.416737799626778,0.200797998857605,True,True,True
misspecified,20,102,202,302,2.0020952224731445,1.548796772956848,1.5149118386594982,-0.4532984495162966,-0.48718338381364634,-0.2926778112088217,-0.3215919048099465,False,False,False
misspecified,20,103,203,303,1.853951930999756,1.517324924468994,1.6239867460568185,-0.33662700653076216,-0.2299651849429376,-0.2218555835353254,-0.14160533360343805,False,False,False
misspecified,20,104,204,304,1.6055229902267456,1.830463409423828,1.4083136475940174,0.2249404191970823,-0.19720934263272816,0.12288714324417249,-0.14003225983760317,True,False,False
misspecified,20,105,205,305,1.3810632228851318,1.1872289180755615,1.3928351830269987,-0.1938343048095703,0.011771960141866877,-0.1632661585802391,0.008451796942896933,False,True,False
misspecified,40,101,201,301,1.6145573854446411,1.725574612617493,1.6199835205868156,0.11101722717285178,0.005426135142174493,0.06433638184120695,0.003349500209859514,True,True,True
misspecified,40,102,202,302,2.07169771194458,1.526286244392395,1.5844773911910497,-0.5454114675521851,-0.4872203207535304,-0.357345464886444,-0.30749591219303385,False,False,False
misspecified,40,103,203,303,1.6408222913742063,1.4753167629241943,1.4948204800729687,-0.16550552845001198,-0.14600181130123757,-0.11218304611544368,-0.09767180290044633,False,False,False
misspecified,40,104,204,304,1.4403154850006104,1.577712893486023,1.4420512090045805,0.1373974084854126,0.0017357240039701516,0.08708644586267356,0.0012036493524860935,True,True,True
misspecified,40,105,205,305,1.6105493307113647,1.7789686918258667,1.4345853389463694,0.16841936111450195,-0.17596399176499533,0.09467247056587749,-0.12265843445342332,True,False,False
misspecified,80,101,201,301,1.5875558853149414,1.6624064445495603,1.476889158453758,0.07485055923461892,-0.1106667268611834,0.04502542653153643,-0.07493231718015107,True,False,False
misspecified,80,102,202,302,1.5088491439819336,1.3784090280532837,1.3858543122327731,-0.1304401159286499,-0.12299483174916048,-0.09463092106475061,-0.08875018872005488,False,False,False
misspecified,80,103,203,303,1.4919977188110352,1.4554532766342163,1.4132125449987134,-0.03654444217681885,-0.07878517381232175,-0.025108633003547234,-0.05574899125481049,False,False,False
misspecified,80,104,204,304,1.3519927263259888,1.6129120588302612,1.4482607408062775,0.26091933250427246,0.09626801448028877,0.16176910022825425,0.06647146592311431,True,True,True
misspecified,80,105,205,305,1.4154770374298096,1.3060896396636963,1.4578696845352346,-0.10938739776611328,0.04239264710542501,-0.08375183022987559,0.02907848867091278,False,True,False
misspecified,100,101,201,301,1.593286633491516,1.7376083135604858,1.483432108163594,0.14432168006896995,-0.10985452532792195,0.08305765973992398,-0.07405429929915412,True,False,False
misspecified,100,102,202,302,1.849901795387268,1.479658603668213,1.5072390490462648,-0.3702431917190552,-0.34266274634100324,-0.25022203824665196,-0.2273446581402133,False,False,False
misspecified,100,103,203,303,1.5518194437026978,1.48825204372406,1.4509940082662134,-0.0635673999786377,-0.10082543543648437,-0.04271279199427316,-0.06948714802548375,False,False,False
misspecified,100,104,204,304,1.590121507644653,1.5729796886444092,1.4569227104921108,-0.01714181900024392,-0.13319879715254235,-0.010897673456302989,-0.09142475176843887,False,False,False
misspecified,100,105,205,305,1.469709873199463,1.3862758874893188,1.53608755762916,-0.08343398571014404,0.06637768442969705,-0.06018570074190005,0.04321217504824152,False,True,False
site_shift,5,101,201,301,0.6235316395759583,0.5821981430053711,0.6716185003861899,-0.04133349657058716,0.04808686081023161,-0.07099558297664621,0.0715984755967577,False,True,False
site_shift,5,102,202,302,0.6703136563301086,0.6041045784950256,0.754711308949085,-0.06620907783508301,0.08439765261897636,-0.10959870226447588,0.11182773017738107,False,True,False
site_shift,5,103,203,303,0.8202094435691833,0.534636378288269,0.7152788830183647,-0.2855730652809143,-0.10493056055081862,-0.5341444706685055,-0.14669880943224287,False,False,False
site_shift,5,104,204,304,0.6487753391265869,0.6399419903755188,0.864139948633551,-0.008833348751068115,0.21536460950696412,-0.013803358560491858,0.24922422559854604,False,True,False
site_shift,5,105,205,305,0.6208787560462952,0.6843644976615906,0.7411351427057296,0.06348574161529541,0.12025638665943439,0.09276597753422372,0.16225972799023325,True,True,True
site_shift,10,101,201,301,0.6172940135002136,0.5766952037811279,0.985325939554727,-0.04059880971908569,0.3680319260545134,-0.07039907641488567,0.37351287658257387,False,True,False
site_shift,10,102,202,302,0.6975852251052856,0.5901274085044861,0.7152247532156544,-0.10745781660079956,0.01763952811036873,-0.18209257026905687,0.024662916140781362,False,True,False
site_shift,10,103,203,303,0.82134610414505,0.4915823638439178,0.6926485740557711,-0.32976374030113226,-0.12869753008927898,-0.6708209336936983,-0.18580494483038731,False,False,False
site_shift,10,104,204,304,0.634263277053833,0.5659048557281494,0.770573197700452,-0.0683584213256836,0.13630992064661895,-0.12079490153468794,0.17689418870705034,False,True,False
site_shift,10,105,205,305,0.6736686825752258,0.6157352328300476,0.8406049362898504,-0.05793344974517822,0.16693625371462462,-0.09408824874110906,0.19859061790836668,False,True,False
site_shift,20,101,201,301,0.5464963316917419,0.5513187050819397,0.6814352966760036,0.004822373390197754,0.1349389649842616,0.00874697946169091,0.19802168399917788,True,True,True
site_shift,20,102,202,302,0.7399477958679199,0.5789262056350708,0.706629228986023,-0.16102159023284912,-0.03331856688189694,-0.2781383683542388,-0.04715141337941453,False,False,False
site_shift,20,103,203,303,0.5858566164970398,0.5235104560852051,0.6593958294723401,-0.06234616041183472,0.0735392129753003,-0.11909248361161183,0.1115251411798398,False,True,False
site_shift,20,104,204,304,0.6139944791793823,0.5848695039749146,0.740696376030529,-0.029124975204467773,0.12670189685114663,-0.0497973907111371,0.17105780580452634,False,True,False
site_shift,20,105,205,305,0.5759525299072266,0.5894859433174133,0.6384475022669328,0.013533413410186768,0.06249497235970625,0.0229579917275476,0.09788584360938936,True,True,True
site_shift,40,101,201,301,0.6594340801239014,0.5965940952301025,0.6467163267476079,-0.06283998489379883,-0.01271775337629344,-0.10533122167352636,-0.01966511877046945,False,False,False
site_shift,40,102,202,302,0.4101747572422027,0.4675082564353943,0.6646562346034788,0.057333499193191584,0.2544814773612761,0.12263633508922765,0.38287683784850807,True,True,True
site_shift,40,103,203,303,0.6271836161613464,0.5948143601417542,0.6639267674477088,-0.032369256019592285,0.03674315128636241,-0.05441908970031953,0.055342174902228675,False,True,False
site_shift,40,104,204,304,0.6206902265548706,0.6017172932624817,0.7187251160466968,-0.018972933292388916,0.09803488949182615,-0.031531307982721586,0.13640109035156725,False,True,False
site_shift,40,105,205,305,0.6747114062309265,0.5976113080978394,0.6437667242036121,-0.07710009813308716,-0.030944682027314374,-0.12901378720307705,-0.048068160195131666,False,False,False
site_shift,80,101,201,301,0.4038529396057129,0.494154542684555,0.6469585851755516,0.09030160307884211,0.2431056455698387,0.18273959921175187,0.37576693646297654,True,True,True
site_shift,80,102,202,302,0.4404965043067932,0.4740393757820129,0.6949756356518716,0.03354287147521967,0.2544791313450784,0.07075967353953391,0.36616986019428244,True,True,True
site_shift,80,103,203,303,0.6408675312995911,0.5903971791267395,0.660669838790228,-0.05047035217285156,0.01980230749063694,-0.08548542228386424,0.02997307630525033,False,True,False
site_shift,80,104,204,304,0.4650972187519073,0.5228040218353271,0.7150270567760177,0.057706803083419855,0.24992983802411045,0.11037941690050034,0.34953899388229864,True,True,True
site_shift,80,105,205,305,0.5308290719985962,0.4662465155124664,0.6890890352791975,-0.06458255648612982,0.15825996328060132,-0.13851590164731864,0.22966547888326114,False,True,False
site_shift,100,101,201,301,0.420740932226181,0.4948897957801819,0.697726356817821,0.07414886355400091,0.27698542459164005,0.14982904110420586,0.3969828886139699,True,True,True
site_shift,100,102,202,302,0.4207600653171539,0.465676337480545,0.6897172566740079,0.04491627216339111,0.268957191356854,0.0964538426118068,0.3899528230652572,True,True,True
site_shift,100,103,203,303,0.5113661885261536,0.4958305060863495,0.7408091762572687,-0.015535682439804077,0.22944298773111516,-0.031332647445251216,0.30971941909563233,False,True,False
site_shift,100,104,204,304,0.4037676751613617,0.5286607146263123,0.6734583825621446,0.12489303946495056,0.26969070740078294,0.23624422244658774,0.40045638213716456,True,True,True
site_shift,100,105,205,305,0.4860056936740875,0.4516214430332184,0.7148479191992844,-0.03438425064086914,0.22884222552519684,-0.07613511530793292,0.3201271478575858,False,True,False
smooth,5,101,201,301,0.3516337275505066,0.3355317115783691,0.3658315857513969,-0.016102015972137507,0.014197858200890312,-0.04798955036587237,0.038809820567375926,False,True,False
smooth,5,102,202,302,0.3341741859912872,0.3027779161930084,0.452552299896672,-0.03139626979827875,0.11837811390538483,-0.10369405468219461,0.26157885825000393,False,True,False
smooth,5,103,203,303,0.3377593159675598,0.3164938688278198,0.4104685479597627,-0.02126544713973999,0.07270923199220286,-0.06719070804909937,0.17713715789822315,False,True,False
smooth,5,104,204,304,0.3924211263656616,0.3884019255638122,0.4884020991332272,-0.004019200801849421,0.09598097276756556,-0.010348045509854428,0.1965203936221898,False,True,False
smooth,5,105,205,305,0.4178653657436371,0.4046676456928253,0.5078550509263206,-0.013197720050811768,0.08998968518268347,-0.032613726823196236,0.1771956092954939,False,True,False
smooth,10,101,201,301,0.3425774872303009,0.3204764723777771,0.3506579680070145,-0.022101014852523804,0.008080480776713583,-0.06896298716890258,0.02304376775648213,False,True,False
smooth,10,102,202,302,0.3305659592151642,0.2841247022151947,0.3721334597739915,-0.04644125699996948,0.0415675005588273,-0.16345378151877515,0.11170051890542862,False,True,False
smooth,10,103,203,303,0.342727780342102,0.3186186850070953,0.38377344784216,-0.024109095335006714,0.041045667500058,-0.07566755017669423,0.10695285911739116,False,True,False
smooth,10,104,204,304,0.3390527069568634,0.3407026827335357,0.3517074463485345,0.0016499757766723078,0.01265473939167111,0.004842861122883371,0.035980868540185916,True,True,True
smooth,10,105,205,305,0.3353658616542816,0.2772250473499298,0.3746045013096071,-0.05814081430435181,0.03923863965532548,-0.2097242469976497,0.10474684505431267,False,True,False
smooth,20,101,201,301,0.3321088552474975,0.2936912178993225,0.3775651010278864,-0.03841763734817499,0.04545624578038887,-0.13080962251089367,0.12039313394336078,False,True,False
smooth,20,102,202,302,0.3067580461502075,0.2401845753192901,0.3419674686698012,-0.06657347083091741,0.03520942251959369,-0.27717629553195816,0.10296132160334641,False,True,False
smooth,20,103,203,303,0.3291158676147461,0.2699415683746338,0.3408764944721378,-0.059174299240112305,0.01176062685739171,-0.2192115115741947,0.034501137649879776,False,True,False
smooth,20,104,204,304,0.3829705417156219,0.3645452558994293,0.380776333075792,-0.01842528581619257,-0.0021942086398298866,-0.05054320559112072,-0.005762460660581912,False,False,False
smooth,20,105,205,305,0.3073071837425232,0.3049791753292084,0.3328275522897378,-0.0023280084133148193,0.025520368547214622,-0.007633335655793092,0.07667745164618542,False,True,False
smooth,40,101,201,301,0.3177453577518463,0.2997545897960663,0.3486903589984937,-0.01799076795578003,0.030945001246647397,-0.06001832354934011,0.08874636320753874,False,True,False
smooth,40,102,202,302,0.320194274187088,0.2546779215335846,0.3375999442240335,-0.06551635265350342,0.017405670036945486,-0.25725179575436313,0.05155708801123193,False,True,False
smooth,40,103,203,303,0.3344254195690155,0.2267909944057464,0.3506930001905757,-0.1076344251632691,0.016267580621560196,-0.4745974391324503,0.04638695557858289,False,True,False
smooth,40,104,204,304,0.3282971680164337,0.3179330825805664,0.3361940136126901,-0.01036408543586731,0.007896845596256363,-0.032598323369638575,0.023488953629477376,False,True,False
smooth,40,105,205,305,0.3024895191192627,0.2546111345291137,0.3411613574200185,-0.04787838459014898,0.03867183830075582,-0.1880451327421201,0.11335351281635701,False,True,False
smooth,80,101,201,301,0.3183062374591827,0.2829152345657348,0.3467040275827184,-0.035391002893447876,0.028397790123535716,-0.12509401604961942,0.08190787491431846,False,True,False
smooth,80,102,202,302,0.275347501039505,0.3136096596717834,0.3391282073884388,0.03826215863227839,0.06378070634893379,0.1220056763312797,0.18807254884545513,True,True,True
smooth,80,103,203,303,0.2888700664043426,0.2500313818454742,0.3437804399735988,-0.03883868455886841,0.05491037356925621,-0.15533523940955424,0.15972512448198956,False,True,False
smooth,80,104,204,304,0.3035716414451599,0.2542189955711365,0.3321283575517143,-0.04935264587402344,0.028556716106554414,-0.19413437521907526,0.08598096325487042,False,True,False
smooth,80,105,205,305,0.2802887260913849,0.2622853219509125,0.3208624877277741,-0.018003404140472412,0.040573761636389205,-0.06864053240402757,0.12645218181694323,False,True,False
smooth,100,101,201,301,0.2928628325462341,0.2759532928466797,0.3410205438992328,-0.016909539699554388,0.04815771135299873,-0.061276817990171144,0.1412164522476063,False,True,False
smooth,100,102,202,302,0.2638812065124511,0.2469717264175415,0.3339286346894267,-0.016909480094909612,0.07004742817697557,-0.06846727089044065,0.20976765961422808,False,True,False
smooth,100,103,203,303,0.3030635714530945,0.2353140264749527,0.3330410613638234,-0.06774954497814178,0.029977489910728905,-0.28791120526490666,0.09001139315365277,False,True,False
smooth,100,104,204,304,0.3097918331623077,0.2538968622684479,0.333161671152738,-0.05589497089385981,0.023369837990430298,-0.22014833265155304,0.07014563803084177,False,True,False
smooth,100,105,205,305,0.2922412157058716,0.2591337263584137,0.324174145111932,-0.033107489347457886,0.031932929406060406,-0.12776217828807884,0.09850547888399457,False,True,False
