world,n_train,cohort_seed,subset_seed,model_seed,model,mae,trainable_parameters
informative_observation,5,101,201,301,engineered_linear,0.5739878975481918,17
informative_observation,5,101,201,301,flow_jump,0.6580477356910706,6967
informative_observation,5,101,201,301,flow_jump_observation,0.658004879951477,7642
informative_observation,5,101,201,301,gradient_boosting,0.443556718974102,0
informative_observation,5,101,201,301,gru_from_scratch,0.5628321766853333,4455
informative_observation,5,101,201,301,representation_linear,0.6038936737622393,20
informative_observation,5,101,201,301,representation_mlp,1.200890351320635,673
informative_observation,5,102,202,302,engineered_linear,0.7500295131950075,17
informative_observation,5,102,202,302,flow_jump,0.7140229344367981,6967
informative_observation,5,102,202,302,flow_jump_observation,0.7135358452796936,7642
informative_observation,5,102,202,302,gradient_boosting,0.3822537893280766,0
informative_observation,5,102,202,302,gru_from_scratch,0.5450028777122498,4455
informative_observation,5,102,202,302,representation_linear,0.685791001752338,20
informative_observation,5,102,202,302,representation_mlp,1.1174591056312655,673
informative_observation,5,103,203,303,engineered_linear,0.6465225421981928,17
informative_observation,5,103,203,303,flow_jump,0.7770689725875854,6967
informative_observation,5,103,203,303,flow_jump_observation,0.7764636278152466,7642
informative_observation,5,103,203,303,gradient_boosting,0.4707136960218582,0
informative_observation,5,103,203,303,gru_from_scratch,0.4819954931735992,4455
informative_observation,5,103,203,303,representation_linear,0.6810699024762922,20
informative_observation,5,103,203,303,representation_mlp,1.5793434815026384,673
informative_observation,5,104,204,304,engineered_linear,0.8117948881217225,17
informative_observation,5,104,204,304,flow_jump,0.6417275071144104,6967
informative_observation,5,104,204,304,flow_jump_observation,0.6369720101356506,7642
informative_observation,5,104,204,304,gradient_boosting,0.4437483051955773,0
informative_observation,5,104,204,304,gru_from_scratch,0.6354004740715027,4455
informative_observation,5,104,204,304,representation_linear,0.8167798561868759,20
informative_observation,5,104,204,304,representation_mlp,4.194418803721434,673
informative_observation,5,105,205,305,engineered_linear,0.6400998038736384,17
informative_observation,5,105,205,305,flow_jump,0.6601929664611816,6967
informative_observation,5,105,205,305,flow_jump_observation,0.6570188403129578,7642
informative_observation,5,105,205,305,gradient_boosting,0.4289809514937077,0
informative_observation,5,105,205,305,gru_from_scratch,0.6397309303283691,4455
informative_observation,5,105,205,305,representation_linear,0.7203572139822414,20
informative_observation,5,105,205,305,representation_mlp,1.214220243448931,673
informative_observation,10,101,201,301,engineered_linear,0.7405859844951538,17
informative_observation,10,101,201,301,flow_jump,0.6535772085189819,6967
informative_observation,10,101,201,301,flow_jump_observation,0.6533148288726807,7642
informative_observation,10,101,201,301,gradient_boosting,0.3766834860177809,0
informative_observation,10,101,201,301,gru_from_scratch,0.5645266771316528,4455
informative_observation,10,101,201,301,representation_linear,0.8722036968957041,20
informative_observation,10,101,201,301,representation_mlp,1.5960338726315917,673
informative_observation,10,102,202,302,engineered_linear,0.6915627691194697,17
informative_observation,10,102,202,302,flow_jump,0.7221207022666931,6967
informative_observation,10,102,202,302,flow_jump_observation,0.7219586968421936,7642
informative_observation,10,102,202,302,gradient_boosting,0.424268591883278,0
informative_observation,10,102,202,302,gru_from_scratch,0.571218729019165,4455
informative_observation,10,102,202,302,representation_linear,0.6942731158109383,20
informative_observation,10,102,202,302,representation_mlp,2.3485159789513967,673
informative_observation,10,103,203,303,engineered_linear,0.5867406965772062,17
informative_observation,10,103,203,303,flow_jump,0.7304108142852783,6967
informative_observation,10,103,203,303,flow_jump_observation,0.735790491104126,7642
informative_observation,10,103,203,303,gradient_boosting,0.3181487753266601,0
informative_observation,10,103,203,303,gru_from_scratch,0.4947981238365173,4455
informative_observation,10,103,203,303,representation_linear,0.6437418831745032,20
informative_observation,10,103,203,303,representation_mlp,1.0451161212899,673
informative_observation,10,104,204,304,engineered_linear,0.6356133241328747,17
informative_observation,10,104,204,304,flow_jump,0.6494200229644775,6967
informative_observation,10,104,204,304,flow_jump_observation,0.64304119348526,7642
informative_observation,10,104,204,304,gradient_boosting,0.3385882396703926,0
informative_observation,10,104,204,304,gru_from_scratch,0.5222994685173035,4455
informative_observation,10,104,204,304,representation_linear,0.7032618201990067,20
informative_observation,10,104,204,304,representation_mlp,1.4942951079528917,673
informative_observation,10,105,205,305,engineered_linear,0.6925102464174477,17
informative_observation,10,105,205,305,flow_jump,0.6998386979103088,6967
informative_observation,10,105,205,305,flow_jump_observation,0.6997365355491638,7642
informative_observation,10,105,205,305,gradient_boosting,0.3148017603245364,0
informative_observation,10,105,205,305,gru_from_scratch,0.5708054304122925,4455
informative_observation,10,105,205,305,representation_linear,0.7441718446868097,20
informative_observation,10,105,205,305,representation_mlp,0.8966033181275007,673
informative_observation,20,101,201,301,engineered_linear,0.5910514475308364,17
informative_observation,20,101,201,301,flow_jump,0.4550245404243469,6967
informative_observation,20,101,201,301,flow_jump_observation,0.4536299705505371,7642
informative_observation,20,101,201,301,gradient_boosting,0.31497874713234,0
informative_observation,20,101,201,301,gru_from_scratch,0.5395485162734985,4455
informative_observation,20,101,201,301,representation_linear,0.6356110197995603,20
informative_observation,20,101,201,301,representation_mlp,0.975867549364564,673
informative_observation,20,102,202,302,engineered_linear,0.5941300176542893,17
informative_observation,20,102,202,302,flow_jump,0.7258992791175842,6967
informative_observation,20,102,202,302,flow_jump_observation,0.725983738899231,7642
informative_observation,20,102,202,302,gradient_boosting,0.3190385729967583,0
informative_observation,20,102,202,302,gru_from_scratch,0.5385496020317078,4455
informative_observation,20,102,202,302,representation_linear,0.6550130274624995,20
informative_observation,20,102,202,302,representation_mlp,0.9479932198724884,673
informative_observation,20,103,203,303,engineered_linear,0.5737183287602802,17
informative_observation,20,103,203,303,flow_jump,0.6414108872413635,6967
informative_observation,20,103,203,303,flow_jump_observation,0.642851710319519,7642
informative_observation,20,103,203,303,gradient_boosting,0.3432814148234605,0
informative_observation,20,103,203,303,gru_from_scratch,0.5149378776550293,4455
informative_observation,20,103,203,303,representation_linear,0.604992393501083,20
informative_observation,20,103,203,303,representation_mlp,0.9695258271192524,673
informative_observation,20,104,204,304,engineered_linear,0.6618319913510422,17
informative_observation,20,104,204,304,flow_jump,0.6144658327102661,6967
informative_observation,20,104,204,304,flow_jump_observation,0.6137570142745972,7642
informative_observation,20,104,204,304,gradient_boosting,0.3357193176721488,0
informative_observation,20,104,204,304,gru_from_scratch,0.5724104642868042,4455
informative_observation,20,104,204,304,representation_linear,0.7252367673480876,20
informative_observation,20,104,204,304,representation_mlp,0.8536203777511642,673
informative_observation,20,105,205,305,engineered_linear,0.5675315880649977,17
informative_observation,20,105,205,305,flow_jump,0.5938225984573364,6967
informative_observation,20,105,205,305,flow_jump_observation,0.5961124300956726,7642
informative_observation,20,105,205,305,gradient_boosting,0.2972803990363215,0
informative_observation,20,105,205,305,gru_from_scratch,0.5509177446365356,4455
informative_observation,20,105,205,305,representation_linear,0.6073416892829152,20
informative_observation,20,105,205,305,representation_mlp,0.9940160106770856,673
informative_observation,40,101,201,301,engineered_linear,0.5844818498739536,17
informative_observation,40,101,201,301,flow_jump,0.6810365319252014,6967
informative_observation,40,101,201,301,flow_jump_observation,0.6811863780021667,7642
informative_observation,40,101,201,301,gradient_boosting,0.2586949751212719,0
informative_observation,40,101,201,301,gru_from_scratch,0.6723111867904663,4455
informative_observation,40,101,201,301,representation_linear,0.6033120039837567,20
informative_observation,40,101,201,301,representation_mlp,0.7185095867871715,673
informative_observation,40,102,202,302,engineered_linear,0.5857946878615911,17
informative_observation,40,102,202,302,flow_jump,0.4581494331359863,6967
informative_observation,40,102,202,302,flow_jump_observation,0.4545311331748962,7642
informative_observation,40,102,202,302,gradient_boosting,0.27335332816481,0
informative_observation,40,102,202,302,gru_from_scratch,0.4595746099948883,4455
informative_observation,40,102,202,302,representation_linear,0.6317204278506015,20
informative_observation,40,102,202,302,representation_mlp,0.7550387295059396,673
informative_observation,40,103,203,303,engineered_linear,0.592304394047183,17
informative_observation,40,103,203,303,flow_jump,0.7127693891525269,6967
informative_observation,40,103,203,303,flow_jump_observation,0.7133138179779053,7642
informative_observation,40,103,203,303,gradient_boosting,0.2906654400345965,0
informative_observation,40,103,203,303,gru_from_scratch,0.6130922436714172,4455
informative_observation,40,103,203,303,representation_linear,0.6202999805829827,20
informative_observation,40,103,203,303,representation_mlp,0.6690816865866891,673
informative_observation,40,104,204,304,engineered_linear,0.6284111821849284,17
informative_observation,40,104,204,304,flow_jump,0.6291261315345764,6967
informative_observation,40,104,204,304,flow_jump_observation,0.6282479763031006,7642
informative_observation,40,104,204,304,gradient_boosting,0.2649270652471597,0
informative_observation,40,104,204,304,gru_from_scratch,0.5999733209609985,4455
informative_observation,40,104,204,304,representation_linear,0.6949111390683058,20
informative_observation,40,104,204,304,representation_mlp,0.6900289529362611,673
informative_observation,40,105,205,305,engineered_linear,0.5739021877531858,17
informative_observation,40,105,205,305,flow_jump,0.6920798420906067,6967
informative_observation,40,105,205,305,flow_jump_observation,0.6918121576309204,7642
informative_observation,40,105,205,305,gradient_boosting,0.2802035449328948,0
informative_observation,40,105,205,305,gru_from_scratch,0.5751873254776001,4455
informative_observation,40,105,205,305,representation_linear,0.5971551584863685,20
informative_observation,40,105,205,305,representation_mlp,0.6438375809579359,673
informative_observation,80,101,201,301,engineered_linear,0.582673436454972,17
informative_observation,80,101,201,301,flow_jump,0.3800892829895019,6967
informative_observation,80,101,201,301,flow_jump_observation,0.3807691037654876,7642
informative_observation,80,101,201,301,gradient_boosting,0.2411032826472632,0
informative_observation,80,101,201,301,gru_from_scratch,0.4817033410072326,4455
informative_observation,80,101,201,301,representation_linear,0.6145139455776611,20
informative_observation,80,101,201,301,representation_mlp,0.5824624921664636,673
informative_observation,80,102,202,302,engineered_linear,0.6003914659731638,17
informative_observation,80,102,202,302,flow_jump,0.4491568505764007,6967
informative_observation,80,102,202,302,flow_jump_observation,0.4449097514152527,7642
informative_observation,80,102,202,302,gradient_boosting,0.2501154957458146,0
informative_observation,80,102,202,302,gru_from_scratch,0.5037611126899719,4455
informative_observation,80,102,202,302,representation_linear,0.6642979694871005,20
informative_observation,80,102,202,302,representation_mlp,0.6118700689653377,673
informative_observation,80,103,203,303,engineered_linear,0.5820515034793179,17
informative_observation,80,103,203,303,flow_jump,0.6849482655525208,6967
informative_observation,80,103,203,303,flow_jump_observation,0.686697781085968,7642
informative_observation,80,103,203,303,gradient_boosting,0.2493560511920156,0
informative_observation,80,103,203,303,gru_from_scratch,0.593447744846344,4455
informative_observation,80,103,203,303,representation_linear,0.6174568863708148,20
informative_observation,80,103,203,303,representation_mlp,0.6161613425176993,673
informative_observation,80,104,204,304,engineered_linear,0.6073904534980725,17
informative_observation,80,104,204,304,flow_jump,0.6028361916542053,6967
informative_observation,80,104,204,304,flow_jump_observation,0.5946593284606934,7642
informative_observation,80,104,204,304,gradient_boosting,0.2335506950895862,0
informative_observation,80,104,204,304,gru_from_scratch,0.5057581067085266,4455
informative_observation,80,104,204,304,representation_linear,0.681886313807047,20
informative_observation,80,104,204,304,representation_mlp,0.6297676894226688,673
informative_observation,80,105,205,305,engineered_linear,0.581893643794687,17
informative_observation,80,105,205,305,flow_jump,0.5194072127342224,6967
informative_observation,80,105,205,305,flow_jump_observation,0.5125607252120972,7642
informative_observation,80,105,205,305,gradient_boosting,0.2422185983600132,0
informative_observation,80,105,205,305,gru_from_scratch,0.4503128826618194,4455
informative_observation,80,105,205,305,representation_linear,0.6506729426841016,20
informative_observation,80,105,205,305,representation_mlp,0.5862625461719188,673
informative_observation,100,101,201,301,engineered_linear,0.5975313923212113,17
informative_observation,100,101,201,301,flow_jump,0.3930202722549438,6967
informative_observation,100,101,201,301,flow_jump_observation,0.3919225335121155,7642
informative_observation,100,101,201,301,gradient_boosting,0.2294275327855492,0
informative_observation,100,101,201,301,gru_from_scratch,0.4804427623748779,4455
informative_observation,100,101,201,301,representation_linear,0.645936902292351,20
informative_observation,100,101,201,301,representation_mlp,0.6355582755933303,673
informative_observation,100,102,202,302,engineered_linear,0.5982654265911175,17
informative_observation,100,102,202,302,flow_jump,0.4404313266277313,6967
informative_observation,100,102,202,302,flow_jump_observation,0.439765989780426,7642
informative_observation,100,102,202,302,gradient_boosting,0.2325799936204953,0
informative_observation,100,102,202,302,gru_from_scratch,0.473755419254303,4455
informative_observation,100,102,202,302,representation_linear,0.6611373166285508,20
informative_observation,100,102,202,302,representation_mlp,0.643920212260795,673
informative_observation,100,103,203,303,engineered_linear,0.6134619549002556,17
informative_observation,100,103,203,303,flow_jump,0.4865238070487976,6967
informative_observation,100,103,203,303,flow_jump_observation,0.4801084101200104,7642
informative_observation,100,103,203,303,gradient_boosting,0.2303015184674519,0
informative_observation,100,103,203,303,gru_from_scratch,0.4814415276050567,4455
informative_observation,100,103,203,303,representation_linear,0.7052247860593769,20
informative_observation,100,103,203,303,representation_mlp,0.6488045134605412,673
informative_observation,100,104,204,304,engineered_linear,0.5907500264066429,17
informative_observation,100,104,204,304,flow_jump,0.4151743352413177,6967
informative_observation,100,104,204,304,flow_jump_observation,0.4081895351409912,7642
informative_observation,100,104,204,304,gradient_boosting,0.2383528064188635,0
informative_observation,100,104,204,304,gru_from_scratch,0.5104515552520752,4455
informative_observation,100,104,204,304,representation_linear,0.6568577945877507,20
informative_observation,100,104,204,304,representation_mlp,0.6206067002503747,673
informative_observation,100,105,205,305,engineered_linear,0.6123490344519064,17
informative_observation,100,105,205,305,flow_jump,0.4997662305831909,6967
informative_observation,100,105,205,305,flow_jump_observation,0.4912190437316894,7642
informative_observation,100,105,205,305,gradient_boosting,0.2317823376696643,0
informative_observation,100,105,205,305,gru_from_scratch,0.4452402591705322,4455
informative_observation,100,105,205,305,representation_linear,0.6708987217733413,20
informative_observation,100,105,205,305,representation_mlp,0.5793895678085442,673
jumps,5,101,201,301,engineered_linear,1.1014370490174594,17
jumps,5,101,201,301,flow_jump,1.1140356063842771,6967
jumps,5,101,201,301,flow_jump_observation,1.1141432523727417,7642
jumps,5,101,201,301,gradient_boosting,0.9253905234646176,0
jumps,5,101,201,301,gru_from_scratch,1.047789216041565,4455
jumps,5,101,201,301,representation_linear,1.153495650697458,20
jumps,5,101,201,301,representation_mlp,1.9570161386479137,673
jumps,5,102,202,302,engineered_linear,1.0702021955415373,17
jumps,5,102,202,302,flow_jump,1.3710919618606567,6967
jumps,5,102,202,302,flow_jump_observation,1.370943307876587,7642
jumps,5,102,202,302,gradient_boosting,0.7086813095687768,0
jumps,5,102,202,302,gru_from_scratch,0.9483969211578368,4455
jumps,5,102,202,302,representation_linear,1.1513453503854447,20
jumps,5,102,202,302,representation_mlp,1.5596703923643898,673
jumps,5,103,203,303,engineered_linear,1.0092115785984337,17
jumps,5,103,203,303,flow_jump,1.1596946716308594,6967
jumps,5,103,203,303,flow_jump_observation,1.1525973081588743,7642
jumps,5,103,203,303,gradient_boosting,0.6532398016411873,0
jumps,5,103,203,303,gru_from_scratch,1.0188871622085571,4455
jumps,5,103,203,303,representation_linear,1.0635451928210666,20
jumps,5,103,203,303,representation_mlp,2.755520304126174,673
jumps,5,104,204,304,engineered_linear,1.1116155941968626,17
jumps,5,104,204,304,flow_jump,1.0432686805725098,6967
jumps,5,104,204,304,flow_jump_observation,1.043956995010376,7642
jumps,5,104,204,304,gradient_boosting,0.6623380300056307,0
jumps,5,104,204,304,gru_from_scratch,1.1439683437347412,4455
jumps,5,104,204,304,representation_linear,1.310408170012783,20
jumps,5,104,204,304,representation_mlp,3.78764591426844,673
jumps,5,105,205,305,engineered_linear,1.0337400288924434,17
jumps,5,105,205,305,flow_jump,1.2212730646133425,6967
jumps,5,105,205,305,flow_jump_observation,1.221306324005127,7642
jumps,5,105,205,305,gradient_boosting,0.8352119485927629,0
jumps,5,105,205,305,gru_from_scratch,1.01966655254364,4455
jumps,5,105,205,305,representation_linear,1.0906610883801922,20
jumps,5,105,205,305,representation_mlp,2.4065330666780818,673
jumps,10,101,201,301,engineered_linear,0.9902441395579692,17
jumps,10,101,201,301,flow_jump,0.9720093607902528,6967
jumps,10,101,201,301,flow_jump_observation,0.968352198600769,7642
jumps,10,101,201,301,gradient_boosting,0.6075817205013296,0
jumps,10,101,201,301,gru_from_scratch,1.0373624563217163,4455
jumps,10,101,201,301,representation_linear,1.1594036484122094,20
jumps,10,101,201,301,representation_mlp,2.0262399524791546,673
jumps,10,102,202,302,engineered_linear,0.9885533351367654,17
jumps,10,102,202,302,flow_jump,1.3379908800125122,6967
jumps,10,102,202,302,flow_jump_observation,1.3375931978225708,7642
jumps,10,102,202,302,gradient_boosting,0.6012744400089748,0
jumps,10,102,202,302,gru_from_scratch,0.9772605299949646,4455
jumps,10,102,202,302,representation_linear,1.0754730122041845,20
jumps,10,102,202,302,representation_mlp,3.990213488559472,673
jumps,10,103,203,303,engineered_linear,0.8934394130204522,17
jumps,10,103,203,303,flow_jump,0.927580177783966,6967
jumps,10,103,203,303,flow_jump_observation,0.9279019236564636,7642
jumps,10,103,203,303,gradient_boosting,0.6301155639048532,0
jumps,10,103,203,303,gru_from_scratch,0.9091449975967408,4455
jumps,10,103,203,303,representation_linear,1.0046987950946855,20
jumps,10,103,203,303,representation_mlp,2.329099266991375,673
jumps,10,104,204,304,engineered_linear,1.0530478774444934,17
jumps,10,104,204,304,flow_jump,1.0645458698272705,6967
jumps,10,104,204,304,flow_jump_observation,1.0644959211349487,7642
jumps,10,104,204,304,gradient_boosting,0.5383815797332662,0
jumps,10,104,204,304,gru_from_scratch,1.086135745048523,4455
jumps,10,104,204,304,representation_linear,1.215675623776212,20
jumps,10,104,204,304,representation_mlp,2.6683904766915894,673
jumps,10,105,205,305,engineered_linear,1.0384788364422126,17
jumps,10,105,205,305,flow_jump,1.0935767889022827,6967
jumps,10,105,205,305,flow_jump_observation,1.0934816598892212,7642
jumps,10,105,205,305,gradient_boosting,0.5518866799414445,0
jumps,10,105,205,305,gru_from_scratch,0.9394769072532654,4455
jumps,10,105,205,305,representation_linear,1.1543665767876303,20
jumps,10,105,205,305,representation_mlp,1.6720396562993125,673
jumps,20,101,201,301,engineered_linear,0.9620532086671644,17
jumps,20,101,201,301,flow_jump,1.0411261320114136,6967
jumps,20,101,201,301,flow_jump_observation,1.0411139726638794,7642
jumps,20,101,201,301,gradient_boosting,0.4910838640518555,0
jumps,20,101,201,301,gru_from_scratch,1.009593486785889,4455
jumps,20,101,201,301,representation_linear,1.0577279751319717,20
jumps,20,101,201,301,representation_mlp,1.9696805255887533,673
jumps,20,102,202,302,engineered_linear,1.0461190161418632,17
jumps,20,102,202,302,flow_jump,1.352005958557129,6967
jumps,20,102,202,302,flow_jump_observation,1.3517862558364868,7642
jumps,20,102,202,302,gradient_boosting,0.4720121130775873,0
jumps,20,102,202,302,gru_from_scratch,1.099557876586914,4455
jumps,20,102,202,302,representation_linear,1.2041212452578125,20
jumps,20,102,202,302,representation_mlp,1.7609989703763451,673
jumps,20,103,203,303,engineered_linear,0.9379107353301032,17
jumps,20,103,203,303,flow_jump,1.0728731155395508,6967
jumps,20,103,203,303,flow_jump_observation,1.0725001096725464,7642
jumps,20,103,203,303,gradient_boosting,0.5033682123796676,0
jumps,20,103,203,303,gru_from_scratch,1.0006980895996094,4455
jumps,20,103,203,303,representation_linear,1.0381694539622734,20
jumps,20,103,203,303,representation_mlp,1.7326085588979163,673
jumps,20,104,204,304,engineered_linear,0.9421906694906004,17
jumps,20,104,204,304,flow_jump,1.000491738319397,6967
jumps,20,104,204,304,flow_jump_observation,1.0024468898773191,7642
jumps,20,104,204,304,gradient_boosting,0.6891541962103059,0
jumps,20,104,204,304,gru_from_scratch,1.0570728778839111,4455
jumps,20,104,204,304,representation_linear,1.152064170110218,20
jumps,20,104,204,304,representation_mlp,1.793990774912663,673
jumps,20,105,205,305,engineered_linear,0.987862969450542,17
jumps,20,105,205,305,flow_jump,1.188221096992493,6967
jumps,20,105,205,305,flow_jump_observation,1.188234567642212,7642
jumps,20,105,205,305,gradient_boosting,0.4922836470664996,0
jumps,20,105,205,305,gru_from_scratch,0.9268466234207152,4455
jumps,20,105,205,305,representation_linear,1.1007066504712666,20
jumps,20,105,205,305,representation_mlp,2.0894676891946613,673
jumps,40,101,201,301,engineered_linear,0.9748927703553966,17
jumps,40,101,201,301,flow_jump,0.9127888679504396,6967
jumps,40,101,201,301,flow_jump_observation,0.9126986265182496,7642
jumps,40,101,201,301,gradient_boosting,0.4526707583803125,0
jumps,40,101,201,301,gru_from_scratch,1.0265518426895142,4455
jumps,40,101,201,301,representation_linear,1.081347516747304,20
jumps,40,101,201,301,representation_mlp,1.6560424917094554,673
jumps,40,102,202,302,engineered_linear,0.9535471673289844,17
jumps,40,102,202,302,flow_jump,1.375932216644287,6967
jumps,40,102,202,302,flow_jump_observation,1.37570321559906,7642
jumps,40,102,202,302,gradient_boosting,0.5041449808434195,0
jumps,40,102,202,302,gru_from_scratch,0.9583219885826112,4455
jumps,40,102,202,302,representation_linear,1.014345139668522,20
jumps,40,102,202,302,representation_mlp,1.23809476228702,673
jumps,40,103,203,303,engineered_linear,0.9566190000491294,17
jumps,40,103,203,303,flow_jump,1.0622025728225708,6967
jumps,40,103,203,303,flow_jump_observation,1.0623916387557983,7642
jumps,40,103,203,303,gradient_boosting,0.4418020162066874,0
jumps,40,103,203,303,gru_from_scratch,1.00283682346344,4455
jumps,40,103,203,303,representation_linear,1.1121720395891983,20
jumps,40,103,203,303,representation_mlp,1.3960763093469737,673
jumps,40,104,204,304,engineered_linear,0.976908190563222,17
jumps,40,104,204,304,flow_jump,1.1195999383926392,6967
jumps,40,104,204,304,flow_jump_observation,1.1195800304412842,7642
jumps,40,104,204,304,gradient_boosting,0.4567452396739021,0
jumps,40,104,204,304,gru_from_scratch,1.1821904182434082,4455
jumps,40,104,204,304,representation_linear,1.0795335656557463,20
jumps,40,104,204,304,representation_mlp,1.3019644019783845,673
jumps,40,105,205,305,engineered_linear,1.0128896845754989,17
jumps,40,105,205,305,flow_jump,1.054357886314392,6967
jumps,40,105,205,305,flow_jump_observation,1.054218292236328,7642
jumps,40,105,205,305,gradient_boosting,0.4808002339703064,0
jumps,40,105,205,305,gru_from_scratch,0.9574882984161376,4455
jumps,40,105,205,305,representation_linear,1.1555272465040207,20
jumps,40,105,205,305,representation_mlp,1.2879478861803624,673
jumps,80,101,201,301,engineered_linear,0.9536900358720924,17
jumps,80,101,201,301,flow_jump,0.929795503616333,6967
jumps,80,101,201,301,flow_jump_observation,0.9297186732292176,7642
jumps,80,101,201,301,gradient_boosting,0.3850139378921376,0
jumps,80,101,201,301,gru_from_scratch,0.9849666953086852,4455
jumps,80,101,201,301,representation_linear,1.0148283873622994,20
jumps,80,101,201,301,representation_mlp,1.1859439614271097,673
jumps,80,102,202,302,engineered_linear,0.9960278805188472,17
jumps,80,102,202,302,flow_jump,1.1937865018844604,6967
jumps,80,102,202,302,flow_jump_observation,1.1933345794677734,7642
jumps,80,102,202,302,gradient_boosting,0.3960953480197767,0
jumps,80,102,202,302,gru_from_scratch,0.964678168296814,4455
jumps,80,102,202,302,representation_linear,1.0613619244986408,20
jumps,80,102,202,302,representation_mlp,1.1565610318654345,673
jumps,80,103,203,303,engineered_linear,0.9467204212101152,17
jumps,80,103,203,303,flow_jump,1.0122064352035522,6967
jumps,80,103,203,303,flow_jump_observation,1.012120008468628,7642
jumps,80,103,203,303,gradient_boosting,0.3881129967224373,0
jumps,80,103,203,303,gru_from_scratch,1.130927324295044,4455
jumps,80,103,203,303,representation_linear,1.0311972441561603,20
jumps,80,103,203,303,representation_mlp,1.3131126822944736,673
jumps,80,104,204,304,engineered_linear,0.9893511025674104,17
jumps,80,104,204,304,flow_jump,0.9739654064178468,6967
jumps,80,104,204,304,flow_jump_observation,0.9738642573356628,7642
jumps,80,104,204,304,gradient_boosting,0.413060583094337,0
jumps,80,104,204,304,gru_from_scratch,1.063030481338501,4455
jumps,80,104,204,304,representation_linear,1.1129473754795045,20
jumps,80,104,204,304,representation_mlp,1.231094303040883,673
jumps,80,105,205,305,engineered_linear,0.9810743276398052,17
jumps,80,105,205,305,flow_jump,1.1305537223815918,6967
jumps,80,105,205,305,flow_jump_observation,1.1305097341537476,7642
jumps,80,105,205,305,gradient_boosting,0.3786177300148785,0
jumps,80,105,205,305,gru_from_scratch,1.1772217750549316,4455
jumps,80,105,205,305,representation_linear,1.0906566859043956,20
jumps,80,105,205,305,representation_mlp,1.1923315898944202,673
jumps,100,101,201,301,engineered_linear,0.9951623983169072,17
jumps,100,101,201,301,flow_jump,0.9227391481399536,6967
jumps,100,101,201,301,flow_jump_observation,0.9227905869483948,7642
jumps,100,101,201,301,gradient_boosting,0.3845917775759728,0
jumps,100,101,201,301,gru_from_scratch,1.0167900323867798,4455
jumps,100,101,201,301,representation_linear,1.0795581871973683,20
jumps,100,101,201,301,representation_mlp,1.188213541924113,673
jumps,100,102,202,302,engineered_linear,0.9771376689084814,17
jumps,100,102,202,302,flow_jump,1.1255658864974976,6967
jumps,100,102,202,302,flow_jump_observation,1.1245981454849243,7642
jumps,100,102,202,302,gradient_boosting,0.3801416926264121,0
jumps,100,102,202,302,gru_from_scratch,0.9506186842918396,4455
jumps,100,102,202,302,representation_linear,1.0438699162859897,20
jumps,100,102,202,302,representation_mlp,1.0381421508330777,673
jumps,100,103,203,303,engineered_linear,0.9510287889592692,17
jumps,100,103,203,303,flow_jump,0.9693376421928406,6967
jumps,100,103,203,303,flow_jump_observation,0.9693206548690796,7642
jumps,100,103,203,303,gradient_boosting,0.3788000971256393,0
jumps,100,103,203,303,gru_from_scratch,0.9512614011764526,4455
jumps,100,103,203,303,representation_linear,0.9951057524681954,20
jumps,100,103,203,303,representation_mlp,1.0351443148030002,673
jumps,100,104,204,304,engineered_linear,1.005708057788302,17
jumps,100,104,204,304,flow_jump,0.9490113854408264,6967
jumps,100,104,204,304,flow_jump_observation,0.9485891461372375,7642
jumps,100,104,204,304,gradient_boosting,0.3729395386508336,0
jumps,100,104,204,304,gru_from_scratch,1.0609986782073977,4455
jumps,100,104,204,304,representation_linear,1.1458814546352034,20
jumps,100,104,204,304,representation_mlp,1.3638999849490092,673
jumps,100,105,205,305,engineered_linear,0.9596510942050644,17
jumps,100,105,205,305,flow_jump,1.018952488899231,6967
jumps,100,105,205,305,flow_jump_observation,1.017646074295044,7642
jumps,100,105,205,305,gradient_boosting,0.383010141077903,0
jumps,100,105,205,305,gru_from_scratch,0.9183709621429444,4455
jumps,100,105,205,305,representation_linear,1.073890485733108,20
jumps,100,105,205,305,representation_mlp,1.1733314426986323,673
misspecified,5,101,201,301,engineered_linear,1.459047116597776,17
misspecified,5,101,201,301,flow_jump,1.7882914543151855,6967
misspecified,5,101,201,301,flow_jump_observation,1.7883583307266235,7642
misspecified,5,101,201,301,gradient_boosting,1.1495006455309165,0
misspecified,5,101,201,301,gru_from_scratch,1.7570005655288696,4455
misspecified,5,101,201,301,representation_linear,1.520712561005484,20
misspecified,5,101,201,301,representation_mlp,2.415980004277185,673
misspecified,5,102,202,302,engineered_linear,1.4484629207623725,17
misspecified,5,102,202,302,flow_jump,1.925134539604187,6967
misspecified,5,102,202,302,flow_jump_observation,1.92448890209198,7642
misspecified,5,102,202,302,gradient_boosting,1.150891286304663,0
misspecified,5,102,202,302,gru_from_scratch,1.8122715950012207,4455
misspecified,5,102,202,302,representation_linear,1.5386746622681011,20
misspecified,5,102,202,302,representation_mlp,4.862227004540445,673
misspecified,5,103,203,303,engineered_linear,1.5313215554020805,17
misspecified,5,103,203,303,flow_jump,1.6679874658584597,6967
misspecified,5,103,203,303,flow_jump_observation,1.727460265159607,7642
misspecified,5,103,203,303,gradient_boosting,0.954823934036952,0
misspecified,5,103,203,303,gru_from_scratch,1.40517258644104,4455
misspecified,5,103,203,303,representation_linear,1.4857958993694178,20
misspecified,5,103,203,303,representation_mlp,2.05209985387352,673
misspecified,5,104,204,304,engineered_linear,1.2947523041685487,17
misspecified,5,104,204,304,flow_jump,2.040388822555542,6967
misspecified,5,104,204,304,flow_jump_observation,2.040395021438598,7642
misspecified,5,104,204,304,gradient_boosting,0.7492164881469725,0
misspecified,5,104,204,304,gru_from_scratch,1.6289554834365845,4455
misspecified,5,104,204,304,representation_linear,1.6168068518300438,20
misspecified,5,104,204,304,representation_mlp,3.6834094932202888,673
misspecified,5,105,205,305,engineered_linear,1.521666725107797,17
misspecified,5,105,205,305,flow_jump,1.715030312538147,6967
misspecified,5,105,205,305,flow_jump_observation,1.714439868927002,7642
misspecified,5,105,205,305,gradient_boosting,0.9621116364738032,0
misspecified,5,105,205,305,gru_from_scratch,1.7113497257232666,4455
misspecified,5,105,205,305,representation_linear,1.6091877605900071,20
misspecified,5,105,205,305,representation_mlp,3.0720772306476363,673
misspecified,10,101,201,301,engineered_linear,1.377964597433447,17
misspecified,10,101,201,301,flow_jump,1.9850255250930784,6967
misspecified,10,101,201,301,flow_jump_observation,1.9850376844406128,7642
misspecified,10,101,201,301,gradient_boosting,1.032267093977567,0
misspecified,10,101,201,301,gru_from_scratch,1.9787540435791016,4455
misspecified,10,101,201,301,representation_linear,2.033206025440509,20
misspecified,10,101,201,301,representation_mlp,5.027036106418853,673
misspecified,10,102,202,302,engineered_linear,1.2319220021501138,17
misspecified,10,102,202,302,flow_jump,1.8272113800048828,6967
misspecified,10,102,202,302,flow_jump_observation,1.827064156532288,7642
misspecified,10,102,202,302,gradient_boosting,0.7883900824947594,0
misspecified,10,102,202,302,gru_from_scratch,1.5742131471633911,4455
misspecified,10,102,202,302,representation_linear,1.4823534312700126,20
misspecified,10,102,202,302,representation_mlp,2.0061038475646957,673
misspecified,10,103,203,303,engineered_linear,1.2116103122536812,17
misspecified,10,103,203,303,flow_jump,1.9419660568237305,6967
misspecified,10,103,203,303,flow_jump_observation,1.942336916923523,7642
misspecified,10,103,203,303,gradient_boosting,0.7601116833671672,0
misspecified,10,103,203,303,gru_from_scratch,1.3364825248718262,4455
misspecified,10,103,203,303,representation_linear,1.364809418566736,20
misspecified,10,103,203,303,representation_mlp,3.1544638094952555,673
misspecified,10,104,204,304,engineered_linear,1.2412917344451682,17
misspecified,10,104,204,304,flow_jump,1.7318998575210571,6967
misspecified,10,104,204,304,flow_jump_observation,1.7316477298736572,7642
misspecified,10,104,204,304,gradient_boosting,0.9444402197820952,0
misspecified,10,104,204,304,gru_from_scratch,1.434821844100952,4455
misspecified,10,104,204,304,representation_linear,1.578573577844515,20
misspecified,10,104,204,304,representation_mlp,2.0840688751847254,673
misspecified,10,105,205,305,engineered_linear,1.265985472785407,17
misspecified,10,105,205,305,flow_jump,1.8487334251403809,6967
misspecified,10,105,205,305,flow_jump_observation,1.8484662771224976,7642
misspecified,10,105,205,305,gradient_boosting,0.7473536413275398,0
misspecified,10,105,205,305,gru_from_scratch,1.9955406188964844,4455
misspecified,10,105,205,305,representation_linear,1.4261000248100362,20
misspecified,10,105,205,305,representation_mlp,1.6297698620825356,673
misspecified,20,101,201,301,engineered_linear,1.2618884370729608,17
misspecified,20,101,201,301,flow_jump,1.169053077697754,6967
misspecified,20,101,201,301,flow_jump_observation,1.188030242919922,7642
misspecified,20,101,201,301,gradient_boosting,0.6310329554130015,0
misspecified,20,101,201,301,gru_from_scratch,2.004335403442383,4455
misspecified,20,101,201,301,representation_linear,1.4627754635582575,20
misspecified,20,101,201,301,representation_mlp,1.5843334093792,673
misspecified,20,102,202,302,engineered_linear,1.3317660146420809,17
misspecified,20,102,202,302,flow_jump,2.0020952224731445,6967
misspecified,20,102,202,302,flow_jump_observation,1.9036221504211424,7642
misspecified,20,102,202,302,gradient_boosting,0.4503284273756594,0
misspecified,20,102,202,302,gru_from_scratch,1.548796772956848,4455
misspecified,20,102,202,302,representation_linear,1.5149118386594982,20
misspecified,20,102,202,302,representation_mlp,2.2640437161506624,673
misspecified,20,103,203,303,engineered_linear,1.3986768109912542,17
misspecified,20,103,203,303,flow_jump,1.853951930999756,6967
misspecified,20,103,203,303,flow_jump_observation,1.8518846035003664,7642
misspecified,20,103,203,303,gradient_boosting,0.4110490264595454,0
misspecified,20,103,203,303,gru_from_scratch,1.517324924468994,4455
misspecified,20,103,203,303,representation_linear,1.6239867460568185,20
misspecified,20,103,203,303,representation_mlp,2.186726118860385,673
misspecified,20,104,204,304,engineered_linear,1.2752500027870166,17
misspecified,20,104,204,304,flow_jump,1.6055229902267456,6967
misspecified,20,104,204,304,flow_jump_observation,1.6043157577514648,7642
misspecified,20,104,204,304,gradient_boosting,0.4887162680045977,0
misspecified,20,104,204,304,gru_from_scratch,1.830463409423828,4455
misspecified,20,104,204,304,representation_linear,1.4083136475940174,20
misspecified,20,104,204,304,representation_mlp,1.6704373227330307,673
misspecified,20,105,205,305,engineered_linear,1.234143681707561,17
misspecified,20,105,205,305,flow_jump,1.3810632228851318,6967
misspecified,20,105,205,305,flow_jump_observation,1.377098798751831,7642
misspecified,20,105,205,305,gradient_boosting,0.5939243673524635,0
misspecified,20,105,205,305,gru_from_scratch,1.1872289180755615,4455
misspecified,20,105,205,305,representation_linear,1.3928351830269987,20
misspecified,20,105,205,305,representation_mlp,1.5429692211857238,673
misspecified,40,101,201,301,engineered_linear,1.3773933068112791,17
misspecified,40,101,201,301,flow_jump,1.6145573854446411,6967
misspecified,40,101,201,301,flow_jump_observation,1.611472725868225,7642
misspecified,40,101,201,301,gradient_boosting,0.4393762598088493,0
misspecified,40,101,201,301,gru_from_scratch,1.725574612617493,4455
misspecified,40,101,201,301,representation_linear,1.6199835205868156,20
misspecified,40,101,201,301,representation_mlp,1.886411331670915,673
misspecified,40,102,202,302,engineered_linear,1.3292210526638997,17
misspecified,40,102,202,302,flow_jump,2.07169771194458,6967
misspecified,40,102,202,302,flow_jump_observation,2.068775415420532,7642
misspecified,40,102,202,302,gradient_boosting,0.3838140829771216,0
misspecified,40,102,202,302,gru_from_scratch,1.526286244392395,4455
misspecified,40,102,202,302,representation_linear,1.5844773911910497,20
misspecified,40,102,202,302,representation_mlp,1.921130415286552,673
misspecified,40,103,203,303,engineered_linear,1.2525499534474265,17
misspecified,40,103,203,303,flow_jump,1.6408222913742063,6967
misspecified,40,103,203,303,flow_jump_observation,1.646038055419922,7642
misspecified,40,103,203,303,gradient_boosting,0.5271679421752113,0
misspecified,40,103,203,303,gru_from_scratch,1.4753167629241943,4455
misspecified,40,103,203,303,representation_linear,1.4948204800729687,20
misspecified,40,103,203,303,representation_mlp,1.5764371525772454,673
misspecified,40,104,204,304,engineered_linear,1.2551621216553976,17
misspecified,40,104,204,304,flow_jump,1.4403154850006104,6967
misspecified,40,104,204,304,flow_jump_observation,1.4343106746673584,7642
misspecified,40,104,204,304,gradient_boosting,0.3760702126150461,0
misspecified,40,104,204,304,gru_from_scratch,1.577712893486023,4455
misspecified,40,104,204,304,representation_linear,1.4420512090045805,20
misspecified,40,104,204,304,representation_mlp,1.659974194621795,673
misspecified,40,105,205,305,engineered_linear,1.2815517169670771,17
misspecified,40,105,205,305,flow_jump,1.6105493307113647,6967
misspecified,40,105,205,305,flow_jump_observation,1.6110316514968872,7642
misspecified,40,105,205,305,gradient_boosting,0.4510864279141649,0
misspecified,40,105,205,305,gru_from_scratch,1.7789686918258667,4455
misspecified,40,105,205,305,representation_linear,1.4345853389463694,20
misspecified,40,105,205,305,representation_mlp,1.8621336310743068,673
misspecified,80,101,201,301,engineered_linear,1.2618362663492724,17
misspecified,80,101,201,301,flow_jump,1.5875558853149414,6967
misspecified,80,101,201,301,flow_jump_observation,1.5846198797225952,7642
misspecified,80,101,201,301,gradient_boosting,0.3947340365992809,0
misspecified,80,101,201,301,gru_from_scratch,1.6624064445495603,4455
misspecified,80,101,201,301,representation_linear,1.476889158453758,20
misspecified,80,101,201,301,representation_mlp,1.3635360426163206,673
misspecified,80,102,202,302,engineered_linear,1.2417319813257406,17
misspecified,80,102,202,302,flow_jump,1.5088491439819336,6967
misspecified,80,102,202,302,flow_jump_observation,1.5265122652053833,7642
misspecified,80,102,202,302,gradient_boosting,0.375704577042716,0
misspecified,80,102,202,302,gru_from_scratch,1.3784090280532837,4455
misspecified,80,102,202,302,representation_linear,1.3858543122327731,20
misspecified,80,102,202,302,representation_mlp,1.4749682282468148,673
misspecified,80,103,203,303,engineered_linear,1.222021875011113,17
misspecified,80,103,203,303,flow_jump,1.4919977188110352,6967
misspecified,80,103,203,303,flow_jump_observation,1.4814990758895874,7642
misspecified,80,103,203,303,gradient_boosting,0.3427711051211806,0
misspecified,80,103,203,303,gru_from_scratch,1.4554532766342163,4455
misspecified,80,103,203,303,representation_linear,1.4132125449987134,20
misspecified,80,103,203,303,representation_mlp,1.3378599514335028,673
misspecified,80,104,204,304,engineered_linear,1.2637201869166068,17
misspecified,80,104,204,304,flow_jump,1.3519927263259888,6967
misspecified,80,104,204,304,flow_jump_observation,1.34097158908844,7642
misspecified,80,104,204,304,gradient_boosting,0.3443120927406916,0
misspecified,80,104,204,304,gru_from_scratch,1.6129120588302612,4455
misspecified,80,104,204,304,representation_linear,1.4482607408062775,20
misspecified,80,104,204,304,representation_mlp,1.697134142819795,673
misspecified,80,105,205,305,engineered_linear,1.246312290889,17
misspecified,80,105,205,305,flow_jump,1.4154770374298096,6967
misspecified,80,105,205,305,flow_jump_observation,1.4043810367584229,7642
misspecified,80,105,205,305,gradient_boosting,0.3587359255350542,0
misspecified,80,105,205,305,gru_from_scratch,1.3060896396636963,4455
misspecified,80,105,205,305,representation_linear,1.4578696845352346,20
misspecified,80,105,205,305,representation_mlp,1.8507688558954225,673
misspecified,100,101,201,301,engineered_linear,1.266395628457566,17
misspecified,100,101,201,301,flow_jump,1.593286633491516,6967
misspecified,100,101,201,301,flow_jump_observation,1.5915234088897705,7642
misspecified,100,101,201,301,gradient_boosting,0.3260671583802176,0
misspecified,100,101,201,301,gru_from_scratch,1.7376083135604858,4455
misspecified,100,101,201,301,representation_linear,1.483432108163594,20
misspecified,100,101,201,301,representation_mlp,1.9757234388792333,673
misspecified,100,102,202,302,engineered_linear,1.2744664399489778,17
misspecified,100,102,202,302,flow_jump,1.849901795387268,6967
misspecified,100,102,202,302,flow_jump_observation,1.9099061489105225,7642
misspecified,100,102,202,302,gradient_boosting,0.3314515808306067,0
misspecified,100,102,202,302,gru_from_scratch,1.479658603668213,4455
misspecified,100,102,202,302,representation_linear,1.5072390490462648,20
misspecified,100,102,202,302,representation_mlp,1.3515053573420883,673
misspecified,100,103,203,303,engineered_linear,1.24776615304627,17
misspecified,100,103,203,303,flow_jump,1.5518194437026978,6967
misspecified,100,103,203,303,flow_jump_observation,1.554901361465454,7642
misspecified,100,103,203,303,gradient_boosting,0.3091200204457774,0
misspecified,100,103,203,303,gru_from_scratch,1.48825204372406,4455
misspecified,100,103,203,303,representation_linear,1.4509940082662134,20
misspecified,100,103,203,303,representation_mlp,1.6771838083247,673
misspecified,100,104,204,304,engineered_linear,1.2459843537633812,17
misspecified,100,104,204,304,flow_jump,1.590121507644653,6967
misspecified,100,104,204,304,flow_jump_observation,1.5880136489868164,7642
misspecified,100,104,204,304,gradient_boosting,0.3435736899928897,0
misspecified,100,104,204,304,gru_from_scratch,1.5729796886444092,4455
misspecified,100,104,204,304,representation_linear,1.4569227104921108,20
misspecified,100,104,204,304,representation_mlp,1.493342234412461,673
misspecified,100,105,205,305,engineered_linear,1.2799524153025,17
misspecified,100,105,205,305,flow_jump,1.469709873199463,6967
misspecified,100,105,205,305,flow_jump_observation,1.465036153793335,7642
misspecified,100,105,205,305,gradient_boosting,0.3212656664820743,0
misspecified,100,105,205,305,gru_from_scratch,1.3862758874893188,4455
misspecified,100,105,205,305,representation_linear,1.53608755762916,20
misspecified,100,105,205,305,representation_mlp,1.3984574982083364,673
site_shift,5,101,201,301,engineered_linear,0.5945549521812807,17
site_shift,5,101,201,301,flow_jump,0.6235316395759583,6967
site_shift,5,101,201,301,flow_jump_observation,0.6235237121582031,7642
site_shift,5,101,201,301,gradient_boosting,0.4413870615220216,0
site_shift,5,101,201,301,gru_from_scratch,0.5821981430053711,4455
site_shift,5,101,201,301,representation_linear,0.6716185003861899,20
site_shift,5,101,201,301,representation_mlp,1.3725455501361328,673
site_shift,5,102,202,302,engineered_linear,0.6482258975676802,17
site_shift,5,102,202,302,flow_jump,0.6703136563301086,6967
site_shift,5,102,202,302,flow_jump_observation,0.6702578067779541,7642
site_shift,5,102,202,302,gradient_boosting,0.4874683957176552,0
site_shift,5,102,202,302,gru_from_scratch,0.6041045784950256,4455
site_shift,5,102,202,302,representation_linear,0.754711308949085,20
site_shift,5,102,202,302,representation_mlp,1.2976537855558423,673
site_shift,5,103,203,303,engineered_linear,0.701465751018064,17
site_shift,5,103,203,303,flow_jump,0.8202094435691833,6967
site_shift,5,103,203,303,flow_jump_observation,0.8202173113822937,7642
site_shift,5,103,203,303,gradient_boosting,0.5103493121223249,0
site_shift,5,103,203,303,gru_from_scratch,0.534636378288269,4455
site_shift,5,103,203,303,representation_linear,0.7152788830183647,20
site_shift,5,103,203,303,representation_mlp,2.1954113402435858,673
site_shift,5,104,204,304,engineered_linear,0.861241229972937,17
site_shift,5,104,204,304,flow_jump,0.6487753391265869,6967
site_shift,5,104,204,304,flow_jump_observation,0.6442515850067139,7642
site_shift,5,104,204,304,gradient_boosting,0.43320967289332,0
site_shift,5,104,204,304,gru_from_scratch,0.6399419903755188,4455
site_shift,5,104,204,304,representation_linear,0.864139948633551,20
site_shift,5,104,204,304,representation_mlp,2.879428658658651,673
site_shift,5,105,205,305,engineered_linear,0.6843709173301381,17
site_shift,5,105,205,305,flow_jump,0.6208787560462952,6967
site_shift,5,105,205,305,flow_jump_observation,0.6177068948745728,7642
site_shift,5,105,205,305,gradient_boosting,0.4458812119439445,0
site_shift,5,105,205,305,gru_from_scratch,0.6843644976615906,4455
site_shift,5,105,205,305,representation_linear,0.7411351427057296,20
site_shift,5,105,205,305,representation_mlp,1.3669306873892542,673
site_shift,10,101,201,301,engineered_linear,0.8324766292194238,17
site_shift,10,101,201,301,flow_jump,0.6172940135002136,6967
site_shift,10,101,201,301,flow_jump_observation,0.5867154598236084,7642
site_shift,10,101,201,301,gradient_boosting,0.4490791635743313,0
site_shift,10,101,201,301,gru_from_scratch,0.5766952037811279,4455
site_shift,10,101,201,301,representation_linear,0.985325939554727,20
site_shift,10,101,201,301,representation_mlp,1.514289540542666,673
site_shift,10,102,202,302,engineered_linear,0.7035003026574678,17
site_shift,10,102,202,302,flow_jump,0.6975852251052856,6967
site_shift,10,102,202,302,flow_jump_observation,0.6981539726257324,7642
site_shift,10,102,202,302,gradient_boosting,0.4103524122206354,0
site_shift,10,102,202,302,gru_from_scratch,0.5901274085044861,4455
site_shift,10,102,202,302,representation_linear,0.7152247532156544,20
site_shift,10,102,202,302,representation_mlp,1.5452358267437076,673
site_shift,10,103,203,303,engineered_linear,0.6317083185366449,17
site_shift,10,103,203,303,flow_jump,0.82134610414505,6967
site_shift,10,103,203,303,flow_jump_observation,0.8213376402854919,7642
site_shift,10,103,203,303,gradient_boosting,0.3188009032473857,0
site_shift,10,103,203,303,gru_from_scratch,0.4915823638439178,4455
site_shift,10,103,203,303,representation_linear,0.6926485740557711,20
site_shift,10,103,203,303,representation_mlp,1.2484146624750747,673
site_shift,10,104,204,304,engineered_linear,0.6705088833503601,17
site_shift,10,104,204,304,flow_jump,0.634263277053833,6967
site_shift,10,104,204,304,flow_jump_observation,0.6328637599945068,7642
site_shift,10,104,204,304,gradient_boosting,0.3178464763613444,0
site_shift,10,104,204,304,gru_from_scratch,0.5659048557281494,4455
site_shift,10,104,204,304,representation_linear,0.770573197700452,20
site_shift,10,104,204,304,representation_mlp,2.0175584525069965,673
site_shift,10,105,205,305,engineered_linear,0.7691246981192172,17
site_shift,10,105,205,305,flow_jump,0.6736686825752258,6967
site_shift,10,105,205,305,flow_jump_observation,0.6735755205154419,7642
site_shift,10,105,205,305,gradient_boosting,0.3421622739397397,0
site_shift,10,105,205,305,gru_from_scratch,0.6157352328300476,4455
site_shift,10,105,205,305,representation_linear,0.8406049362898504,20
site_shift,10,105,205,305,representation_mlp,1.1622962475313228,673
site_shift,20,101,201,301,engineered_linear,0.6135686517413225,17
site_shift,20,101,201,301,flow_jump,0.5464963316917419,6967
site_shift,20,101,201,301,flow_jump_observation,0.5449297428131104,7642
site_shift,20,101,201,301,gradient_boosting,0.3035557793091669,0
site_shift,20,101,201,301,gru_from_scratch,0.5513187050819397,4455
site_shift,20,101,201,301,representation_linear,0.6814352966760036,20
site_shift,20,101,201,301,representation_mlp,1.1904399130218777,673
site_shift,20,102,202,302,engineered_linear,0.6327552039485892,17
site_shift,20,102,202,302,flow_jump,0.7399477958679199,6967
site_shift,20,102,202,302,flow_jump_observation,0.7395950555801392,7642
site_shift,20,102,202,302,gradient_boosting,0.3192421103357872,0
site_shift,20,102,202,302,gru_from_scratch,0.5789262056350708,4455
site_shift,20,102,202,302,representation_linear,0.706629228986023,20
site_shift,20,102,202,302,representation_mlp,1.4668863893184203,673
site_shift,20,103,203,303,engineered_linear,0.612145817952675,17
site_shift,20,103,203,303,flow_jump,0.5858566164970398,6967
site_shift,20,103,203,303,flow_jump_observation,0.5854939222335815,7642
site_shift,20,103,203,303,gradient_boosting,0.3188197253740598,0
site_shift,20,103,203,303,gru_from_scratch,0.5235104560852051,4455
site_shift,20,103,203,303,representation_linear,0.6593958294723401,20
site_shift,20,103,203,303,representation_mlp,0.9694616094021395,673
site_shift,20,104,204,304,engineered_linear,0.6922266758520443,17
site_shift,20,104,204,304,flow_jump,0.6139944791793823,6967
site_shift,20,104,204,304,flow_jump_observation,0.6138421297073364,7642
site_shift,20,104,204,304,gradient_boosting,0.3441474577538889,0
site_shift,20,104,204,304,gru_from_scratch,0.5848695039749146,4455
site_shift,20,104,204,304,representation_linear,0.740696376030529,20
site_shift,20,104,204,304,representation_mlp,1.3179946236115392,673
site_shift,20,105,205,305,engineered_linear,0.5996845136134336,17
site_shift,20,105,205,305,flow_jump,0.5759525299072266,6967
site_shift,20,105,205,305,flow_jump_observation,0.5703220367431641,7642
site_shift,20,105,205,305,gradient_boosting,0.300853686842532,0
site_shift,20,105,205,305,gru_from_scratch,0.5894859433174133,4455
site_shift,20,105,205,305,representation_linear,0.6384475022669328,20
site_shift,20,105,205,305,representation_mlp,0.8728949229427285,673
site_shift,40,101,201,301,engineered_linear,0.6051128079684821,17
site_shift,40,101,201,301,flow_jump,0.6594340801239014,6967
site_shift,40,101,201,301,flow_jump_observation,0.6596875190734863,7642
site_shift,40,101,201,301,gradient_boosting,0.257785815615056,0
site_shift,40,101,201,301,gru_from_scratch,0.5965940952301025,4455
site_shift,40,101,201,301,representation_linear,0.6467163267476079,20
site_shift,40,101,201,301,representation_mlp,0.764130607515577,673
site_shift,40,102,202,302,engineered_linear,0.6104693194114952,17
site_shift,40,102,202,302,flow_jump,0.4101747572422027,6967
site_shift,40,102,202,302,flow_jump_observation,0.4086531102657318,7642
site_shift,40,102,202,302,gradient_boosting,0.2745907340396895,0
site_shift,40,102,202,302,gru_from_scratch,0.4675082564353943,4455
site_shift,40,102,202,302,representation_linear,0.6646562346034788,20
site_shift,40,102,202,302,representation_mlp,0.8285884142394313,673
site_shift,40,103,203,303,engineered_linear,0.6323136417481597,17
site_shift,40,103,203,303,flow_jump,0.6271836161613464,6967
site_shift,40,103,203,303,flow_jump_observation,0.6270872354507446,7642
site_shift,40,103,203,303,gradient_boosting,0.2906631927384151,0
site_shift,40,103,203,303,gru_from_scratch,0.5948143601417542,4455
site_shift,40,103,203,303,representation_linear,0.6639267674477088,20
site_shift,40,103,203,303,representation_mlp,1.0151496447973738,673
site_shift,40,104,204,304,engineered_linear,0.6432346249378746,17
site_shift,40,104,204,304,flow_jump,0.6206902265548706,6967
site_shift,40,104,204,304,flow_jump_observation,0.6205556988716125,7642
site_shift,40,104,204,304,gradient_boosting,0.2679175544919198,0
site_shift,40,104,204,304,gru_from_scratch,0.6017172932624817,4455
site_shift,40,104,204,304,representation_linear,0.7187251160466968,20
site_shift,40,104,204,304,representation_mlp,0.9636696000595416,673
site_shift,40,105,205,305,engineered_linear,0.6077121831205031,17
site_shift,40,105,205,305,flow_jump,0.6747114062309265,6967
site_shift,40,105,205,305,flow_jump_observation,0.6743541359901428,7642
site_shift,40,105,205,305,gradient_boosting,0.2813229445432222,0
site_shift,40,105,205,305,gru_from_scratch,0.5976113080978394,4455
site_shift,40,105,205,305,representation_linear,0.6437667242036121,20
site_shift,40,105,205,305,representation_mlp,0.7239458214667598,673
site_shift,80,101,201,301,engineered_linear,0.6062657565806033,17
site_shift,80,101,201,301,flow_jump,0.4038529396057129,6967
site_shift,80,101,201,301,flow_jump_observation,0.4035467803478241,7642
site_shift,80,101,201,301,gradient_boosting,0.2497063535289197,0
site_shift,80,101,201,301,gru_from_scratch,0.494154542684555,4455
site_shift,80,101,201,301,representation_linear,0.6469585851755516,20
site_shift,80,101,201,301,representation_mlp,0.6100984714442641,673
site_shift,80,102,202,302,engineered_linear,0.6192105315418784,17
site_shift,80,102,202,302,flow_jump,0.4404965043067932,6967
site_shift,80,102,202,302,flow_jump_observation,0.4396179318428039,7642
site_shift,80,102,202,302,gradient_boosting,0.242091823578044,0
site_shift,80,102,202,302,gru_from_scratch,0.4740393757820129,4455
site_shift,80,102,202,302,representation_linear,0.6949756356518716,20
site_shift,80,102,202,302,representation_mlp,0.6305402441600071,673
site_shift,80,103,203,303,engineered_linear,0.6147772633183114,17
site_shift,80,103,203,303,flow_jump,0.6408675312995911,6967
site_shift,80,103,203,303,flow_jump_observation,0.6415596604347229,7642
site_shift,80,103,203,303,gradient_boosting,0.2482945841301151,0
site_shift,80,103,203,303,gru_from_scratch,0.5903971791267395,4455
site_shift,80,103,203,303,representation_linear,0.660669838790228,20
site_shift,80,103,203,303,representation_mlp,0.6308198934924636,673
site_shift,80,104,204,304,engineered_linear,0.6338219006790643,17
site_shift,80,104,204,304,flow_jump,0.4650972187519073,6967
site_shift,80,104,204,304,flow_jump_observation,0.4726936519145965,7642
site_shift,80,104,204,304,gradient_boosting,0.2344149005604241,0
site_shift,80,104,204,304,gru_from_scratch,0.5228040218353271,4455
site_shift,80,104,204,304,representation_linear,0.7150270567760177,20
site_shift,80,104,204,304,representation_mlp,0.6541346171550337,673
site_shift,80,105,205,305,engineered_linear,0.612820512487516,17
site_shift,80,105,205,305,flow_jump,0.5308290719985962,6967
site_shift,80,105,205,305,flow_jump_observation,0.5286980271339417,7642
site_shift,80,105,205,305,gradient_boosting,0.2441352065873377,0
site_shift,80,105,205,305,gru_from_scratch,0.4662465155124664,4455
site_shift,80,105,205,305,representation_linear,0.6890890352791975,20
site_shift,80,105,205,305,representation_mlp,0.6505426824700785,673
site_shift,100,101,201,301,engineered_linear,0.6287128097632569,17
site_shift,100,101,201,301,flow_jump,0.420740932226181,6967
site_shift,100,101,201,301,flow_jump_observation,0.4194478392601013,7642
site_shift,100,101,201,301,gradient_boosting,0.2352791341582578,0
site_shift,100,101,201,301,gru_from_scratch,0.4948897957801819,4455
site_shift,100,101,201,301,representation_linear,0.697726356817821,20
site_shift,100,101,201,301,representation_mlp,0.6563259084092885,673
site_shift,100,102,202,302,engineered_linear,0.6162855324355391,17
site_shift,100,102,202,302,flow_jump,0.4207600653171539,6967
site_shift,100,102,202,302,flow_jump_observation,0.4204663038253784,7642
site_shift,100,102,202,302,gradient_boosting,0.2298240609935397,0
site_shift,100,102,202,302,gru_from_scratch,0.465676337480545,4455
site_shift,100,102,202,302,representation_linear,0.6897172566740079,20
site_shift,100,102,202,302,representation_mlp,0.6948536117880382,673
site_shift,100,103,203,303,engineered_linear,0.6430319516337671,17
site_shift,100,103,203,303,flow_jump,0.5113661885261536,6967
site_shift,100,103,203,303,flow_jump_observation,0.506903886795044,7642
site_shift,100,103,203,303,gradient_boosting,0.2282978416658381,0
site_shift,100,103,203,303,gru_from_scratch,0.4958305060863495,4455
site_shift,100,103,203,303,representation_linear,0.7408091762572687,20
site_shift,100,103,203,303,representation_mlp,0.7788804976673513,673
site_shift,100,104,204,304,engineered_linear,0.6154767230133501,17
site_shift,100,104,204,304,flow_jump,0.4037676751613617,6967
site_shift,100,104,204,304,flow_jump_observation,0.4022848904132843,7642
site_shift,100,104,204,304,gradient_boosting,0.230831514482901,0
site_shift,100,104,204,304,gru_from_scratch,0.5286607146263123,4455
site_shift,100,104,204,304,representation_linear,0.6734583825621446,20
site_shift,100,104,204,304,representation_mlp,0.6124637341500636,673
site_shift,100,105,205,305,engineered_linear,0.6485496655652742,17
site_shift,100,105,205,305,flow_jump,0.4860056936740875,6967
site_shift,100,105,205,305,flow_jump_observation,0.4831002652645111,7642
site_shift,100,105,205,305,gradient_boosting,0.2268676570820567,0
site_shift,100,105,205,305,gru_from_scratch,0.4516214430332184,4455
site_shift,100,105,205,305,representation_linear,0.7148479191992844,20
site_shift,100,105,205,305,representation_mlp,0.6235268287609109,673
smooth,5,101,201,301,engineered_linear,0.3346303441843092,17
smooth,5,101,201,301,flow_jump,0.3516337275505066,6967
smooth,5,101,201,301,flow_jump_observation,0.3517927825450897,7642
smooth,5,101,201,301,gradient_boosting,0.3185319991661903,0
smooth,5,101,201,301,gru_from_scratch,0.3355317115783691,4455
smooth,5,101,201,301,representation_linear,0.3658315857513969,20
smooth,5,101,201,301,representation_mlp,0.986830694084324,673
smooth,5,102,202,302,engineered_linear,0.3436004728459998,17
smooth,5,102,202,302,flow_jump,0.3341741859912872,6967
smooth,5,102,202,302,flow_jump_observation,0.3342344760894775,7642
smooth,5,102,202,302,gradient_boosting,0.3605555231556629,0
smooth,5,102,202,302,gru_from_scratch,0.3027779161930084,4455
smooth,5,102,202,302,representation_linear,0.452552299896672,20
smooth,5,102,202,302,representation_mlp,1.1441143451160614,673
smooth,5,103,203,303,engineered_linear,0.3258911561885308,17
smooth,5,103,203,303,flow_jump,0.3377593159675598,6967
smooth,5,103,203,303,flow_jump_observation,0.3377728164196014,7642
smooth,5,103,203,303,gradient_boosting,0.2439215787215493,0
smooth,5,103,203,303,gru_from_scratch,0.3164938688278198,4455
smooth,5,103,203,303,representation_linear,0.4104685479597627,20
smooth,5,103,203,303,representation_mlp,0.921391700543592,673
smooth,5,104,204,304,engineered_linear,0.4022466280914318,17
smooth,5,104,204,304,flow_jump,0.3924211263656616,6967
smooth,5,104,204,304,flow_jump_observation,0.3922883868217468,7642
smooth,5,104,204,304,gradient_boosting,0.332720449992783,0
smooth,5,104,204,304,gru_from_scratch,0.3884019255638122,4455
smooth,5,104,204,304,representation_linear,0.4884020991332272,20
smooth,5,104,204,304,representation_mlp,1.930833684095917,673
smooth,5,105,205,305,engineered_linear,0.45313869666534,17
smooth,5,105,205,305,flow_jump,0.4178653657436371,6967
smooth,5,105,205,305,flow_jump_observation,0.4183306992053985,7642
smooth,5,105,205,305,gradient_boosting,0.2952260188673513,0
smooth,5,105,205,305,gru_from_scratch,0.4046676456928253,4455
smooth,5,105,205,305,representation_linear,0.5078550509263206,20
smooth,5,105,205,305,representation_mlp,1.4807860136595614,673
smooth,10,101,201,301,engineered_linear,0.3159684828387765,17
smooth,10,101,201,301,flow_jump,0.3425774872303009,6967
smooth,10,101,201,301,flow_jump_observation,0.3425725102424621,7642
smooth,10,101,201,301,gradient_boosting,0.2152578069946737,0
smooth,10,101,201,301,gru_from_scratch,0.3204764723777771,4455
smooth,10,101,201,301,representation_linear,0.3506579680070145,20
smooth,10,101,201,301,representation_mlp,2.566166117601582,673
smooth,10,102,202,302,engineered_linear,0.319040754554282,17
smooth,10,102,202,302,flow_jump,0.3305659592151642,6967
smooth,10,102,202,302,flow_jump_observation,0.3274068236351013,7642
smooth,10,102,202,302,gradient_boosting,0.2326530314394979,0
smooth,10,102,202,302,gru_from_scratch,0.2841247022151947,4455
smooth,10,102,202,302,representation_linear,0.3721334597739915,20
smooth,10,102,202,302,representation_mlp,1.0201182899681414,673
smooth,10,103,203,303,engineered_linear,0.3315612060737856,17
smooth,10,103,203,303,flow_jump,0.342727780342102,6967
smooth,10,103,203,303,flow_jump_observation,0.3410331308841705,7642
smooth,10,103,203,303,gradient_boosting,0.2616644347957483,0
smooth,10,103,203,303,gru_from_scratch,0.3186186850070953,4455
smooth,10,103,203,303,representation_linear,0.38377344784216,20
smooth,10,103,203,303,representation_mlp,0.6754351229944515,673
smooth,10,104,204,304,engineered_linear,0.297956256575676,17
smooth,10,104,204,304,flow_jump,0.3390527069568634,6967
smooth,10,104,204,304,flow_jump_observation,0.3390243947505951,7642
smooth,10,104,204,304,gradient_boosting,0.2282588834938009,0
smooth,10,104,204,304,gru_from_scratch,0.3407026827335357,4455
smooth,10,104,204,304,representation_linear,0.3517074463485345,20
smooth,10,104,204,304,representation_mlp,0.7317468999573875,673
smooth,10,105,205,305,engineered_linear,0.3059590432374013,17
smooth,10,105,205,305,flow_jump,0.3353658616542816,6967
smooth,10,105,205,305,flow_jump_observation,0.3355779349803924,7642
smooth,10,105,205,305,gradient_boosting,0.1982761962017156,0
smooth,10,105,205,305,gru_from_scratch,0.2772250473499298,4455
smooth,10,105,205,305,representation_linear,0.3746045013096071,20
smooth,10,105,205,305,representation_mlp,0.8743689449250689,673
smooth,20,101,201,301,engineered_linear,0.316124686448793,17
smooth,20,101,201,301,flow_jump,0.3321088552474975,6967
smooth,20,101,201,301,flow_jump_observation,0.3320937156677246,7642
smooth,20,101,201,301,gradient_boosting,0.1905390388056808,0
smooth,20,101,201,301,gru_from_scratch,0.2936912178993225,4455
smooth,20,101,201,301,representation_linear,0.3775651010278864,20
smooth,20,101,201,301,representation_mlp,0.8550401501342907,673
smooth,20,102,202,302,engineered_linear,0.3004038672227007,17
smooth,20,102,202,302,flow_jump,0.3067580461502075,6967
smooth,20,102,202,302,flow_jump_observation,0.3065846562385559,7642
smooth,20,102,202,302,gradient_boosting,0.1754303119851281,0
smooth,20,102,202,302,gru_from_scratch,0.2401845753192901,4455
smooth,20,102,202,302,representation_linear,0.3419674686698012,20
smooth,20,102,202,302,representation_mlp,0.6602288980712318,673
smooth,20,103,203,303,engineered_linear,0.2893033926660722,17
smooth,20,103,203,303,flow_jump,0.3291158676147461,6967
smooth,20,103,203,303,flow_jump_observation,0.3290996253490448,7642
smooth,20,103,203,303,gradient_boosting,0.2049451536880049,0
smooth,20,103,203,303,gru_from_scratch,0.2699415683746338,4455
smooth,20,103,203,303,representation_linear,0.3408764944721378,20
smooth,20,103,203,303,representation_mlp,0.685975783219734,673
smooth,20,104,204,304,engineered_linear,0.3104844028327183,17
smooth,20,104,204,304,flow_jump,0.3829705417156219,6967
smooth,20,104,204,304,flow_jump_observation,0.3828501403331756,7642
smooth,20,104,204,304,gradient_boosting,0.1895682158221275,0
smooth,20,104,204,304,gru_from_scratch,0.3645452558994293,4455
smooth,20,104,204,304,representation_linear,0.380776333075792,20
smooth,20,104,204,304,representation_mlp,0.7246211298235431,673
smooth,20,105,205,305,engineered_linear,0.2921775182802497,17
smooth,20,105,205,305,flow_jump,0.3073071837425232,6967
smooth,20,105,205,305,flow_jump_observation,0.3076523244380951,7642
smooth,20,105,205,305,gradient_boosting,0.1790012263507562,0
smooth,20,105,205,305,gru_from_scratch,0.3049791753292084,4455
smooth,20,105,205,305,representation_linear,0.3328275522897378,20
smooth,20,105,205,305,representation_mlp,0.6428886371028744,673
smooth,40,101,201,301,engineered_linear,0.3052381119382963,17
smooth,40,101,201,301,flow_jump,0.3177453577518463,6967
smooth,40,101,201,301,flow_jump_observation,0.3177040219306946,7642
smooth,40,101,201,301,gradient_boosting,0.1705870066131236,0
smooth,40,101,201,301,gru_from_scratch,0.2997545897960663,4455
smooth,40,101,201,301,representation_linear,0.3486903589984937,20
smooth,40,101,201,301,representation_mlp,0.5270528490512854,673
smooth,40,102,202,302,engineered_linear,0.2979280510180062,17
smooth,40,102,202,302,flow_jump,0.320194274187088,6967
smooth,40,102,202,302,flow_jump_observation,0.3201873302459717,7642
smooth,40,102,202,302,gradient_boosting,0.1687017394215239,0
smooth,40,102,202,302,gru_from_scratch,0.2546779215335846,4455
smooth,40,102,202,302,representation_linear,0.3375999442240335,20
smooth,40,102,202,302,representation_mlp,0.4701285402408664,673
smooth,40,103,203,303,engineered_linear,0.3093250737831951,17
smooth,40,103,203,303,flow_jump,0.3344254195690155,6967
smooth,40,103,203,303,flow_jump_observation,0.3348990678787231,7642
smooth,40,103,203,303,gradient_boosting,0.1926689173119902,0
smooth,40,103,203,303,gru_from_scratch,0.2267909944057464,4455
smooth,40,103,203,303,representation_linear,0.3506930001905757,20
smooth,40,103,203,303,representation_mlp,0.5283332899186419,673
smooth,40,104,204,304,engineered_linear,0.2951521005987998,17
smooth,40,104,204,304,flow_jump,0.3282971680164337,6967
smooth,40,104,204,304,flow_jump_observation,0.3282536268234253,7642
smooth,40,104,204,304,gradient_boosting,0.174586296029969,0
smooth,40,104,204,304,gru_from_scratch,0.3179330825805664,4455
smooth,40,104,204,304,representation_linear,0.3361940136126901,20
smooth,40,104,204,304,representation_mlp,0.4764241522839968,673
smooth,40,105,205,305,engineered_linear,0.2928813436287485,17
smooth,40,105,205,305,flow_jump,0.3024895191192627,6967
smooth,40,105,205,305,flow_jump_observation,0.303497850894928,7642
smooth,40,105,205,305,gradient_boosting,0.1628570625646684,0
smooth,40,105,205,305,gru_from_scratch,0.2546111345291137,4455
smooth,40,105,205,305,representation_linear,0.3411613574200185,20
smooth,40,105,205,305,representation_mlp,0.4878138537410973,673
smooth,80,101,201,301,engineered_linear,0.295850924848878,17
smooth,80,101,201,301,flow_jump,0.3183062374591827,6967
smooth,80,101,201,301,flow_jump_observation,0.3177483677864074,7642
smooth,80,101,201,301,gradient_boosting,0.1519592700475617,0
smooth,80,101,201,301,gru_from_scratch,0.2829152345657348,4455
smooth,80,101,201,301,representation_linear,0.3467040275827184,20
smooth,80,101,201,301,representation_mlp,0.4019263003156736,673
smooth,80,102,202,302,engineered_linear,0.2959826313468578,17
smooth,80,102,202,302,flow_jump,0.275347501039505,6967
smooth,80,102,202,302,flow_jump_observation,0.2751542627811432,7642
smooth,80,102,202,302,gradient_boosting,0.1564819465186814,0
smooth,80,102,202,302,gru_from_scratch,0.3136096596717834,4455
smooth,80,102,202,302,representation_linear,0.3391282073884388,20
smooth,80,102,202,302,representation_mlp,0.4036073992312621,673
smooth,80,103,203,303,engineered_linear,0.3062336259342467,17
smooth,80,103,203,303,flow_jump,0.2888700664043426,6967
smooth,80,103,203,303,flow_jump_observation,0.2884406447410583,7642
smooth,80,103,203,303,gradient_boosting,0.1612662770947592,0
smooth,80,103,203,303,gru_from_scratch,0.2500313818454742,4455
smooth,80,103,203,303,representation_linear,0.3437804399735988,20
smooth,80,103,203,303,representation_mlp,0.4369054529405535,673
smooth,80,104,204,304,engineered_linear,0.2964416120946108,17
smooth,80,104,204,304,flow_jump,0.3035716414451599,6967
smooth,80,104,204,304,flow_jump_observation,0.3030252754688263,7642
smooth,80,104,204,304,gradient_boosting,0.1563571127648797,0
smooth,80,104,204,304,gru_from_scratch,0.2542189955711365,4455
smooth,80,104,204,304,representation_linear,0.3321283575517143,20
smooth,80,104,204,304,representation_mlp,0.4114645147588606,673
smooth,80,105,205,305,engineered_linear,0.2884907626924547,17
smooth,80,105,205,305,flow_jump,0.2802887260913849,6967
smooth,80,105,205,305,flow_jump_observation,0.2804751992225647,7642
smooth,80,105,205,305,gradient_boosting,0.1510642379308737,0
smooth,80,105,205,305,gru_from_scratch,0.2622853219509125,4455
smooth,80,105,205,305,representation_linear,0.3208624877277741,20
smooth,80,105,205,305,representation_mlp,0.3735018091985648,673
smooth,100,101,201,301,engineered_linear,0.2998215557126683,17
smooth,100,101,201,301,flow_jump,0.2928628325462341,6967
smooth,100,101,201,301,flow_jump_observation,0.2912899851799011,7642
smooth,100,101,201,301,gradient_boosting,0.1469668157512596,0
smooth,100,101,201,301,gru_from_scratch,0.2759532928466797,4455
smooth,100,101,201,301,representation_linear,0.3410205438992328,20
smooth,100,101,201,301,representation_mlp,0.3898685682024378,673
smooth,100,102,202,302,engineered_linear,0.298332051574515,17
smooth,100,102,202,302,flow_jump,0.2638812065124511,6967
smooth,100,102,202,302,flow_jump_observation,0.2633927464485168,7642
smooth,100,102,202,302,gradient_boosting,0.1520355317751848,0
smooth,100,102,202,302,gru_from_scratch,0.2469717264175415,4455
smooth,100,102,202,302,representation_linear,0.3339286346894267,20
smooth,100,102,202,302,representation_mlp,0.3865734234415094,673
smooth,100,103,203,303,engineered_linear,0.2960250032345849,17
smooth,100,103,203,303,flow_jump,0.3030635714530945,6967
smooth,100,103,203,303,flow_jump_observation,0.3008846938610077,7642
smooth,100,103,203,303,gradient_boosting,0.1567501192727704,0
smooth,100,103,203,303,gru_from_scratch,0.2353140264749527,4455
smooth,100,103,203,303,representation_linear,0.3330410613638234,20
smooth,100,103,203,303,representation_mlp,0.3741912857096175,673
smooth,100,104,204,304,engineered_linear,0.2937499255680272,17
smooth,100,104,204,304,flow_jump,0.3097918331623077,6967
smooth,100,104,204,304,flow_jump_observation,0.3097605407238006,7642
smooth,100,104,204,304,gradient_boosting,0.153149848896614,0
smooth,100,104,204,304,gru_from_scratch,0.2538968622684479,4455
smooth,100,104,204,304,representation_linear,0.333161671152738,20
smooth,100,104,204,304,representation_mlp,0.3847931594173459,673
smooth,100,105,205,305,engineered_linear,0.2866047186289331,17
smooth,100,105,205,305,flow_jump,0.2922412157058716,6967
smooth,100,105,205,305,flow_jump_observation,0.2922722995281219,7642
smooth,100,105,205,305,gradient_boosting,0.1527070449971541,0
smooth,100,105,205,305,gru_from_scratch,0.2591337263584137,4455
smooth,100,105,205,305,representation_linear,0.324174145111932,20
smooth,100,105,205,305,representation_mlp,0.3736008353122799,673
