world,n_train,model,site_or_shift,metric,mean,median,sd,minimum,maximum,n
site_shift,5,flow_jump,all,coverage_90,0.8266778381926188,0.8471916873018445,0.10318820744605371,0.7158788791379432,0.9623241358039336,5
site_shift,5,flow_jump,site_0,coverage_90,0.7554571179722726,0.7552870090634441,0.1310765120153774,0.6016798812497737,0.9189760114572144,5
site_shift,5,flow_jump,site_1,coverage_90,0.7420599458305934,0.7348637758308381,0.11773259100069099,0.6114526663423121,0.8986752042393464,5
site_shift,5,flow_jump,site_1_minus_site_0,coverage_90,-0.013397172141679181,-0.020423233232606,0.0358601628964251,-0.0435826365190776,0.0484256156963673,5
site_shift,5,flow_jump_observation,all,coverage_90,0.8263413075136917,0.8471916873018445,0.10387413525365362,0.7153377408653507,0.963083347173124,5
site_shift,5,flow_jump_observation,site_0,coverage_90,0.7662107569779798,0.7556226921785835,0.11999729676911168,0.6164150465225734,0.9197636949516648,5
site_shift,5,flow_jump_observation,site_1,coverage_90,0.7533775249943022,0.735078185649329,0.10348402567757446,0.6583587656832824,0.8991756826378156,5
site_shift,5,flow_jump_observation,site_1_minus_site_0,coverage_90,-0.012833231983677579,-0.0205880123138493,0.03261920967981267,-0.0356211674270854,0.044277161510001,5
site_shift,5,gru_from_scratch,all,coverage_90,0.8044464830127689,0.7415472911990002,0.10837938830001079,0.7159875934019456,0.9708415383520368,5
site_shift,10,flow_jump,all,coverage_90,0.8905922295338339,0.9103811269326566,0.05032939891349831,0.8270546745451572,0.936875044114533,5
site_shift,10,flow_jump,site_0,coverage_90,0.8854301117995647,0.866784948621276,0.0461562882723051,0.8460333445227705,0.9626532887402452,5
site_shift,10,flow_jump,site_1,coverage_90,0.880758235669993,0.8545079855744462,0.050993454506509904,0.8352519315367269,0.961423916729326,5
site_shift,10,flow_jump,site_1_minus_site_0,coverage_90,-0.004671876129571559,-0.0059288207270217,0.008773528586067716,-0.0138777706859355,0.0084579957620621,5
site_shift,10,flow_jump_observation,all,coverage_90,0.8843951480407602,0.9055596075571136,0.04492076981905631,0.8268211224513627,0.9315048992858668,5
site_shift,10,flow_jump_observation,site_0,coverage_90,0.8852904821795768,0.8659347970725216,0.04635620844614614,0.8460333445227705,0.9628390932738758,5
site_shift,10,flow_jump_observation,site_1,coverage_90,0.8809009232064513,0.8559137410760286,0.05112817894601023,0.834490407008983,0.961475518598788,5
site_shift,10,flow_jump_observation,site_1_minus_site_0,coverage_90,-0.0043895589731254205,-0.0043082424542256,0.008916532890205983,-0.0135356482052791,0.0088026079827527,5
site_shift,10,gru_from_scratch,all,coverage_90,0.8609770290697114,0.8339677616429344,0.04357693452745165,0.8255474625732521,0.9150648189539562,5
site_shift,20,flow_jump,all,coverage_90,0.8596053640916785,0.8528846821411215,0.054945343246974594,0.8063113868132901,0.9480177465657548,5
site_shift,20,flow_jump,site_0,coverage_90,0.8774903780420562,0.8603164042285799,0.04654349769351844,0.8462198351422924,0.9599713569638382,5
site_shift,20,flow_jump,site_1,coverage_90,0.8340483321874025,0.8040589996672951,0.07625325260750213,0.7773305615757736,0.9672481048060646,5
site_shift,20,flow_jump,site_1_minus_site_0,coverage_90,-0.043442045854653624,-0.0421608354749972,0.032955441458815515,-0.0809005792640629,0.0072767478422264,5
site_shift,20,flow_jump_observation,all,coverage_90,0.8589431302675881,0.8512184397491379,0.0554591684578455,0.8048310540908877,0.9481126479869036,5
site_shift,20,flow_jump_observation,site_0,coverage_90,0.8772501748807844,0.8611296915644742,0.04549100329508335,0.8453992764163962,0.9577157178660938,5
site_shift,20,flow_jump_observation,site_1,coverage_90,0.8347287113540285,0.8030239177849248,0.07415021324316647,0.7822474825659398,0.9650033119894016,5
site_shift,20,flow_jump_observation,site_1_minus_site_0,coverage_90,-0.04252146352675596,-0.0423753586314714,0.03209548970749241,-0.0788822089985343,0.0072875941233078,5
site_shift,20,gru_from_scratch,all,coverage_90,0.8668813339658316,0.8498223654800837,0.051684237518607526,0.823956862835852,0.9525730147808964,5
site_shift,40,flow_jump,all,coverage_90,0.8986197223645167,0.9026505004934442,0.04215382325531028,0.8442294786049849,0.953877909321692,5
site_shift,40,flow_jump,site_0,coverage_90,0.9178590906380544,0.914282546019073,0.03116130244311634,0.8697729988052568,0.9477517651430696,5
site_shift,40,flow_jump,site_1,coverage_90,0.890182104458496,0.9005078383749172,0.054830318539707275,0.7952766981306681,0.9280692026172784,5
site_shift,40,flow_jump,site_1_minus_site_0,coverage_90,-0.027676986179558237,-0.0153122452958914,0.026300330522221572,-0.0744963006745886,-0.0135988569347855,5
site_shift,40,flow_jump_observation,all,coverage_90,0.8981306990736384,0.9028619765966446,0.04268351232921076,0.8436740644743237,0.9539728107428408,5
site_shift,40,flow_jump_observation,site_0,coverage_90,0.9185873723079763,0.9150375939849624,0.030715500727978736,0.8712573766337207,0.9479375696767,5
site_shift,40,flow_jump_observation,site_1,coverage_90,0.8905810806707668,0.9007139177154633,0.05458100370200331,0.7961576901721266,0.928549776348379,5
site_shift,40,flow_jump_observation,site_1_minus_site_0,coverage_90,-0.02800629163720934,-0.0154284415472608,0.026435978231894607,-0.0750996864615941,-0.0143236762694991,5
site_shift,40,gru_from_scratch,all,coverage_90,0.9205318316317749,0.9063865783166504,0.025499553705164026,0.896676553705304,0.9525018387150348,5
site_shift,80,flow_jump,all,coverage_90,0.9010501690245677,0.8867897927534188,0.02563682380267914,0.8794637643926477,0.9331188817662168,5
site_shift,80,flow_jump,site_0,coverage_90,0.9062280576308218,0.9053618623511096,0.010817530719726055,0.8940914158305463,0.9227928835179592,5
site_shift,80,flow_jump,site_1,coverage_90,0.8803760486190294,0.8917786414954655,0.025527911534852614,0.8509074557329677,0.9105984991312706,5
site_shift,80,flow_jump,site_1_minus_site_0,coverage_90,-0.02585200901179252,-0.0169605953501549,0.015986427646345065,-0.0433378843688964,-0.0121943843866885,5
site_shift,80,flow_jump_observation,all,coverage_90,0.901859211557427,0.8867427980638188,0.026289584703195246,0.8799542237896163,0.9332114507879938,5
site_shift,80,flow_jump_observation,site_0,coverage_90,0.9054335579316151,0.9062307664458202,0.011077563401299527,0.893719806763285,0.922680989146246,5
site_shift,80,flow_jump_observation,site_1,coverage_90,0.8785438718408045,0.8873702804151027,0.026501162498465708,0.8506199596031079,0.9105763188052196,5
site_shift,80,flow_jump_observation,site_1_minus_site_0,coverage_90,-0.02688968609081046,-0.019110206516512,0.016597478247777853,-0.0464959438772464,-0.0121046703410262,5
site_shift,80,gru_from_scratch,all,coverage_90,0.9185386032511683,0.91520598545985,0.02926433445509185,0.8846019104561272,0.9545486103075606,5
site_shift,100,flow_jump,all,coverage_90,0.9069715820221145,0.9031926571221712,0.019758092237221535,0.8820789120767946,0.9271481798616094,5
site_shift,100,flow_jump,site_0,coverage_90,0.9070358206535121,0.9046822742474916,0.010229926848715484,0.8963485136697624,0.9234124343904784,5
site_shift,100,flow_jump,site_1,coverage_90,0.8637689086496947,0.8598207909055434,0.01575365058130664,0.845203504491516,0.88831389968536,5
site_shift,100,flow_jump,site_1_minus_site_0,coverage_90,-0.043266912003817284,-0.0456659533133503,0.016261805184087492,-0.0635916434849348,-0.020595987719151,5
site_shift,100,flow_jump_observation,all,coverage_90,0.906125033978063,0.90153443725623,0.019684351756541995,0.8819377455709009,0.9273796024160514,5
site_shift,100,flow_jump_observation,site_0,coverage_90,0.9065753186126461,0.9040876997398736,0.010485624765900781,0.8958263399351013,0.9232645819472168,5
site_shift,100,flow_jump_observation,site_1,coverage_90,0.8612468513853786,0.8582054344140239,0.015906713553902597,0.845417914310007,0.8879363316675921,5
site_shift,100,flow_jump_observation,site_1_minus_site_0,coverage_90,-0.04532846722726748,-0.0458822653258498,0.015470229040489603,-0.0637603888667198,-0.0210097600741985,5
site_shift,100,gru_from_scratch,all,coverage_90,0.9125418000908454,0.914916972230656,0.012788722461843415,0.8917488177305132,0.922913147115318,5
site_shift,5,flow_jump,all,event_brier,0.16770383345020856,0.154228456125229,0.04030369980542229,0.1287847319155318,0.2340571981486105,5
site_shift,5,flow_jump,site_0,event_brier,0.13073188621765336,0.1257539716696395,0.009555131623396999,0.1228769035619708,0.1461767219143207,5
site_shift,5,flow_jump,site_1,event_brier,0.13065695973788766,0.1266180783554652,0.012862384138471628,0.1218592258726301,0.1529806485264992,5
site_shift,5,flow_jump,site_1_minus_site_0,event_brier,-7.492647976569989e-05,-0.0004778550481995,0.004533770105161043,-0.0042857596090778,0.0068039266121785,5
site_shift,5,flow_jump_observation,all,event_brier,0.1670442340572226,0.1542334179401367,0.04024168931028427,0.1287462581824743,0.2340661549647886,5
site_shift,5,flow_jump_observation,site_0,event_brier,0.13071322724580067,0.1254939849432428,0.0095504690197501,0.1227761062111346,0.1460219992338842,5
site_shift,5,flow_jump_observation,site_1,event_brier,0.13081935959654364,0.126737686060207,0.012685023978247528,0.1218530533165358,0.1528202380976629,5
site_shift,5,flow_jump_observation,site_1_minus_site_0,event_brier,0.00010613235074296002,0.0002150303409507,0.004473498118105545,-0.0042973660693291,0.0067982388637787,5
site_shift,5,gru_from_scratch,all,event_brier,0.13707772796818146,0.1435578685635657,0.014802351944550348,0.1177689022333529,0.1500381707680365,5
site_shift,10,flow_jump,all,event_brier,0.15908066023666212,0.1399487865232687,0.04333344410183504,0.1269914330649128,0.2340155451351958,5
site_shift,10,flow_jump,site_0,event_brier,0.15159345829152232,0.1266898584448691,0.03962759545663024,0.1185699959314986,0.2040105872542902,5
site_shift,10,flow_jump,site_1,event_brier,0.15540122815036944,0.1290178548716125,0.04151211917703128,0.1224615984948966,0.2114075480383585,5
site_shift,10,flow_jump,site_1_minus_site_0,event_brier,0.00380776985884706,0.0040277204400968,0.0056440846434707625,-0.0042282599499725,0.0104478589401139,5
site_shift,10,flow_jump_observation,all,event_brier,0.1558269047298706,0.1370875495345921,0.04570787159649092,0.1233666148292185,0.2340239583525843,5
site_shift,10,flow_jump_observation,site_0,event_brier,0.1517358705079374,0.1266374870811704,0.03970701574658593,0.1185399860476021,0.20404970156865,5
site_shift,10,flow_jump_observation,site_1,event_brier,0.15556121605119871,0.1289922464431259,0.0415755489903445,0.1224830924176787,0.2114425077031939,5
site_shift,10,flow_jump_observation,site_1_minus_site_0,event_brier,0.00382534554326124,0.0040490199955019,0.0056194842667494065,-0.0041543946634917,0.0104522603955237,5
site_shift,10,gru_from_scratch,all,event_brier,0.1262874146966965,0.1200623796355702,0.012637007772962654,0.1166560212685287,0.1476758121962524,5
site_shift,20,flow_jump,all,event_brier,0.133174804735771,0.121631877133637,0.019489700802927366,0.1207194471115066,0.1661824333185652,5
site_shift,20,flow_jump,site_0,event_brier,0.12278996398152445,0.1205361362690401,0.008409212262831723,0.11345791042403,0.1350860715691356,5
site_shift,20,flow_jump,site_1,event_brier,0.12437598855374961,0.1230232122137156,0.005299252461206604,0.1203171131950527,0.1332933072539616,5
site_shift,20,flow_jump,site_1_minus_site_0,event_brier,0.0015860245722251602,4.2463792896699215e-05,0.005839523264235602,-0.0038414223537533,0.0112097996200512,5
site_shift,20,flow_jump_observation,all,event_brier,0.13319717445199472,0.121659976368801,0.019511852942036965,0.1207591987896764,0.1662577021061717,5
site_shift,20,flow_jump_observation,site_0,event_brier,0.12271816818357587,0.1205892600431595,0.008281106429995267,0.1134122494295695,0.1346976404836167,5
site_shift,20,flow_jump_observation,site_1,event_brier,0.12427951515778854,0.1229547719988937,0.005099726960417519,0.1203086293936658,0.1328417459263924,5
site_shift,20,flow_jump_observation,site_1_minus_site_0,event_brier,0.001561346974212673,7.467740101356479e-05,0.0058712264116866884,-0.0039362081928105,0.0112162415962482,5
site_shift,20,gru_from_scratch,all,event_brier,0.12381070210727163,0.1221423080005078,0.004990613267031804,0.1174255277543431,0.1292192335759825,5
site_shift,40,flow_jump,all,event_brier,0.15084630634378898,0.1327018659131913,0.03377525688107488,0.1245853611237732,0.2002070658755029,5
site_shift,40,flow_jump,site_0,event_brier,0.14194981068046428,0.1307716925085339,0.028936222443614833,0.1240305581226414,0.1931630967779666,5
site_shift,40,flow_jump,site_1,event_brier,0.1419356200493739,0.1374343868334309,0.02742346980586129,0.121078811947309,0.1885793906469011,5
site_shift,40,flow_jump,site_1_minus_site_0,event_brier,-1.4190631090380076e-05,-0.0029517461753324,0.005834046282150959,-0.0045837061310655,0.0092025595769433,5
site_shift,40,flow_jump_observation,all,event_brier,0.15088606394752763,0.1326884690744454,0.033871118715212624,0.1245577123009908,0.2002916161932814,5
site_shift,40,flow_jump_observation,site_0,event_brier,0.14197092385145424,0.1305721519286619,0.02902784153922539,0.1240450300539626,0.1933505578318524,5
site_shift,40,flow_jump_observation,site_1,event_brier,0.14195745756992043,0.1374981685565265,0.02751343087651932,0.1210832986019977,0.1887855612967141,5
site_shift,40,flow_jump_observation,site_1_minus_site_0,event_brier,-1.3466281533800004e-05,-0.0029617314519649,0.005860036213251564,-0.0045649965351382,0.0092536127366843,5
site_shift,40,gru_from_scratch,all,event_brier,0.1332570468130168,0.1316697479158599,0.0085129085572707,0.1215755028847472,0.1450382782591138,5
site_shift,80,flow_jump,all,event_brier,0.12439596313760296,0.1229665136310641,0.00532085305036166,0.1188977118911369,0.1330318575510293,5
site_shift,80,flow_jump,site_0,event_brier,0.13378581119118121,0.1238859107433952,0.027894341136341597,0.1139201249040318,0.1828915774658331,5
site_shift,80,flow_jump,site_1,event_brier,0.13392346157782845,0.1232569962074205,0.026138480481082044,0.1200240758174327,0.1805208956442576,5
site_shift,80,flow_jump,site_1_minus_site_0,event_brier,0.00013765038664725985,-0.0023706818215754,0.0064838420660753545,-0.0041241497997652,0.0114266079896509,5
site_shift,80,flow_jump_observation,all,event_brier,0.12445974815402894,0.1229681283839488,0.005369345459413922,0.118894793819288,0.13311054824726,5
site_shift,80,flow_jump_observation,site_0,event_brier,0.13384232375101202,0.1239443462813109,0.028030938113140644,0.1138348598991361,0.1831771829720145,5
site_shift,80,flow_jump_observation,site_1,event_brier,0.13398109358899102,0.1233021735827399,0.02626090742930269,0.1200887053759968,0.180803491883366,5
site_shift,80,flow_jump_observation,site_1_minus_site_0,event_brier,0.0001387698379790399,-0.0023736910886484,0.0064871734838414866,-0.0041410048150434,0.0114301249430346,5
site_shift,80,gru_from_scratch,all,event_brier,0.12297624240456224,0.1207203115839616,0.006486018021990125,0.1180955851414298,0.1343805855275009,5
site_shift,100,flow_jump,all,event_brier,0.12199314395271457,0.1223733478713563,0.0020100722973102215,0.119164337734639,0.1245257595350028,5
site_shift,100,flow_jump,site_0,event_brier,0.11924453516319378,0.1198995407744679,0.005038199740699028,0.112602729217524,0.1240490693605592,5
site_shift,100,flow_jump,site_1,event_brier,0.12041211704261907,0.1199784026601623,0.00197100184964354,0.1182055316602293,0.1235306369693086,5
site_shift,100,flow_jump,site_1_minus_site_0,event_brier,0.00116758187942534,-0.0002934342251492,0.006022410776805959,-0.0039321141868294,0.0109279077517846,5
site_shift,100,flow_jump_observation,all,event_brier,0.12201838093024975,0.1223705995749641,0.0020100791533216077,0.1191750933291128,0.1245468755563706,5
site_shift,100,flow_jump_observation,site_0,event_brier,0.11925270021980114,0.1199028345224498,0.005038844094767618,0.1126140174381248,0.1240612511657008,5
site_shift,100,flow_jump_observation,site_1,event_brier,0.12041353193461224,0.1199830879469982,0.0019804027380358425,0.11819836364166,0.123550044229725,5
site_shift,100,flow_jump_observation,site_1_minus_site_0,event_brier,0.0011608317148110597,-0.000299343879657,0.006030029398659017,-0.00393678262454,0.0109360267916001,5
site_shift,100,gru_from_scratch,all,event_brier,0.11997337316465335,0.1195879209328096,0.0021449277840214593,0.1174990652638104,0.1228056437452925,5
site_shift,5,flow_jump,all,event_log_loss,0.5199079601553354,0.4937851063969564,0.0875090686626578,0.429919770400698,0.661226088781306,5
site_shift,5,flow_jump,site_0,event_log_loss,0.4410458450874878,0.4350077168646326,0.02081579213177264,0.4206644807547615,0.4755919998759922,5
site_shift,5,flow_jump,site_1,event_log_loss,0.442947444938545,0.4320706058612791,0.02620311775762665,0.4242008866713585,0.4887761859984397,5
site_shift,5,flow_jump,site_1_minus_site_0,event_log_loss,0.0019015998510571396,0.003536405916597,0.009447073548371938,-0.0101498310567935,0.0131841861224474,5
site_shift,5,flow_jump_observation,all,event_log_loss,0.5184514764820999,0.4937953816797662,0.08730608446293477,0.429802312753844,0.661244052960541,5
site_shift,5,flow_jump_observation,site_0,event_log_loss,0.4390426209764822,0.4318609201550406,0.021941146747371163,0.4210624164945202,0.4752509882625871,5
site_shift,5,flow_jump_observation,site_1,event_log_loss,0.4416177418937678,0.4327598603397124,0.02640177970188105,0.4245323178412041,0.4883856969636905,5
site_shift,5,flow_jump_observation,site_1_minus_site_0,event_log_loss,0.00257512091728562,0.0034699013466839,0.009510250879200103,-0.0102129173917177,0.0131347087011034,5
site_shift,5,gru_from_scratch,all,event_log_loss,0.450918380182844,0.4686949531890569,0.03828331858011455,0.4009201705239075,0.4835172034690096,5
site_shift,10,flow_jump,all,event_log_loss,0.4993336262147162,0.4590822031743234,0.09464314487021391,0.4242410159846442,0.6611427815487245,5
site_shift,10,flow_jump,site_0,event_log_loss,0.4823262200632642,0.428477305222195,0.09078300329200575,0.4043711965871424,0.6002563661508231,5
site_shift,10,flow_jump,site_1,event_log_loss,0.49136617728152976,0.4292049879172148,0.09331140642959314,0.4216553620819027,0.6154657533697968,5
site_shift,10,flow_jump,site_1_minus_site_0,event_log_loss,0.00903995721826554,0.0083821945950329,0.011815595192912651,-0.0062781578231259,0.0248337913300724,5
site_shift,10,flow_jump_observation,all,event_log_loss,0.4912959182799489,0.4513563397798643,0.100527936330979,0.4180976162042504,0.6611596625237494,5
site_shift,10,flow_jump_observation,site_0,event_log_loss,0.48260606297655484,0.4280792505327873,0.09096369794540206,0.4042911234715383,0.6003359969482198,5
site_shift,10,flow_jump_observation,site_1,event_log_loss,0.4917511356738995,0.4291463565856256,0.09340032222457754,0.4223096414570121,0.6155359883019011,5
site_shift,10,flow_jump_observation,site_1_minus_site_0,event_log_loss,0.00914507269734472,0.0084220571610936,0.011661758780217881,-0.0057696090757751,0.0248552331140873,5
site_shift,10,gru_from_scratch,all,event_log_loss,0.4225626382190531,0.4057310342458555,0.033129183026105125,0.3976022596095662,0.4785742202171539,5
site_shift,20,flow_jump,all,event_log_loss,0.4409968757346343,0.4159417096629769,0.04706774972871674,0.4072659948237328,0.5204740041982695,5
site_shift,20,flow_jump,site_0,event_log_loss,0.41809723067824545,0.4069760601899409,0.025276446641021032,0.392175766640585,0.4460809558540881,5
site_shift,20,flow_jump,site_1,event_log_loss,0.4229216792226776,0.4232805362558722,0.01499290020641712,0.4081689960750843,0.4423065910450811,5
site_shift,20,flow_jump,site_1_minus_site_0,event_log_loss,0.00482444854443218,0.0011929358851434,0.01626297464842503,-0.0117256066281704,0.0311047696152871,5
site_shift,20,flow_jump_observation,all,event_log_loss,0.4410523036997408,0.4161109122166381,0.0471055810399268,0.4073940846994391,0.5206331365702747,5
site_shift,20,flow_jump_observation,site_0,event_log_loss,0.4179272392820665,0.4071560225245298,0.024957302489883943,0.3921911248934816,0.4449716906007376,5
site_shift,20,flow_jump_observation,site_1,event_log_loss,0.4226108596268414,0.4233979368927774,0.014372952412652294,0.4083700044738724,0.4410523553019001,5
site_shift,20,flow_jump_observation,site_1_minus_site_0,event_log_loss,0.00468362034477486,0.00133389407221,0.01653135873952573,-0.0125585969786918,0.0312068119992957,5
site_shift,20,gru_from_scratch,all,event_log_loss,0.41620658645542585,0.4105997088087242,0.01431713708140095,0.3982488402677399,0.4322365294046841,5
site_shift,40,flow_jump,all,event_log_loss,0.4810714363772342,0.4408365877650241,0.07797622093400883,0.4184910048047812,0.5926570773858735,5
site_shift,40,flow_jump,site_0,event_log_loss,0.46383687816148117,0.4404563829285889,0.06489221101772927,0.4156139397025001,0.5779419231009932,5
site_shift,40,flow_jump,site_1,event_log_loss,0.4648437109218643,0.4528759044782594,0.06063825315939288,0.4113191261840617,0.5683784370318521,5
site_shift,40,flow_jump,site_1_minus_site_0,event_log_loss,0.0010068327603830402,-0.0042948135184384,0.011721140207580845,-0.0095634860691411,0.0195052596128535,5
site_shift,40,flow_jump_observation,all,event_log_loss,0.4810903345486771,0.4408032098412914,0.07824878737006111,0.418393738622613,0.592831651297214,5
site_shift,40,flow_jump_observation,site_0,event_log_loss,0.4639544006877786,0.4409565149724735,0.06505616364842713,0.4156480393086238,0.5783354540167699,5
site_shift,40,flow_jump_observation,site_1,event_log_loss,0.46488528077116653,0.453042803124852,0.060833938663758025,0.4112770649201572,0.5688155927857547,5
site_shift,40,flow_jump_observation,site_1_minus_site_0,event_log_loss,0.0009308800833879005,-0.0043709743884666,0.01184021797750246,-0.0095198612310152,0.0196361422975399,5
site_shift,40,gru_from_scratch,all,event_log_loss,0.44195005267949855,0.439494791916914,0.022813907743337903,0.4091170478899987,0.4724471268589858,5
site_shift,80,flow_jump,all,event_log_loss,0.41863582780033565,0.4155297119259059,0.014525471108199519,0.4035166173991379,0.442022170766254,5
site_shift,80,flow_jump,site_0,event_log_loss,0.44197170807926495,0.4163743262892868,0.06656706142421194,0.3894872026361657,0.556651275513857,5
site_shift,80,flow_jump,site_1,event_log_loss,0.4421233364333602,0.4193415493806835,0.06144003911342361,0.4084095520973176,0.551568837298062,5
site_shift,80,flow_jump,site_1_minus_site_0,event_log_loss,0.0001516283540952993,-0.0050824382157949,0.017924228188277092,-0.0180922681507073,0.0298543467445178,5
site_shift,80,flow_jump_observation,all,event_log_loss,0.41873171773473106,0.4155067005062156,0.01464894397222146,0.4035023121461885,0.4422261314842227,5
site_shift,80,flow_jump_observation,site_0,event_log_loss,0.4421333103385976,0.4166408822130052,0.06687056319560657,0.3891627951881003,0.557255396426356,5
site_shift,80,flow_jump_observation,site_1,event_log_loss,0.4422937455012428,0.419061967545663,0.06167368679581832,0.4083393112137916,0.5521714956281805,5
site_shift,80,flow_jump_observation,site_1_minus_site_0,event_log_loss,0.00016043516264521983,-0.0050839007981755,0.01796881048013015,-0.0182541003536675,0.0298991723575627,5
site_shift,80,gru_from_scratch,all,event_log_loss,0.41361258293755415,0.4079312715058578,0.01873533482212313,0.3996217199843188,0.4465623705073304,5
site_shift,100,flow_jump,all,event_log_loss,0.41186497737747596,0.4125561074696157,0.00548254666105808,0.4041669147252554,0.4173023420790447,5
site_shift,100,flow_jump,site_0,event_log_loss,0.4036603086739241,0.4046009604624153,0.01411875382978386,0.3854767039565822,0.417532160666879,5
site_shift,100,flow_jump,site_1,event_log_loss,0.40799839802705795,0.4093534361055039,0.005124122695189976,0.401014938419179,0.4142194625343909,5
site_shift,100,flow_jump,site_1_minus_site_0,event_log_loss,0.00433808935313382,0.0003132458457049,0.01492756675864711,-0.0075621700959621,0.0287427585778086,5
site_shift,100,flow_jump_observation,all,event_log_loss,0.41199041188047375,0.4124889954133415,0.005537330363652596,0.4041984357363784,0.4176509011000793,5
site_shift,100,flow_jump_observation,site_0,event_log_loss,0.4037091769791596,0.4046017504594933,0.014142258066091797,0.3855201852143302,0.4176205080615938,5
site_shift,100,flow_jump_observation,site_1,event_log_loss,0.408013425812943,0.4094609792575159,0.005173158567255671,0.4009751257979901,0.4142790713619961,5
site_shift,100,flow_jump_observation,site_1_minus_site_0,event_log_loss,0.00430424883378346,0.0002522459110991,0.014946217484276898,-0.0075408103704225,0.0287588861476659,5
site_shift,100,gru_from_scratch,all,event_log_loss,0.4052525775683817,0.4050434141194837,0.0056970824514114135,0.3988554425237745,0.4129646714305181,5
site_shift,5,flow_jump,all,event_roc_auc,0.4889803613152088,0.4847443187070496,0.012407183939072038,0.474128548673961,0.505677038442036,5
site_shift,5,flow_jump,site_0,event_roc_auc,0.5005153862624953,0.5028402119281457,0.019071949616353247,0.4739401313514094,0.5192706157681766,5
site_shift,5,flow_jump,site_1,event_roc_auc,0.4977137910607851,0.4988398844880284,0.007333881605397474,0.4868001451521779,0.507325959252841,5
site_shift,5,flow_jump,site_1_minus_site_0,event_roc_auc,-0.0028015952017101608,-0.0061246308835322,0.024084931084614212,-0.0324704706159986,0.0249472540148554,5
site_shift,5,flow_jump_observation,all,event_roc_auc,0.4890810077880324,0.4848728420464914,0.012275671291352427,0.4745249532847043,0.5056706779970105,5
site_shift,5,flow_jump_observation,site_0,event_roc_auc,0.5012550437796202,0.5061261121350427,0.01947732412025121,0.4737745946300213,0.5197583019971452,5
site_shift,5,flow_jump_observation,site_1,event_roc_auc,0.49760117173815555,0.4986413883579728,0.007310697349145972,0.4869615016062282,0.5073867275594331,5
site_shift,5,flow_jump_observation,site_1_minus_site_0,event_roc_auc,-0.0036538720414646384,-0.0099829333130104,0.024536632230972227,-0.0327968003909169,0.0250984677150902,5
site_shift,5,gru_from_scratch,all,event_roc_auc,0.4801269343730584,0.4849459883496977,0.010836446964825476,0.4668263362372248,0.4901002684051873,5
site_shift,10,flow_jump,all,event_roc_auc,0.4977826777557116,0.4968953848450302,0.012120813509719766,0.4816880543923634,0.5130722901171493,5
site_shift,10,flow_jump,site_0,event_roc_auc,0.5081305924800357,0.5000548339620484,0.023078535379277707,0.4844430419151024,0.5354363321748914,5
site_shift,10,flow_jump,site_1,event_roc_auc,0.5037038360507168,0.5055742766020966,0.013210810586116926,0.4888368912640103,0.522917499137735,5
site_shift,10,flow_jump,site_1_minus_site_0,event_roc_auc,-0.00442675642931886,-0.0067889562510823,0.025055393333254978,-0.0413635784786046,0.022674717638353,5
site_shift,10,flow_jump_observation,all,event_roc_auc,0.49710974760234344,0.4968971638656757,0.01130180636722491,0.4812842836800396,0.5099573638168455,5
site_shift,10,flow_jump_observation,site_0,event_roc_auc,0.5081336145828061,0.4995637693377533,0.022994718339661938,0.4843976504870566,0.5353241765922316,5
site_shift,10,flow_jump_observation,site_1,event_roc_auc,0.503692606095332,0.5059086805663573,0.013351627139645153,0.4885167137097627,0.5229604807012652,5
site_shift,10,flow_jump_observation,site_1_minus_site_0,event_roc_auc,-0.004441008487474139,-0.0067804361138572,0.025004083210818356,-0.0413696064331148,0.0227249348531015,5
site_shift,10,gru_from_scratch,all,event_roc_auc,0.4893860722679869,0.4959998786261553,0.019322491154311814,0.4696215845330783,0.5145731010158038,5
site_shift,20,flow_jump,all,event_roc_auc,0.4976249519819202,0.5048094772548148,0.015186144132686267,0.4769586302287361,0.5109263224345414,5
site_shift,20,flow_jump,site_0,event_roc_auc,0.49408017156108147,0.4917911594078646,0.011250812196188408,0.4802625398431872,0.5089669779334507,5
site_shift,20,flow_jump,site_1,event_roc_auc,0.4929737223504633,0.490442285172704,0.010724475063428324,0.4781573087496644,0.5036930260777625,5
site_shift,20,flow_jump,site_1_minus_site_0,event_roc_auc,-0.0011064492106181202,-0.0052739518556882,0.013902758435219258,-0.0108733455548235,0.0229986506008937,5
site_shift,20,flow_jump_observation,all,event_roc_auc,0.49755165389863637,0.5048711266237976,0.015297357492200991,0.4767889425458148,0.5109817439834909,5
site_shift,20,flow_jump_observation,site_0,event_roc_auc,0.4944061372132433,0.4914947821406797,0.011284881883114344,0.481020318526644,0.5090522348765629,5
site_shift,20,flow_jump_observation,site_1,event_roc_auc,0.492973553042119,0.4907687369111307,0.010825996454390412,0.4779929890354368,0.5036564485737436,5
site_shift,20,flow_jump_observation,site_1_minus_site_0,event_roc_auc,-0.0014325841711243005,-0.0053957863028193,0.013829138610589908,-0.0117384762440213,0.0224247564123428,5
site_shift,20,gru_from_scratch,all,event_roc_auc,0.48781374269030453,0.4910222754111614,0.01684402736021391,0.4703284001356708,0.5067378025581812,5
site_shift,40,flow_jump,all,event_roc_auc,0.4950938589468084,0.4914862057308803,0.015506877935053624,0.4782852883403125,0.5182083930399538,5
site_shift,40,flow_jump,site_0,event_roc_auc,0.5004622023638785,0.505011327391473,0.010094018030118591,0.4828857870097364,0.5077450932576252,5
site_shift,40,flow_jump,site_1,event_roc_auc,0.49913969048457857,0.4930762809960897,0.013737130874313937,0.4836646045960155,0.5139561699881923,5
site_shift,40,flow_jump,site_1_minus_site_0,event_roc_auc,-0.0013225118792999399,-0.0096588657506434,0.021252724619972643,-0.0217182508715079,0.0310703829784558,5
site_shift,40,flow_jump_observation,all,event_roc_auc,0.49512259224623867,0.4915809672267886,0.015525352200749533,0.478013650153091,0.5182147825281074,5
site_shift,40,flow_jump_observation,site_0,event_roc_auc,0.500363668558274,0.505249058212967,0.010100400444098831,0.4828667752376998,0.5076505649877043,5
site_shift,40,flow_jump_observation,site_1,event_roc_auc,0.4991094852051595,0.4929970915118272,0.013756424030081066,0.4837663514542424,0.5139096341433442,5
site_shift,40,flow_jump_observation,site_1_minus_site_0,event_roc_auc,-0.00125418335311438,-0.0092886693173229,0.021119268934991883,-0.0214827067587244,0.0310428589056444,5
site_shift,40,gru_from_scratch,all,event_roc_auc,0.4830358478981208,0.4895979249820271,0.010939709643639934,0.4710689782295466,0.4935757463285776,5
site_shift,80,flow_jump,all,event_roc_auc,0.49371451414057255,0.4957553250647741,0.009436134914714383,0.4797019015376649,0.5043887215491302,5
site_shift,80,flow_jump,site_0,event_roc_auc,0.49279369218916597,0.4859792026741049,0.012666743589978921,0.4831641219837396,0.5126954097636858,5
site_shift,80,flow_jump,site_1,event_roc_auc,0.49175093861340013,0.4913384030832047,0.014982355156434427,0.4737627121445903,0.5096611012405041,5
site_shift,80,flow_jump,site_1_minus_site_0,event_roc_auc,-0.0010427535757658404,-0.0032302826506176,0.022674187202221294,-0.0243931179652908,0.0264969792567645,5
site_shift,80,flow_jump_observation,all,event_roc_auc,0.49374452124514107,0.4957361783826597,0.009508927575443386,0.4796505780314287,0.5046526105179234,5
site_shift,80,flow_jump_observation,site_0,event_roc_auc,0.4930124423393634,0.4874422003858099,0.012200122944337463,0.4831322821994291,0.511248735772629,5
site_shift,80,flow_jump_observation,site_1,event_roc_auc,0.4916085745597984,0.4901269464020389,0.015050793428549505,0.4740118415543594,0.5096535274363735,5
site_shift,80,flow_jump_observation,site_1_minus_site_0,event_roc_auc,-0.0014038677795650603,-0.0030013973449268,0.022762287952904085,-0.025678709759746,0.0265212452369443,5
site_shift,80,gru_from_scratch,all,event_roc_auc,0.48765832729240666,0.4922559371382073,0.01373748514895712,0.4700822653541357,0.500616026526599,5
site_shift,100,flow_jump,all,event_roc_auc,0.4955682484151864,0.5008781730002346,0.010842054111249343,0.4825092867756315,0.5066334426856701,5
site_shift,100,flow_jump,site_0,event_roc_auc,0.5060428852889427,0.5092973485880108,0.02033580029287228,0.4807611872032896,0.5349078126027214,5
site_shift,100,flow_jump,site_1,event_roc_auc,0.496557604028916,0.4981613484885234,0.0052949636285699805,0.4899120092562952,0.5019416006287918,5
site_shift,100,flow_jump,site_1_minus_site_0,event_roc_auc,-0.009485281260026759,-0.007355747959219,0.022460758300633276,-0.0427853573327497,0.0198894192977083,5
site_shift,100,flow_jump_observation,all,event_roc_auc,0.4954525357091867,0.5008601107512594,0.010909248753058152,0.4824966229906794,0.5068473664162815,5
site_shift,100,flow_jump_observation,site_0,event_roc_auc,0.5057797031115249,0.5085144451312364,0.020331432929391838,0.4807710239493918,0.5349787265087478,5
site_shift,100,flow_jump_observation,site_1,event_roc_auc,0.49635338130150763,0.4974753157870226,0.0052889705929446956,0.4898903967721152,0.501879344886875,5
site_shift,100,flow_jump_observation,site_1_minus_site_0,event_roc_auc,-0.009426321810017239,-0.0066351002443614,0.02260921304341147,-0.0430944767236944,0.0198665753270803,5
site_shift,100,gru_from_scratch,all,event_roc_auc,0.4874839749984158,0.4925663533097099,0.015936621320320567,0.4698866872664236,0.5029251906471428,5
site_shift,5,flow_jump,all,latent_aligned_r2,0.547885800257476,0.5419075028964248,0.02507137977698465,0.5161279569265635,0.5824867572234286,5
site_shift,5,flow_jump,site_0,latent_aligned_r2,0.6003771420978739,0.6062987347518928,0.02163993494567314,0.5719788397028038,0.6274211331980731,5
site_shift,5,flow_jump,site_1,latent_aligned_r2,0.4874259619786052,0.4886634055508876,0.022532116489848725,0.4512235340736744,0.5126480262202193,5
site_shift,5,flow_jump,site_1_minus_site_0,latent_aligned_r2,-0.11295118011926863,-0.1220184361874117,0.03074754447615544,-0.1348323011423371,-0.0593308134825845,5
site_shift,5,flow_jump_observation,all,latent_aligned_r2,0.5478303185350096,0.541915475408066,0.02577342756504963,0.51342800758328,0.582514537125191,5
site_shift,5,flow_jump_observation,site_0,latent_aligned_r2,0.5970874943863894,0.6049450403248566,0.024244852128817482,0.5721339555797785,0.6281324490292184,5
site_shift,5,flow_jump_observation,site_1,latent_aligned_r2,0.48362082388658933,0.4878346689842149,0.028708078789912012,0.4359020717874761,0.5120456017976798,5
site_shift,5,flow_jump_observation,site_1_minus_site_0,latent_aligned_r2,-0.11346667049980008,-0.1226842580715397,0.030770529943957434,-0.1368075610662245,-0.0600883537820987,5
site_shift,5,gru_from_scratch,all,latent_aligned_r2,0.6740569465205375,0.6762933190667351,0.006010772684376254,0.6636147885093391,0.6789636220387447,5
site_shift,10,flow_jump,all,latent_aligned_r2,0.5556401710064083,0.5499806554285531,0.016598677397299186,0.5414252905131051,0.5824666842649352,5
site_shift,10,flow_jump,site_0,latent_aligned_r2,0.6091739297217448,0.6070274187683716,0.021543650616439723,0.5821700132067013,0.6408360627397784,5
site_shift,10,flow_jump,site_1,latent_aligned_r2,0.49540416223262473,0.4976926576678649,0.02196685574391706,0.4677305778815035,0.5243554500802318,5
site_shift,10,flow_jump,site_1_minus_site_0,latent_aligned_r2,-0.1137697674891199,-0.1164806126595466,0.01978274401377468,-0.1392968408868681,-0.0844773555388362,5
site_shift,10,flow_jump_observation,all,latent_aligned_r2,0.5517785774030651,0.5452727490997374,0.017598227890375864,0.5396209642453091,0.5824773334127197,5
site_shift,10,flow_jump_observation,site_0,latent_aligned_r2,0.6085335028505845,0.6050939119408345,0.021168984638304543,0.582883912457698,0.6405900469989688,5
site_shift,10,flow_jump_observation,site_1,latent_aligned_r2,0.49473051856148953,0.4974206421933416,0.021327283014226612,0.4681231092160227,0.5241535030267012,5
site_shift,10,flow_jump_observation,site_1_minus_site_0,latent_aligned_r2,-0.11380298428909497,-0.1164365439722676,0.01857019564839578,-0.1369708027248118,-0.0854632702643564,5
site_shift,10,gru_from_scratch,all,latent_aligned_r2,0.6738164600760848,0.6758853682523234,0.010955776557815383,0.6623781977078136,0.6876915622407768,5
site_shift,20,flow_jump,all,latent_aligned_r2,0.5496598563801698,0.5449557819218152,0.012236984645105756,0.5344810637167086,0.5645499346925557,5
site_shift,20,flow_jump,site_0,latent_aligned_r2,0.6102596093326975,0.6166236113211606,0.02224351052090417,0.5794285677109587,0.6376371868409685,5
site_shift,20,flow_jump,site_1,latent_aligned_r2,0.5275857545289344,0.528248107508991,0.011361557247633687,0.5095972680928453,0.5402438502340716,5
site_shift,20,flow_jump,site_1_minus_site_0,latent_aligned_r2,-0.08267385480376306,-0.0864523334065374,0.03211367779451289,-0.1280399187481231,-0.0391847174768871,5
site_shift,20,flow_jump_observation,all,latent_aligned_r2,0.5500292180366779,0.544466775161931,0.011987923634410359,0.5366949495464984,0.5647445668440887,5
site_shift,20,flow_jump_observation,site_0,latent_aligned_r2,0.6097931397504743,0.6168734415003959,0.022537748557801596,0.5789337871486554,0.637765830965646,5
site_shift,20,flow_jump_observation,site_1,latent_aligned_r2,0.5277371523834468,0.5312662941049813,0.01096259072552466,0.5100702083279387,0.5394350114028037,5
site_shift,20,flow_jump_observation,site_1_minus_site_0,latent_aligned_r2,-0.08205598736702759,-0.0856071473954146,0.03185299704295979,-0.1276956226377072,-0.0394987757458517,5
site_shift,20,gru_from_scratch,all,latent_aligned_r2,0.6730065894196529,0.6775388488448584,0.008931133613873416,0.660160838397569,0.6800746756656092,5
site_shift,40,flow_jump,all,latent_aligned_r2,0.5635068595515313,0.5613404747109315,0.02134149814894636,0.5377488776444262,0.5937982607025342,5
site_shift,40,flow_jump,site_0,latent_aligned_r2,0.6156148458420047,0.6108237048235343,0.024487271689166704,0.5879763906965901,0.6507767210094284,5
site_shift,40,flow_jump,site_1,latent_aligned_r2,0.5195237226273611,0.5187277613608519,0.014029606073740637,0.4997227645106591,0.5355057858956815,5
site_shift,40,flow_jump,site_1_minus_site_0,latent_aligned_r2,-0.09609112321464344,-0.0980313305537492,0.016703848367438025,-0.1152709351137468,-0.0692486293357382,5
site_shift,40,flow_jump_observation,all,latent_aligned_r2,0.5637691071575454,0.561433175837515,0.022179055746715404,0.5377471417847277,0.5959459024993482,5
site_shift,40,flow_jump_observation,site_0,latent_aligned_r2,0.6156433554594686,0.6104395110598494,0.024607000294900084,0.5880552929776387,0.651265133157201,5
site_shift,40,flow_jump_observation,site_1,latent_aligned_r2,0.5195839887340831,0.5190941737125035,0.014175221463228579,0.5000503959145016,0.5360172244716276,5
site_shift,40,flow_jump_observation,site_1_minus_site_0,latent_aligned_r2,-0.09605936672538544,-0.0977550026515465,0.016805342736559332,-0.1152479086855734,-0.0689611192651351,5
site_shift,40,gru_from_scratch,all,latent_aligned_r2,0.6797566595542215,0.6844152699128385,0.009351666932846486,0.665374467014807,0.6881107219221442,5
site_shift,80,flow_jump,all,latent_aligned_r2,0.5693839944168638,0.56948084699121,0.01224924294619357,0.5522743279880372,0.5858791175519075,5
site_shift,80,flow_jump,site_0,latent_aligned_r2,0.6123831788043408,0.6201514971640164,0.02491920630742643,0.5831016005148173,0.6393543068600629,5
site_shift,80,flow_jump,site_1,latent_aligned_r2,0.5300339695102501,0.5204223762673786,0.018580245635655957,0.5104949833913751,0.5503432332152445,5
site_shift,80,flow_jump,site_1_minus_site_0,latent_aligned_r2,-0.08234920929409062,-0.0796060092333243,0.018271346434381233,-0.1096565137726413,-0.0637333376288198,5
site_shift,80,flow_jump_observation,all,latent_aligned_r2,0.5698148006299346,0.5698155595799577,0.012421039623688209,0.5528671556324773,0.5871160487119607,5
site_shift,80,flow_jump_observation,site_0,latent_aligned_r2,0.6130643796178491,0.621371094936382,0.025222519291869184,0.5833357879913509,0.639322297795726,5
site_shift,80,flow_jump_observation,site_1,latent_aligned_r2,0.5309503320415236,0.5207239100977521,0.018428531574136174,0.5124437028578641,0.5523612569718709,5
site_shift,80,flow_jump_observation,site_1_minus_site_0,latent_aligned_r2,-0.08211404757632543,-0.079388884792697,0.0181681107057777,-0.1089273920785178,-0.0633212007558622,5
site_shift,80,gru_from_scratch,all,latent_aligned_r2,0.6806934227829414,0.6858403007558339,0.010301896280686475,0.664643945036891,0.6892013162703172,5
site_shift,100,flow_jump,all,latent_aligned_r2,0.5777602943092879,0.5798194623067892,0.018001304684079435,0.5487864045038914,0.5928100679990755,5
site_shift,100,flow_jump,site_0,latent_aligned_r2,0.6245959354002584,0.6297793193577262,0.021658807466518003,0.5990768845788542,0.6464606473283842,5
site_shift,100,flow_jump,site_1,latent_aligned_r2,0.5404661329161227,0.5456362809426801,0.0219817815914231,0.5134264231963198,0.5633592175559685,5
site_shift,100,flow_jump,site_1_minus_site_0,latent_aligned_r2,-0.08412980248413575,-0.0884743398906924,0.027802727213019993,-0.1163528961614064,-0.0415105007372533,5
site_shift,100,flow_jump_observation,all,latent_aligned_r2,0.5779679330504022,0.5794275575239691,0.01782558565967616,0.5494846904167514,0.5932817490707676,5
site_shift,100,flow_jump_observation,site_0,latent_aligned_r2,0.6235943879728152,0.6254019139156604,0.02199182054175772,0.5982133971045951,0.6465968693729857,5
site_shift,100,flow_jump_observation,site_1,latent_aligned_r2,0.5398981386909939,0.54521184356922,0.02252549923023362,0.511262297009915,0.5631969090288359,5
site_shift,100,flow_jump_observation,site_1_minus_site_0,latent_aligned_r2,-0.08369624928182132,-0.0888193027440545,0.027488933236071104,-0.1141396169057453,-0.0412173385075166,5
site_shift,100,gru_from_scratch,all,latent_aligned_r2,0.6820606022010656,0.6826348509875244,0.009669507755154598,0.6665328698038703,0.6916511501190916,5
site_shift,5,engineered_linear,all,mae,0.69797174961402,0.6843709173301381,0.1000297426873091,0.5945549521812807,0.861241229972937,5
site_shift,5,flow_jump,all,mae,0.6767417669296265,0.6487753391265869,0.08270188868496217,0.6208787560462952,0.8202094435691833,5
site_shift,5,flow_jump,site_0,mae,0.54739990234375,0.5504275560379028,0.02401246276952697,0.5081449151039124,0.5718927979469299,5
site_shift,5,flow_jump,site_1,mae,0.5477017402648926,0.5378007292747498,0.019755351923577195,0.5267946720123291,0.5750861763954163,5
site_shift,5,flow_jump,site_1_minus_site_0,mae,0.0003018379211425601,0.0031933784484863,0.016095269736527706,-0.0220816135406494,0.0186497569084167,5
site_shift,5,flow_jump_observation,all,mae,0.6751914620399475,0.6442515850067139,0.08364829012385383,0.6177068948745728,0.8202173113822937,5
site_shift,5,flow_jump_observation,site_0,mae,0.5537783861160278,0.5675208568572998,0.027386604738788446,0.5087221264839172,0.5739965438842773,5
site_shift,5,flow_jump_observation,site_1,mae,0.5529371738433838,0.5424007773399353,0.024095722429035973,0.5271676778793335,0.5817916989326477,5
site_shift,5,flow_jump_observation,site_1_minus_site_0,mae,-0.0008412122726440795,0.0034032464027404,0.01670536484816022,-0.0251200795173645,0.0184455513954162,5
site_shift,5,gradient_boosting,all,mae,0.4636591308398533,0.4458812119439445,0.033489263516151356,0.43320967289332,0.5103493121223249,5
site_shift,5,gru_from_scratch,all,mae,0.609049117565155,0.6041045784950256,0.05680989160714858,0.534636378288269,0.6843644976615906,5
site_shift,5,representation_linear,all,mae,0.7493767567385841,0.7411351427057296,0.0715471580258063,0.6716185003861899,0.864139948633551,5
site_shift,5,representation_mlp,all,mae,1.8223940043966933,1.3725455501361328,0.6967113741288764,1.2976537855558423,2.879428658658651,5
site_shift,10,engineered_linear,all,mae,0.7214637663766228,0.7035003026574678,0.07995396594461607,0.6317083185366449,0.8324766292194238,5
site_shift,10,flow_jump,all,mae,0.6888314604759216,0.6736686825752258,0.08056358044643552,0.6172940135002136,0.82134610414505,5
site_shift,10,flow_jump,site_0,mae,0.552241325378418,0.5543237924575806,0.03436342067135641,0.4980780482292175,0.59051513671875,5
site_shift,10,flow_jump,site_1,mae,0.555234682559967,0.5529792308807373,0.02735792419163301,0.523126482963562,0.5938926339149475,5
site_shift,10,flow_jump,site_1_minus_site_0,mae,0.002993357181549039,0.0044452548027038,0.02128597887367372,-0.0317370295524597,0.0250484347343444,5
site_shift,10,flow_jump_observation,all,mae,0.6825292706489563,0.6735755205154419,0.08837280934754815,0.5867154598236084,0.8213376402854919,5
site_shift,10,flow_jump_observation,site_0,mae,0.5525481164455414,0.5542637705802917,0.03424114673400922,0.4980120956897735,0.5903310775756836,5
site_shift,10,flow_jump_observation,site_1,mae,0.5554317355155944,0.5548802614212036,0.02742666420588715,0.5228875279426575,0.5937275886535645,5
site_shift,10,flow_jump_observation,site_1_minus_site_0,mae,0.002883619070053061,0.0040894746780395,0.02128091781832737,-0.0318305492401123,0.0248754322528839,5
site_shift,10,gradient_boosting,all,mae,0.3676482458686873,0.3421622739397397,0.05909833769782926,0.3178464763613444,0.4490791635743313,5
site_shift,10,gru_from_scratch,all,mae,0.5680090129375458,0.5766952037811279,0.04660452115486386,0.4915823638439178,0.6157352328300476,5
site_shift,10,representation_linear,all,mae,0.8008754801632909,0.770573197700452,0.117864053265347,0.6926485740557711,0.985325939554727,5
site_shift,10,representation_mlp,all,mae,1.4975589459599534,1.514289540542666,0.33444971053820943,1.1622962475313228,2.0175584525069965,5
site_shift,20,engineered_linear,all,mae,0.6300761726216129,0.6135686517413225,0.036699833317344124,0.5996845136134336,0.6922266758520443,5
site_shift,20,flow_jump,all,mae,0.6124495506286621,0.5858566164970398,0.075244988369206,0.5464963316917419,0.7399477958679199,5
site_shift,20,flow_jump,site_0,mae,0.4251646280288696,0.3882847726345062,0.08942033019984517,0.3464125096797943,0.5568190217018127,5
site_shift,20,flow_jump,site_1,mae,0.4565305531024933,0.4112497568130493,0.0749768273336293,0.391079306602478,0.5426580905914307,5
site_shift,20,flow_jump,site_1_minus_site_0,mae,0.03136592507362364,0.0329204797744751,0.03214131054221764,-0.014160931110382,0.064837247133255,5
site_shift,20,flow_jump_observation,all,mae,0.6108365774154663,0.5854939222335815,0.07618262280323439,0.5449297428131104,0.7395950555801392,5
site_shift,20,flow_jump_observation,site_0,mae,0.4248588621616364,0.384769082069397,0.0898511677386715,0.3470054566860199,0.5576856732368469,5
site_shift,20,flow_jump_observation,site_1,mae,0.4561850666999817,0.4114173054695129,0.07488641994020134,0.3920740783214569,0.5439285039901733,5
site_shift,20,flow_jump_observation,site_1_minus_site_0,mae,0.031326204538345295,0.0332695841789245,0.0312874536723819,-0.0137571692466735,0.064411848783493,5
site_shift,20,gradient_boosting,all,mae,0.3173237519230869,0.3188197253740598,0.017220985335618572,0.300853686842532,0.3441474577538889,5
site_shift,20,gru_from_scratch,all,mae,0.5656221628189086,0.5789262056350708,0.027816013660162908,0.5235104560852051,0.5894859433174133,5
site_shift,20,representation_linear,all,mae,0.6853208466863656,0.6814352966760036,0.04001503105043142,0.6384475022669328,0.740696376030529,5
site_shift,20,representation_mlp,all,mae,1.163535491659341,1.1904399130218777,0.24430506052942638,0.8728949229427285,1.4668863893184203,5
site_shift,40,engineered_linear,all,mae,0.6197685154373029,0.6104693194114952,0.016990132771106694,0.6051128079684821,0.6432346249378746,5
site_shift,40,flow_jump,all,mae,0.5984388172626496,0.6271836161613464,0.10759028173356994,0.4101747572422027,0.6747114062309265,5
site_shift,40,flow_jump,site_0,mae,0.4873621165752411,0.5205273628234863,0.08869493683012984,0.3532356917858124,0.5775971412658691,5
site_shift,40,flow_jump,site_1,mae,0.5088728666305542,0.5441701412200928,0.0703256165324138,0.4231364727020263,0.5830170512199402,5
site_shift,40,flow_jump,site_1_minus_site_0,mae,0.021510750055313083,0.0105916857719421,0.02862299405950154,-0.002001404762268,0.0699007809162139,5
site_shift,40,flow_jump_observation,all,mae,0.5980675399303437,0.6270872354507446,0.1082154711141469,0.4086531102657318,0.6743541359901428,5
site_shift,40,flow_jump_observation,site_0,mae,0.4867976069450378,0.5200313329696655,0.08846423601381177,0.3528798520565033,0.5760917663574219,5
site_shift,40,flow_jump_observation,site_1,mae,0.5083723068237305,0.5435691475868225,0.06999665652842695,0.4224161207675934,0.5814839005470276,5
site_shift,40,flow_jump_observation,site_1_minus_site_0,mae,0.02157469987869258,0.0105758309364318,0.02830314393736375,-0.0011685490608215,0.06953626871109,5
site_shift,40,gradient_boosting,all,mae,0.2744560482856605,0.2745907340396895,0.01255480479895829,0.257785815615056,0.2906631927384151,5
site_shift,40,gru_from_scratch,all,mae,0.5716490626335144,0.5965940952301025,0.05827162658230665,0.4675082564353943,0.6017172932624817,5
site_shift,40,representation_linear,all,mae,0.6675582338098209,0.6639267674477088,0.03016653777162425,0.6437667242036121,0.7187251160466968,5
site_shift,40,representation_mlp,all,mae,0.8590968176157366,0.8285884142394313,0.12599909443805643,0.7239458214667598,1.0151496447973738,5
site_shift,80,engineered_linear,all,mae,0.6173791929214747,0.6147772633183114,0.010305053515211058,0.6062657565806033,0.6338219006790643,5
site_shift,80,flow_jump,all,mae,0.49622865319252013,0.4650972187519073,0.09317470838705484,0.4038529396057129,0.6408675312995911,5
site_shift,80,flow_jump,site_0,mae,0.40746227502822874,0.3985211551189422,0.07360956928117388,0.3433144092559814,0.5247205495834351,5
site_shift,80,flow_jump,site_1,mae,0.43717156648635863,0.4286659955978393,0.06341765265942258,0.3787729740142822,0.5405393838882446,5
site_shift,80,flow_jump,site_1_minus_site_0,mae,0.02970929145812982,0.030144840478897,0.011690420166213676,0.0158188343048095,0.0456200242042541,5
site_shift,80,flow_jump_observation,all,mae,0.49722321033477784,0.4726936519145965,0.09289646898768875,0.4035467803478241,0.6415596604347229,5
site_shift,80,flow_jump_observation,site_0,mae,0.4057493031024933,0.3956179916858673,0.07409940118491957,0.342746376991272,0.5250155925750732,5
site_shift,80,flow_jump_observation,site_1,mae,0.43557716608047486,0.4255739152431488,0.06382206867083377,0.378512978553772,0.5407139658927917,5
site_shift,80,flow_jump_observation,site_1_minus_site_0,mae,0.02982786297798154,0.0299559235572814,0.011787196004155317,0.0156983733177185,0.0458658933639526,5
site_shift,80,gradient_boosting,all,mae,0.24372857367696815,0.2441352065873377,0.006045062273223581,0.2344149005604241,0.2497063535289197,5
site_shift,80,gru_from_scratch,all,mae,0.5095283269882203,0.494154542684555,0.05021242233260132,0.4662465155124664,0.5903971791267395,5
site_shift,80,representation_linear,all,mae,0.6813440303345732,0.6890890352791975,0.027341054616502367,0.6469585851755516,0.7150270567760177,5
site_shift,80,representation_mlp,all,mae,0.6352271817443694,0.6308198934924636,0.017782711627373885,0.6100984714442641,0.6541346171550337,5
site_shift,100,engineered_linear,all,mae,0.6304113364822375,0.6287128097632569,0.01511410699622573,0.6154767230133501,0.6485496655652742,5
site_shift,100,flow_jump,all,mae,0.44852811098098755,0.4207600653171539,0.04716959156064852,0.4037676751613617,0.5113661885261536,5
site_shift,100,flow_jump,site_0,mae,0.35845447778701783,0.3690687119960785,0.03217508326207358,0.3186970949172973,0.4005285501480102,5
site_shift,100,flow_jump,site_1,mae,0.40179933309555055,0.3967115879058838,0.022162866849830255,0.3796691000461578,0.438450425863266,5
site_shift,100,flow_jump,site_1_minus_site_0,mae,0.04334485530853266,0.0379218757152557,0.014731027900824655,0.0274917781352996,0.0609720051288604,5
site_shift,100,flow_jump_observation,all,mae,0.4464406371116638,0.4204663038253784,0.045696662872122304,0.4022848904132843,0.506903886795044,5
site_shift,100,flow_jump_observation,site_0,mae,0.3577385485172272,0.3682219386100769,0.03103462508934954,0.3192527592182159,0.3973674476146698,5
site_shift,100,flow_jump_observation,site_1,mae,0.4029426097869873,0.4027251303195953,0.020888040057136965,0.3801196813583374,0.4360990226268768,5
site_shift,100,flow_jump_observation,site_1_minus_site_0,mae,0.04520406126976008,0.038731575012207,0.012953379307869517,0.0343771576881408,0.0608669221401214,5
site_shift,100,gradient_boosting,all,mae,0.2302200416765187,0.2298240609935397,0.0032038434646246877,0.2268676570820567,0.2352791341582578,5
site_shift,100,gru_from_scratch,all,mae,0.4873357594013214,0.4948897957801819,0.02992331475115434,0.4516214430332184,0.5286607146263123,5
site_shift,100,representation_linear,all,mae,0.7033118183021053,0.697726356817821,0.02572144333459962,0.6734583825621446,0.7408091762572687,5
site_shift,100,representation_mlp,all,mae,0.6732101161551305,0.6563259084092885,0.06722778234546503,0.6124637341500636,0.7788804976673513,5
site_shift,5,flow_jump,all,nll,1.8982376909806753,1.825653516828472,0.8367700640704097,1.1449098993208362,3.226535940343076,5
site_shift,5,flow_jump,site_0,nll,13.463172750526544,2.178237652452492,24.404268112705182,1.284843912443121,57.03340212107659,5
site_shift,5,flow_jump,site_1,nll,18.434996429415975,7.565014532004347,27.521618107047992,1.558127557688319,67.19288536838596,5
site_shift,5,flow_jump,site_1_minus_site_0,nll,4.971823678889431,2.477738919257299,4.545505866183574,0.2732836452451979,10.159483247309367,5
site_shift,5,flow_jump_observation,all,nll,1.9103625254404704,1.8837877131638936,0.8368239121477343,1.1371751926377172,3.2285499971137366,5
site_shift,5,flow_jump_observation,site_0,nll,16.515985299291202,2.25801083609648,31.288194238404593,1.285019421133221,72.42834928411055,5
site_shift,5,flow_jump_observation,site_1,nll,61.12545305069945,7.907943324645345,121.58685077950884,1.529537091999,278.49912372974865,5
site_shift,5,flow_jump_observation,site_1_minus_site_0,nll,44.609467751408246,3.1637835288829192,90.34119802085827,0.2445176708657788,206.0707744456381,5
site_shift,5,gru_from_scratch,all,nll,1.5098674164776602,1.753688278275264,0.3932101010350769,1.058807361742483,1.849763675866493,5
site_shift,10,flow_jump,all,nll,1.5906448825066324,1.4262687822865634,0.5899228814479105,1.0548837632381431,2.353570802723507,5
site_shift,10,flow_jump,site_0,nll,1.1128671063267728,1.0615562669446834,0.19195590236047558,0.9216728665739676,1.4209086033541474,5
site_shift,10,flow_jump,site_1,nll,2.874701362643952,1.3586888700009276,3.7324507246239396,0.9852353691598714,9.542866895002112,5
site_shift,10,flow_jump,site_1_minus_site_0,nll,1.76183425631718,0.2748056238726082,3.5606471985229895,-0.0201535579175111,8.121958291647966,5
site_shift,10,flow_jump_observation,all,nll,1.574914529962682,1.416401642310191,0.5331749340333435,1.0594368908363792,2.2171793696922544,5
site_shift,10,flow_jump_observation,site_0,nll,1.1183081700210562,1.0609613219169065,0.19474549755300594,0.9308849864863764,1.4311217776048024,5
site_shift,10,flow_jump_observation,site_1,nll,2.7276364860454843,1.3861052981593154,3.324178562335916,0.988715165701788,8.659809637482695,5
site_shift,10,flow_jump_observation,site_1_minus_site_0,nll,1.609328316024428,0.3817164092942509,3.148706278093875,-0.0145779840626465,7.228687859877892,5
site_shift,10,gru_from_scratch,all,nll,1.1772705164730892,1.0349429846533778,0.3289657517581734,0.8718902397443128,1.6312572227130382,5
site_shift,20,flow_jump,all,nll,2.9881445321401214,2.014625663479529,3.2102178438519315,1.0513621112855185,8.654603840200947,5
site_shift,20,flow_jump,site_0,nll,1.3619228711754623,0.9559049513233032,0.9196371244348087,0.7203151016110202,2.952746736775681,5
site_shift,20,flow_jump,site_1,nll,7.8182736292955095,1.7101305087837648,12.757342046596719,0.9621049691836332,30.451861353599856,5
site_shift,20,flow_jump,site_1_minus_site_0,nll,6.456350758120047,0.8729529094364423,12.685445523965159,0.0062000178603298,29.10839138677987,5
site_shift,20,flow_jump_observation,all,nll,2.9695769186089156,2.130547760642264,3.1145328472212173,1.0510251184130015,8.455253714369464,5
site_shift,20,flow_jump_observation,site_0,nll,1.2888804158124008,0.952491805571556,0.8190386910544729,0.7244621422104891,2.7167298618347075,5
site_shift,20,flow_jump_observation,site_1,nll,7.187547866334434,1.8062642525221544,11.560399005811366,0.9639496992029372,27.7143155828935,5
site_shift,20,flow_jump_observation,site_1_minus_site_0,nll,5.898667450522033,0.9731695885433026,11.533055862980559,0.0114578936313812,26.4966919774271,5
site_shift,20,gru_from_scratch,all,nll,0.989501953611666,0.9865569978909826,0.1389647571968655,0.8415473146921553,1.2037011022810256,5
site_shift,40,flow_jump,all,nll,1.5013968737820054,1.0761397729294608,0.9417136223035144,0.9732271979617108,3.175011246693403,5
site_shift,40,flow_jump,site_0,nll,0.8337951195404931,0.7886797126483756,0.22534550249869376,0.6359128046304295,1.1953001783532933,5
site_shift,40,flow_jump,site_1,nll,1.1074409719516667,1.1415293103562765,0.2630506602711402,0.8165197112020232,1.3928348470002965,5
site_shift,40,flow_jump,site_1_minus_site_0,nll,0.27364585241117334,0.195079030924877,0.33005588479061937,-0.053770867997017,0.7569220423698667,5
site_shift,40,flow_jump_observation,all,nll,1.4547439487540184,1.0747008178544064,0.9154189604901757,0.9734435821252811,3.0896316503028,5
site_shift,40,flow_jump_observation,site_0,nll,0.8297852023404075,0.7887196668603256,0.22073296984267776,0.6337806968428945,1.1819799638297772,5
site_shift,40,flow_jump_observation,site_1,nll,1.096783871953643,1.131205176800696,0.25669005847846876,0.8160897060473369,1.3817014843176996,5
site_shift,40,flow_jump_observation,site_1_minus_site_0,nll,0.26699866961323526,0.1896012732109616,0.3237887175039857,-0.0507747870290813,0.7479207874748051,5
site_shift,40,gru_from_scratch,all,nll,0.8895642013373068,0.8534821797255061,0.18537566230074407,0.658709988036933,1.1670369821438438,5
site_shift,80,flow_jump,all,nll,0.8207964626405448,0.7735633991458573,0.18650089472818257,0.6277713934677668,1.0333425893181425,5
site_shift,80,flow_jump,site_0,nll,1.050048588049495,0.7493335495761064,0.8342925064561736,0.5015448944529786,2.5208834584773028,5
site_shift,80,flow_jump,site_1,nll,1.1685224699403154,1.0325213563860989,0.5215164633171514,0.6428189454080453,1.9424761275078168,5
site_shift,80,flow_jump,site_1_minus_site_0,nll,0.11847388189082046,0.1412740509550667,0.8635693005205484,-1.1020927746364595,1.3380161362789609,5
site_shift,80,flow_jump_observation,all,nll,0.8222000146796511,0.7816785067508575,0.18835464121678644,0.6242103614330448,1.034641787648748,5
site_shift,80,flow_jump_observation,site_0,nll,1.1511786673092754,0.7495768803335977,1.045582070765866,0.501152028133094,3.0007956572702823,5
site_shift,80,flow_jump_observation,site_1,nll,1.1516640356956227,1.181994465475211,0.4472022156348257,0.6433896452634343,1.766800138643165,5
site_shift,80,flow_jump_observation,site_1_minus_site_0,nll,0.00048536838634718473,0.1422376171303403,1.0204560351659846,-1.641237884020495,1.1722116864821537,5
site_shift,80,gru_from_scratch,all,nll,0.7070256761682023,0.6174393274790493,0.19664393292946528,0.5984872967152939,1.0562578781311451,5
site_shift,100,flow_jump,all,nll,0.6902440343524794,0.674080760767464,0.0846502514169216,0.5970980911272896,0.7926143220357744,5
site_shift,100,flow_jump,site_0,nll,0.5796174813255075,0.591955588652991,0.10575373025339477,0.4578628063545849,0.6857301941680426,5
site_shift,100,flow_jump,site_1,nll,1.0036081448314047,0.7769320663011873,0.39018901915985144,0.6668210833537251,1.5166187209014872,5
site_shift,100,flow_jump,site_1_minus_site_0,nll,0.42399066350589704,0.2918229678005399,0.30261891533846713,0.1371041464442077,0.8391890019502154,5
site_shift,100,flow_jump_observation,all,nll,0.6873242733310116,0.6713552599391572,0.08279061360583005,0.5985233979402776,0.7884855589757126,5
site_shift,100,flow_jump_observation,site_0,nll,0.5768420695239278,0.5916137917707726,0.10208695313929549,0.4586144929650035,0.6872725621197431,5
site_shift,100,flow_jump_observation,site_1,nll,1.036820300400748,0.7792533972967347,0.4408920807177568,0.6687112113034239,1.6584990086334186,5
site_shift,100,flow_jump_observation,site_1_minus_site_0,nll,0.45997823087682016,0.2932822949369897,0.3611509495239893,0.1396292324262351,0.9977606102290434,5
site_shift,100,gru_from_scratch,all,nll,0.6123544099106704,0.598395766190907,0.04721457796927897,0.558560100131054,0.677570971625627,5
site_shift,5,engineered_linear,all,rmse,0.956456427124445,0.951894012806853,0.08015371462829601,0.865731698817587,1.0746847412270573,5
site_shift,5,flow_jump,all,rmse,1.1833764283376904,1.1287308923027066,0.21143097859489626,0.939809085400104,1.497632860967193,5
site_shift,5,flow_jump,site_0,rmse,0.991876472953628,0.994162808453688,0.06375038304181377,0.8984843697968917,1.063744377273779,5
site_shift,5,flow_jump,site_1,rmse,0.9777919938017966,0.9725673588958088,0.023987648427001906,0.954052770610621,1.0177670118633817,5
site_shift,5,flow_jump,site_1_minus_site_0,rmse,-0.0140844791518314,-0.0401100378430669,0.051788474252868824,-0.0571105491871363,0.0686953479428702,5
site_shift,5,flow_jump_observation,all,rmse,1.1810064931031978,1.1231528588747386,0.21350319716704494,0.933823497387036,1.4976498153460736,5
site_shift,5,flow_jump_observation,site_0,rmse,1.0114709217745976,1.0468272867289792,0.06763662271796218,0.8996702610072215,1.0644967446445412,5
site_shift,5,flow_jump_observation,site_1,rmse,0.9951569882079182,0.9898139316851742,0.03584068798750839,0.956184043354908,1.0432222322616642,5
site_shift,5,flow_jump_observation,site_1_minus_site_0,rmse,-0.01631393356667932,-0.0399457885398414,0.05176368533150262,-0.0604165529123226,0.0683783498801264,5
site_shift,5,gradient_boosting,all,rmse,0.7626228387427921,0.7888703953422659,0.06356616139604766,0.6651524673495661,0.8267210640202712,5
site_shift,5,gru_from_scratch,all,rmse,1.0295969982397122,1.0247242533382523,0.09165504977075141,0.9188508036840622,1.17101179756131,5
site_shift,5,representation_linear,all,rmse,1.1169485408260507,1.1081607735230108,0.050076963368114305,1.077737853080956,1.2030666121617049,5
site_shift,5,representation_mlp,all,rmse,3.3763733419472657,2.404625692497366,1.619118530928381,2.0998964160672347,5.771250492638052,5
site_shift,10,engineered_linear,all,rmse,0.9670795545678159,0.9925543437854794,0.07430619534168045,0.8833946093466789,1.044999294201118,5
site_shift,10,flow_jump,all,rmse,1.2314173738679992,1.1865789957735893,0.17848750748495731,1.0575077919639138,1.4984904481763497,5
site_shift,10,flow_jump,site_0,rmse,1.0053165079902626,1.0104373785563787,0.09817329168965722,0.8605046563651464,1.1354327186126414,5
site_shift,10,flow_jump,site_1,rmse,0.9947710716420411,0.9552323230544472,0.07272358898950824,0.9290369787216955,1.1041459975317378,5
site_shift,10,flow_jump,site_1_minus_site_0,rmse,-0.01054543634822138,-0.0312867210809035,0.04998448620221487,-0.058333294302958,0.0685323223565492,5
site_shift,10,flow_jump_observation,all,rmse,1.2138130839296781,1.1866039609861272,0.19816513124957005,1.0129045290568237,1.4984886184580908,5
site_shift,10,flow_jump_observation,site_0,rmse,1.0062288328650688,1.0098663811063835,0.09772974023975793,0.8607823379185661,1.134884747606708,5
site_shift,10,flow_jump_observation,site_1,rmse,0.9957284534349904,0.9613687431499872,0.07181221241975386,0.9290573164111696,1.1036396328276497,5
site_shift,10,flow_jump_observation,site_1_minus_site_0,rmse,-0.010500379430078319,-0.0312451147790584,0.049825363695030066,-0.0584061054506851,0.0682749784926034,5
site_shift,10,gradient_boosting,all,rmse,0.652769018754727,0.6326338399451824,0.09601359895509755,0.5662119413486313,0.7926123056965787,5
site_shift,10,gru_from_scratch,all,rmse,0.9960722656306451,1.0036017998995097,0.07231770884421937,0.8983691313894128,1.095378154359616,5
site_shift,10,representation_linear,all,rmse,1.1825911429221339,1.1978413319433967,0.08898090010683696,1.0862365138662615,1.3119856776891494,5
site_shift,10,representation_mlp,all,rmse,3.2051666155561316,2.860731708558145,0.8500264532140298,2.4033105529900407,4.438655639723837,5
site_shift,20,engineered_linear,all,rmse,0.8825716029952924,0.8725066133659143,0.051833924337613836,0.8301486780895938,0.9584054168437672,5
site_shift,20,flow_jump,all,rmse,1.1018048700679608,1.076773030771884,0.16974913011813478,0.9643813658508515,1.39091810073643,5
site_shift,20,flow_jump,site_0,rmse,0.7213976059268439,0.6476488257927088,0.1954852153130405,0.5413133648877688,1.0203621938383864,5
site_shift,20,flow_jump,site_1,rmse,0.761681913766715,0.6924221312814983,0.15269229240749782,0.630252014306741,0.9749290232622154,5
site_shift,20,flow_jump,site_1_minus_site_0,rmse,0.04028430783987112,0.0423039308608099,0.074284969116708,-0.045433170576171,0.1511087663937295,5
site_shift,20,flow_jump_observation,all,rmse,1.0989094372660537,1.0763927309247978,0.1718424030973811,0.962298197460181,1.390371063706988,5
site_shift,20,flow_jump_observation,site_0,rmse,0.7204066909071827,0.642452169671508,0.19499272440090867,0.5428444974052085,1.0195223051533795,5
site_shift,20,flow_jump_observation,site_1,rmse,0.7612554044274555,0.6937819576635257,0.15149601189218678,0.632979547563419,0.974235080560708,5
site_shift,20,flow_jump_observation,site_1_minus_site_0,rmse,0.04084871352027284,0.0440601079879446,0.0735893043080114,-0.0452872245926716,0.1509374602583172,5
site_shift,20,gradient_boosting,all,rmse,0.5624502472456931,0.5370005439273203,0.053262053747824736,0.5031084019926386,0.6258649251684779,5
site_shift,20,gru_from_scratch,all,rmse,1.0106280253118392,0.9991773559490614,0.05510956039921426,0.9552076131026876,1.0825257531289678,5
site_shift,20,representation_linear,all,rmse,1.0775730770623517,1.0582001756309491,0.06555812485474649,1.019870695002424,1.1863858804429717,5
site_shift,20,representation_mlp,all,rmse,2.600366054912443,2.8273734492461844,0.9753948445313891,1.5243839087335675,3.951648747551201,5
site_shift,40,engineered_linear,all,rmse,0.8566780946000497,0.8573305257299385,0.021170853264393323,0.8285814178025936,0.8776836065877158,5
site_shift,40,flow_jump,all,rmse,1.0712376528725178,1.1664271562954986,0.21627994315359803,0.6903086641204207,1.213733717929992,5
site_shift,40,flow_jump,site_0,rmse,0.8797823658411505,0.940219019727598,0.18252490045791417,0.6021406442321636,1.084052556273534,5
site_shift,40,flow_jump,site_1,rmse,0.9031048015535699,0.9554309778241048,0.14376837047387975,0.7166715923036557,1.037669459831709,5
site_shift,40,flow_jump,site_1_minus_site_0,rmse,0.023322435712419258,0.0152119580965067,0.06530418992916996,-0.0463830964418245,0.1145309480714921,5
site_shift,40,flow_jump_observation,all,rmse,1.0709786025059334,1.1663656300487355,0.2167281878588521,0.6891740877273936,1.213119755477614,5
site_shift,40,flow_jump_observation,site_0,rmse,0.8789745446359077,0.9393081394545892,0.1825761251095092,0.6012381880823252,1.082855021204705,5
site_shift,40,flow_jump_observation,site_1,rmse,0.9024733615564398,0.9544980212291512,0.14378618198301155,0.7153833989262395,1.036428166753974,5
site_shift,40,flow_jump_observation,site_1_minus_site_0,rmse,0.02349881692053186,0.0151898817745618,0.06491969641526708,-0.0464268544507309,0.1141452108439142,5
site_shift,40,gradient_boosting,all,rmse,0.488511966244749,0.5184899523085041,0.04632249852710615,0.4317962182984624,0.5243231828585236,5
site_shift,40,gru_from_scratch,all,rmse,1.0269090912794028,1.060103799847933,0.09854490608431946,0.8535390540776591,1.0903124604644725,5
site_shift,40,representation_linear,all,rmse,1.0443323105510312,1.0393744300113843,0.030602250518098173,1.0079674296796657,1.0833629450577722,5
site_shift,40,representation_mlp,all,rmse,2.2312785709860607,2.411295304468353,0.7043920222940813,1.3756506815886056,3.00285809792085,5
site_shift,80,engineered_linear,all,rmse,0.8542862545301837,0.8527738301742755,0.019233714957829606,0.8317465655475885,0.8755033071179451,5
site_shift,80,flow_jump,all,rmse,0.8775206081402679,0.8256358759450331,0.1894034544539465,0.6988549591422344,1.192064547416846,5
site_shift,80,flow_jump,site_0,rmse,0.7061905136867549,0.6661990631843606,0.143797091470737,0.5809046447393537,0.93492841885166,5
site_shift,80,flow_jump,site_1,rmse,0.7476784465973623,0.7162997733459157,0.14809629015276501,0.6269362735563263,0.9972895307473528,5
site_shift,80,flow_jump,site_1_minus_site_0,rmse,0.04148793291060736,0.0483624456016573,0.023721953602458094,0.000583768077159,0.0623611118956929,5
site_shift,80,flow_jump_observation,all,rmse,0.8798941891457732,0.8411496322750759,0.18886461268069385,0.6994426517987107,1.1932590773369265,5
site_shift,80,flow_jump_observation,site_0,rmse,0.7021048977384351,0.6574444572573085,0.14537274366443537,0.5803135609244744,0.9357020303210668,5
site_shift,80,flow_jump_observation,site_1,rmse,0.7442041668339794,0.708391430286115,0.14936000930392215,0.6270070988604579,0.9978877946715988,5
site_shift,80,flow_jump_observation,site_1_minus_site_0,rmse,0.04209926909554424,0.0501490436348356,0.02396041312181827,0.0005210265275636,0.0621857643505321,5
site_shift,80,gradient_boosting,all,rmse,0.4404141083072669,0.4249771351552234,0.03260399384250598,0.4130854473855458,0.495109970318545,5
site_shift,80,gru_from_scratch,all,rmse,0.927877205680223,0.8916869608331405,0.10074920580727915,0.8132035070779947,1.0786548915588912,5
site_shift,80,representation_linear,all,rmse,1.0371492157772662,1.03748209590171,0.025200069676347494,1.005270568246284,1.0625502917296066,5
site_shift,80,representation_mlp,all,rmse,1.1336174476257597,1.146164271119786,0.10311877486945652,1.024022611092798,1.2740460700291965,5
site_shift,100,engineered_linear,all,rmse,0.85836978125501,0.8559071511514571,0.016869138493857877,0.8364905775612029,0.8768753442507132,5
site_shift,100,flow_jump,all,rmse,0.776246404775291,0.7216006017565069,0.09369443711717372,0.711613469968361,0.93126022922095,5
site_shift,100,flow_jump,site_0,rmse,0.6034729758265216,0.6132540119707053,0.060150288533589724,0.5136134183278358,0.6816115933332265,5
site_shift,100,flow_jump,site_1,rmse,0.6661922363809999,0.652172454455721,0.04404438727899769,0.6288934789273105,0.7422517046011049,5
site_shift,100,flow_jump,site_1_minus_site_0,rmse,0.0627192605544781,0.0575858683555898,0.04356266389837743,0.0156394669566052,0.1338529966630169,5
site_shift,100,flow_jump_observation,all,rmse,0.7722715906983912,0.7212297949778897,0.0910826025876091,0.7083927344678203,0.9237743144261644,5
site_shift,100,flow_jump_observation,site_0,rmse,0.6029328199669927,0.6126377836293503,0.05735847905749858,0.5153085141927111,0.6745050319783676,5
site_shift,100,flow_jump_observation,site_1,rmse,0.6669879461214501,0.6530456878107339,0.03994005947822023,0.6358450763846231,0.736713864905948,5
site_shift,100,flow_jump_observation,site_1_minus_site_0,rmse,0.06405512615445745,0.0580084182637219,0.042782060692522904,0.018669575897101,0.1342954179019418,5
site_shift,100,gradient_boosting,all,rmse,0.4040631967050764,0.401239284773468,0.017082258251096757,0.3839167277199117,0.4283502074001212,5
site_shift,100,gru_from_scratch,all,rmse,0.882407465429749,0.8651854628263581,0.07304084664051308,0.7860404961445256,0.9813137896267944,5
site_shift,100,representation_linear,all,rmse,1.0430475800496577,1.037855339029098,0.02337594100487599,1.019883819132591,1.075910752200171,5
site_shift,100,representation_mlp,all,rmse,1.91716022995347,2.0191600568728507,0.8877377771975761,0.9971991986117557,3.069785224905864,5
