mechanism,omitted_axis,omitted_level,pair_count,two_way_pearson,two_way_spearman
delta_selected_epoch,context,401-501,40,0.7391724853594009,0.6247654784240151
delta_selected_epoch,context,402-502,40,0.8532260650003329,0.8263989877283995
delta_selected_epoch,context,403-503,40,0.876811162339943,0.8874918245988777
delta_selected_epoch,context,404-504,40,0.8264969723345751,0.8221440526455256
delta_selected_epoch,context,405-505,40,0.7946037953355864,0.783620245714079
delta_selected_epoch,model_seed,1001,45,0.8202605223364315,0.7529892293027245
delta_selected_epoch,model_seed,1002,45,0.8293746030384419,0.7961791831357048
delta_selected_epoch,model_seed,1003,45,0.8353798927673287,0.7980237154150197
delta_selected_epoch,model_seed,1004,45,0.7986149968130845,0.7401844532279315
delta_selected_epoch,model_seed,1005,45,0.8213193300275886,0.7737812911725954
delta_selected_epoch,model_seed,1006,45,0.7893862640657718,0.7557312252964428
delta_selected_epoch,model_seed,1007,45,0.8449786312416009,0.8098814229249011
delta_selected_epoch,model_seed,1008,45,0.8678910093839673,0.8347826086956521
delta_selected_epoch,model_seed,1009,45,0.8120821413137191,0.7478260869565216
delta_selected_epoch,model_seed,1010,45,0.8275057808272854,0.7802371541501976
delta_stop_epoch,context,401-501,40,0.754551159709937,0.6485294814583297
delta_stop_epoch,context,402-502,40,0.8606117996545085,0.82433510105227
delta_stop_epoch,context,403-503,40,0.879274135714484,0.8880548348492047
delta_stop_epoch,context,404-504,40,0.8358870768932969,0.8308544529205067
delta_stop_epoch,context,405-505,40,0.814960645441482,0.7884985233122032
delta_stop_epoch,model_seed,1001,45,0.8295107761690426,0.767193675889328
delta_stop_epoch,model_seed,1002,45,0.838787004793132,0.7909351432203422
delta_stop_epoch,model_seed,1003,45,0.845749930807123,0.8065748749304154
delta_stop_epoch,model_seed,1004,45,0.8105136312325548,0.7633572715689555
delta_stop_epoch,model_seed,1005,45,0.8328968673645236,0.7859542806436212
delta_stop_epoch,model_seed,1006,45,0.8030488911258498,0.7691547549467124
delta_stop_epoch,model_seed,1007,45,0.8567232415790439,0.820607419924304
delta_stop_epoch,model_seed,1008,45,0.8684859501479791,0.8324548761162408
delta_stop_epoch,model_seed,1009,45,0.8252745439924549,0.7551222099528238
delta_stop_epoch,model_seed,1010,45,0.8387857645368086,0.7847025512779691
delta_shadow_mae_epoch,context,401-501,40,0.6930490667920062,0.6881185804277228
delta_shadow_mae_epoch,context,402-502,40,0.6692415197631026,0.5810506566604129
delta_shadow_mae_epoch,context,403-503,40,0.6794596745817351,0.6489351750108563
delta_shadow_mae_epoch,context,404-504,40,0.673219787734046,0.611126750039138
delta_shadow_mae_epoch,context,405-505,40,0.5974223277854932,0.5675422138836773
delta_shadow_mae_epoch,model_seed,1001,45,0.5907472841933445,0.5971014492753622
delta_shadow_mae_epoch,model_seed,1002,45,0.7078180881545066,0.7187088274044795
delta_shadow_mae_epoch,model_seed,1003,45,0.636541713183957,0.6042160737812912
delta_shadow_mae_epoch,model_seed,1004,45,0.6174382971206599,0.5971014492753622
delta_shadow_mae_epoch,model_seed,1005,45,0.7119689031345853,0.7026350461133068
delta_shadow_mae_epoch,model_seed,1006,45,0.6639599402022615,0.6401844532279314
delta_shadow_mae_epoch,model_seed,1007,45,0.7194618160852334,0.6886693017127798
delta_shadow_mae_epoch,model_seed,1008,45,0.6437030307097419,0.6201330799411908
delta_shadow_mae_epoch,model_seed,1009,45,0.6223437650443866,0.5563899868247694
delta_shadow_mae_epoch,model_seed,1010,45,0.6612436961926574,0.6274044795783926
delta_selection_shadow_gap,context,401-501,40,-0.3186244145220052,-0.3461538461538462
delta_selection_shadow_gap,context,402-502,40,-0.07751233600965028,-0.018762606146631843
delta_selection_shadow_gap,context,403-503,40,-0.20931485819265241,-0.17667480138426184
delta_selection_shadow_gap,context,404-504,40,-0.20655151267949756,-0.13095684803001878
delta_selection_shadow_gap,context,405-505,40,-0.20655139293774685,-0.16342996600678206
delta_selection_shadow_gap,model_seed,1001,45,-0.04179070649649959,-0.08695652173913042
delta_selection_shadow_gap,model_seed,1002,45,-0.27540080958591795,-0.2814507376131083
delta_selection_shadow_gap,model_seed,1003,45,-0.115463260908743,-0.08616600790513831
delta_selection_shadow_gap,model_seed,1004,45,-0.17483572138288647,-0.16166007905138335
delta_selection_shadow_gap,model_seed,1005,45,-0.2792694114376567,-0.27206851119894593
delta_selection_shadow_gap,model_seed,1006,45,-0.25692885123813125,-0.2670619235836627
delta_selection_shadow_gap,model_seed,1007,45,-0.2757120676210183,-0.24835309617918314
delta_selection_shadow_gap,model_seed,1008,45,-0.15379171452021562,-0.13900326105238398
delta_selection_shadow_gap,model_seed,1009,45,-0.19825980911807292,-0.1960474308300395
delta_selection_shadow_gap,model_seed,1010,45,-0.19315125162956495,-0.1935441370223979
delta_patience_exhausted,context,401-501,40,-0.6102214766559024,-0.5389591529205763
delta_patience_exhausted,context,402-502,40,-0.7405630508698938,-0.6918320206015246
delta_patience_exhausted,context,403-503,40,-0.862299876342212,-0.8580307595303772
delta_patience_exhausted,context,404-504,40,-0.7161719792978721,-0.7024264696599615
delta_patience_exhausted,context,405-505,40,-0.6058409243712448,-0.5887724555926614
delta_patience_exhausted,model_seed,1001,45,-0.7180732185949474,-0.6799201435693535
delta_patience_exhausted,model_seed,1002,45,-0.7166041491457105,-0.6743461630111901
delta_patience_exhausted,model_seed,1003,45,-0.7254841894524664,-0.6910346413560274
delta_patience_exhausted,model_seed,1004,45,-0.6898934760330075,-0.6637841503626453
delta_patience_exhausted,model_seed,1005,45,-0.7268983214451812,-0.6976181426443909
delta_patience_exhausted,model_seed,1006,45,-0.6588257754768485,-0.6257684223851514
delta_patience_exhausted,model_seed,1007,45,-0.7285690566518849,-0.6932778319046341
delta_patience_exhausted,model_seed,1008,45,-0.7761420150587669,-0.760749810986689
delta_patience_exhausted,model_seed,1009,45,-0.6805921158666416,-0.6125942105329701
delta_patience_exhausted,model_seed,1010,45,-0.7103628689017103,-0.6635225690392943
delta_prefix10_gradient_l2_mean,context,401-501,40,-0.2117102457008458,-0.2731707317073171
delta_prefix10_gradient_l2_mean,context,402-502,40,-0.15263829609439458,-0.03883677298311445
delta_prefix10_gradient_l2_mean,context,403-503,40,-0.1955676862817777,-0.15797373358348968
delta_prefix10_gradient_l2_mean,context,404-504,40,-0.25246948714546663,-0.1938086303939963
delta_prefix10_gradient_l2_mean,context,405-505,40,-0.20982999245491352,-0.2547842401500938
delta_prefix10_gradient_l2_mean,model_seed,1001,45,-0.22835895355554667,-0.21844532279314882
delta_prefix10_gradient_l2_mean,model_seed,1002,45,-0.20442329101561144,-0.1919631093544137
delta_prefix10_gradient_l2_mean,model_seed,1003,45,-0.10435467348751715,0.004743083003952569
delta_prefix10_gradient_l2_mean,model_seed,1004,45,-0.22084996279227187,-0.24229249011857704
delta_prefix10_gradient_l2_mean,model_seed,1005,45,-0.2227526844550711,-0.20658761528326747
delta_prefix10_gradient_l2_mean,model_seed,1006,45,-0.12388225426103511,-0.008036890645586298
delta_prefix10_gradient_l2_mean,model_seed,1007,45,-0.2359970826326736,-0.20500658761528326
delta_prefix10_gradient_l2_mean,model_seed,1008,45,-0.20835308075809023,-0.18708827404479575
delta_prefix10_gradient_l2_mean,model_seed,1009,45,-0.24206308805278998,-0.23372859025032935
delta_prefix10_gradient_l2_mean,model_seed,1010,45,-0.20360130601806414,-0.247167325428195
delta_prefix10_parameter_l2_mean,context,401-501,40,0.0641937414925845,0.06660412757973734
delta_prefix10_parameter_l2_mean,context,402-502,40,-0.03862324397523744,-0.02082551594746717
delta_prefix10_parameter_l2_mean,context,403-503,40,-0.0016730030304154008,0.011632270168855536
delta_prefix10_parameter_l2_mean,context,404-504,40,-0.14012677532716403,-0.1230769230769231
delta_prefix10_parameter_l2_mean,context,405-505,40,-0.3502375140872693,-0.3452157598499062
delta_prefix10_parameter_l2_mean,model_seed,1001,45,-0.07641202672834846,-0.07246376811594202
delta_prefix10_parameter_l2_mean,model_seed,1002,45,-0.07891264565225292,-0.049011857707509876
delta_prefix10_parameter_l2_mean,model_seed,1003,45,-0.14440273373422882,-0.17444005270092228
delta_prefix10_parameter_l2_mean,model_seed,1004,45,-0.0828811422878767,-0.10816864295125164
delta_prefix10_parameter_l2_mean,model_seed,1005,45,-0.06751494598435279,-0.05718050065876151
delta_prefix10_parameter_l2_mean,model_seed,1006,45,-0.046813232062479684,-0.051778656126482206
delta_prefix10_parameter_l2_mean,model_seed,1007,45,-0.010051635776012757,-0.02160737812911726
delta_prefix10_parameter_l2_mean,model_seed,1008,45,-0.12017428997147413,-0.10368906455862975
delta_prefix10_parameter_l2_mean,model_seed,1009,45,-0.14924375161842146,-0.13768115942028983
delta_prefix10_parameter_l2_mean,model_seed,1010,45,-0.10379949267746752,-0.10909090909090909
candidate_prefix10_flow_displacement_mean,context,401-501,40,0.10071370584422426,0.013508442776735461
candidate_prefix10_flow_displacement_mean,context,402-502,40,0.20268281560518847,0.14746716697936213
candidate_prefix10_flow_displacement_mean,context,403-503,40,0.17139970252816958,0.16566604127579737
candidate_prefix10_flow_displacement_mean,context,404-504,40,0.11334438694203762,0.14221388367729834
candidate_prefix10_flow_displacement_mean,context,405-505,40,0.2196642946215358,0.2183864915572233
candidate_prefix10_flow_displacement_mean,model_seed,1001,45,0.22880104515625252,0.2040843214756258
candidate_prefix10_flow_displacement_mean,model_seed,1002,45,0.1559926835410434,0.12621870882740446
candidate_prefix10_flow_displacement_mean,model_seed,1003,45,0.08230004714596877,0.06297760210803688
candidate_prefix10_flow_displacement_mean,model_seed,1004,45,0.13481056243136355,0.11949934123847167
candidate_prefix10_flow_displacement_mean,model_seed,1005,45,0.19056036959832703,0.16231884057971013
candidate_prefix10_flow_displacement_mean,model_seed,1006,45,0.050326391992105646,0.008695652173913042
candidate_prefix10_flow_displacement_mean,model_seed,1007,45,0.21127521891548937,0.16139657444005268
candidate_prefix10_flow_displacement_mean,model_seed,1008,45,0.17192424385324293,0.18774703557312253
candidate_prefix10_flow_displacement_mean,model_seed,1009,45,0.19609800622538892,0.18115942028985504
candidate_prefix10_flow_displacement_mean,model_seed,1010,45,0.17860023401788572,0.17707509881422925
