stage,world,cohort_seed,subset_seed,model_seed,n_train,Delta_MAE,control_mae,time_scaled_mae,control_selected_epoch,control_shadow_mae_epoch,control_stop_epoch,control_early_stop_reason,candidate_selected_epoch,candidate_shadow_mae_epoch,candidate_stop_epoch,candidate_early_stop_reason,control_prefix10_gradient_l2_mean,control_prefix10_parameter_l2_mean,control_prefix10_flow_displacement_mean,candidate_prefix10_gradient_l2_mean,candidate_prefix10_parameter_l2_mean,candidate_prefix10_flow_displacement_mean,delta_selected_epoch,delta_stop_epoch,delta_shadow_mae_epoch,control_selection_shadow_gap,candidate_selection_shadow_gap,delta_selection_shadow_gap,control_patience_exhausted,candidate_patience_exhausted,delta_patience_exhausted,delta_prefix10_gradient_l2_mean,delta_prefix10_parameter_l2_mean
d4b,smooth,401,501,1001,40,-0.0282269120216369,0.3096423745155334,0.3378692865371704,100,100,100,max_epochs_reached,39,7,51,patience_exhausted,1.179046082496643,7.013331699371338,0.0,1.0293024241924287,7.565254545211792,0.2989571124315262,-61,-49,-93,0,32,32,0,1,1,-0.14974365830421443,0.5519228458404539
d4b,smooth,401,501,1002,40,-0.003929853439331,0.320708304643631,0.324638158082962,100,17,100,max_epochs_reached,43,32,55,patience_exhausted,1.1527686834335327,7.00717248916626,0.0,1.4639142274856567,7.568675947189331,0.3237609684467316,-57,-45,15,83,11,-72,0,1,1,0.311145544052124,0.5615034580230711
d4b,smooth,401,501,1003,40,0.0529879331588745,0.3119259774684906,0.2589380443096161,100,11,100,max_epochs_reached,100,100,100,max_epochs_reached,1.1558783292770385,7.105275201797485,0.0,1.275053358078003,7.702829790115357,0.4187867134809494,0,0,89,89,0,-89,0,0,0,0.11917502880096453,0.5975545883178714
d4b,smooth,401,501,1004,40,0.0432187914848327,0.3029820919036865,0.2597633004188537,100,100,100,max_epochs_reached,100,100,100,max_epochs_reached,0.9614281713962555,7.054605150222779,0.0,1.4470145225524902,7.676925849914551,0.3079564571380615,0,0,0,0,0,0,0,0,0,0.4855863511562347,0.6223206996917723
d4b,smooth,401,501,1005,40,0.0015186667442321,0.3262436389923095,0.3247249722480774,100,27,100,max_epochs_reached,44,56,56,patience_exhausted,1.3118000864982604,6.993908834457398,0.0,1.1698243379592896,7.563624620437622,0.3134931772947311,-56,-44,29,73,-12,-85,0,1,1,-0.14197574853897077,0.5697157859802244
d4b,smooth,401,501,1006,40,0.0300981700420379,0.3193800151348114,0.2892818450927734,100,100,100,max_epochs_reached,100,100,100,max_epochs_reached,1.112464141845703,7.059608840942383,0.0,1.2070675611495971,7.611313343048096,0.34470795691013334,0,0,0,0,0,0,0,0,0,0.09460341930389404,0.5517045021057125
d4b,smooth,401,501,1007,40,0.0386768579483032,0.2923979163169861,0.2537210583686828,100,100,100,max_epochs_reached,100,100,100,max_epochs_reached,0.9186529338359832,7.158376693725586,0.0,1.027263355255127,7.695673942565918,0.2889623880386352,0,0,0,0,0,0,0,0,0,0.10861042141914368,0.537297248840332
d4b,smooth,401,501,1008,40,-0.0275512337684631,0.2927002310752868,0.32025146484375,100,100,100,max_epochs_reached,45,57,57,patience_exhausted,1.104346013069153,7.132468271255493,0.0,1.2605305910110474,7.665399646759033,0.31343694329261773,-55,-43,-43,0,-12,-12,0,1,1,0.15618457794189444,0.5329313755035399
d4b,smooth,401,501,1009,40,-0.0292931795120239,0.3049442768096924,0.3342374563217163,100,100,100,max_epochs_reached,42,53,54,patience_exhausted,1.0219765961170197,7.029968500137329,0.0,1.2599826812744142,7.589973258972168,0.30823622345924373,-58,-46,-47,0,-11,-11,0,1,1,0.2380060851573944,0.5600047588348387
d4b,smooth,401,501,1010,40,0.0475084781646728,0.3083340525627136,0.2608255743980407,100,100,100,max_epochs_reached,100,100,100,max_epochs_reached,0.9894655287265778,6.9718152523040775,0.0,1.2752359986305237,7.566733360290527,0.24948118329048152,0,0,0,0,0,0,0,0,0,0.28577046990394595,0.5949181079864498
d4b,smooth,402,502,1001,40,0.0607862770557403,0.3219337463378906,0.2611474692821502,100,13,100,max_epochs_reached,100,100,100,max_epochs_reached,1.1647843956947326,7.013300895690918,0.0,0.9788572907447814,7.565443849563598,0.26890008002519605,0,0,87,87,0,-87,0,0,0,-0.18592710494995113,0.5521429538726803
d4b,smooth,402,502,1002,40,0.0487658977508544,0.3320381939411163,0.2832722961902618,100,14,100,max_epochs_reached,100,100,100,max_epochs_reached,1.1063369750976562,7.0066694736480715,0.0,1.4219918847084045,7.569660091400147,0.28642346858978274,0,0,86,86,0,-86,0,0,0,0.3156549096107484,0.5629906177520754
d4b,smooth,402,502,1003,40,0.059618055820465,0.324064701795578,0.2644466459751129,100,8,100,max_epochs_reached,100,100,100,max_epochs_reached,1.1545585989952087,7.104109811782837,0.0,1.2105791449546814,7.702690744400025,0.36126777827739714,0,0,92,92,0,-92,0,0,0,0.0560205459594727,0.598580932617188
d4b,smooth,402,502,1004,40,0.0518634915351867,0.3090920448303222,0.2572285532951355,100,100,100,max_epochs_reached,100,100,100,max_epochs_reached,0.9342657327651978,7.052910232543946,0.0,1.390457236766815,7.674849033355713,0.27581596970558164,0,0,0,0,0,0,0,0,0,0.45619150400161734,0.6219388008117672
d4b,smooth,402,502,1005,40,0.062617540359497,0.3378036618232727,0.2751861214637756,100,22,100,max_epochs_reached,100,100,100,max_epochs_reached,1.260012423992157,6.997589588165283,0.0,1.134180134534836,7.561830615997314,0.2624104350805282,0,0,78,78,0,-78,0,0,0,-0.12583228945732117,0.5642410278320309
d4b,smooth,402,502,1006,40,0.0412507653236389,0.3261853456497192,0.2849345803260803,100,100,100,max_epochs_reached,100,100,100,max_epochs_reached,1.083206433057785,7.061845111846924,0.0,1.1668843984603883,7.609181594848633,0.3102058172225952,0,0,0,0,0,0,0,0,0,0.0836779654026032,0.5473364830017093
d4b,smooth,402,502,1007,40,0.0382052659988403,0.291834682226181,0.2536294162273407,100,9,100,max_epochs_reached,100,100,100,max_epochs_reached,0.889515471458435,7.155837869644165,0.0,0.9739177882671356,7.697614288330078,0.25781623274087906,0,0,91,91,0,-91,0,0,0,0.08440231680870058,0.5417764186859131
d4b,smooth,402,502,1008,40,0.004961609840393,0.284253865480423,0.2792922556400299,100,100,100,max_epochs_reached,100,100,100,max_epochs_reached,1.0687546491622926,7.130447912216186,0.0,1.22528817653656,7.666065359115601,0.2802292048931122,0,0,0,0,0,0,0,0,0,0.1565335273742674,0.5356174468994146
d4b,smooth,402,502,1009,40,0.0201115012168884,0.3108252584934234,0.290713757276535,100,100,100,max_epochs_reached,100,100,100,max_epochs_reached,0.9934779226779937,7.028692579269409,0.0,1.2303051710128785,7.589639329910279,0.2746383637189865,0,0,0,0,0,0,0,0,0,0.23682724833488478,0.5609467506408699
d4b,smooth,402,502,1010,40,0.049792855978012,0.3138825893402099,0.2640897333621979,100,100,100,max_epochs_reached,100,100,100,max_epochs_reached,0.9380751192569733,6.973235654830932,0.0,1.2571401953697205,7.566497278213501,0.2162458628416061,0,0,0,0,0,0,0,0,0,0.31906507611274726,0.5932616233825687
d4b,smooth,403,503,1001,40,-0.0202966630458831,0.3178014755249023,0.3380981385707855,97,100,100,max_epochs_reached,34,46,46,patience_exhausted,1.180955421924591,7.010917091369629,0.0,1.0469744622707366,7.569124603271485,0.295431649684906,-63,-54,-54,-3,-12,-9,0,1,1,-0.13398095965385437,0.5582075119018555
d4b,smooth,403,503,1002,40,-0.0059461891651153,0.3254771530628204,0.3314233422279358,76,88,88,patience_exhausted,46,58,58,patience_exhausted,1.1563123703002929,7.008156967163086,0.0,1.4700228214263915,7.570576190948486,0.3228616505861282,-30,-30,-30,-12,-12,0,1,1,0,0.31371045112609863,0.5624192237854002
d4b,smooth,403,503,1003,40,-0.0102715790271759,0.3225033581256866,0.3327749371528625,72,84,84,patience_exhausted,35,46,47,patience_exhausted,1.1162688732147217,7.107655000686646,0.0,1.3615373730659486,7.704353666305542,0.4017509281635284,-37,-37,-38,-12,-11,1,1,1,0,0.2452684998512269,0.596698665618896
d4b,smooth,403,503,1004,40,-0.0083436965942382,0.3219310343265533,0.3302747309207916,82,94,94,patience_exhausted,41,44,53,patience_exhausted,1.0201642870903016,7.053647661209107,0.0,1.4745655059814453,7.676812791824341,0.303474685549736,-41,-41,-50,-12,-3,9,1,1,0,0.4544012188911437,0.6231651306152344
d4b,smooth,403,503,1005,40,-0.0028333365917205,0.3266021907329559,0.3294355273246765,94,100,100,max_epochs_reached,36,40,48,patience_exhausted,1.2737234234809875,6.995271873474121,0.0,1.1676522016525268,7.562619876861572,0.31583089828491206,-58,-52,-60,-6,-4,2,0,1,1,-0.10607122182846074,0.5673480033874512
d4b,smooth,403,503,1006,40,-0.0301219820976257,0.3257105052471161,0.3558324873447418,79,91,91,patience_exhausted,43,55,55,patience_exhausted,1.1086782217025757,7.057305383682251,0.0,1.250451397895813,7.613228178024292,0.32309804558753963,-36,-36,-36,-12,-12,0,1,1,0,0.14177317619323726,0.5559227943420408
d4b,smooth,403,503,1007,40,-0.0393809974193573,0.3187271952629089,0.3581081926822662,55,67,67,patience_exhausted,31,33,43,patience_exhausted,0.9274991989135742,7.155208492279053,0.0,1.0242693781852723,7.700951719284058,0.2929427146911621,-24,-24,-34,-12,-2,10,1,1,0,0.09677017927169806,0.5457432270050049
d4b,smooth,403,503,1008,40,-0.0285206139087677,0.3095883727073669,0.3381089866161346,100,100,100,max_epochs_reached,36,48,48,patience_exhausted,1.1466959238052368,7.131855916976929,0.0,1.3097504138946534,7.664573812484742,0.31133434772491453,-64,-52,-52,0,-12,-12,0,1,1,0.16305449008941664,0.5327178955078127
d4b,smooth,403,503,1009,40,-0.0140018463134765,0.326884001493454,0.3408858478069305,57,69,69,patience_exhausted,40,32,52,patience_exhausted,1.077560192346573,7.030487489700318,0.0,1.2664140343666077,7.587024831771851,0.3074327439069748,-17,-17,-37,-12,8,20,1,1,0,0.18885384202003475,0.5565373420715334
d4b,smooth,403,503,1010,40,0.0019157826900482,0.3247024118900299,0.3227866291999817,56,62,68,patience_exhausted,32,42,44,patience_exhausted,1.0283694982528686,6.969483041763306,0.0,1.2293206334114075,7.566760587692261,0.25488943159580224,-24,-24,-20,-6,-10,-4,1,1,0,0.2009511351585389,0.5972775459289545
d4b,smooth,404,504,1001,40,-0.0376810729503631,0.2965122759342193,0.3341933488845825,100,100,100,max_epochs_reached,36,48,48,patience_exhausted,1.1341995298862457,7.0114294528961185,0.0,0.9740011692047119,7.569092750549316,0.30113914608955383,-64,-52,-52,0,-12,-12,0,1,1,-0.1601983606815338,0.5576632976531979
d4b,smooth,404,504,1002,40,-0.0144374668598175,0.3083646595478058,0.3228021264076233,100,100,100,max_epochs_reached,43,32,55,patience_exhausted,1.1025661110877991,7.006320858001709,0.0,1.4008297801017762,7.569044923782348,0.3227102398872375,-57,-45,-68,0,11,11,0,1,1,0.29826366901397705,0.5627240657806389
d4b,smooth,404,504,1003,40,-0.019363909959793,0.300304502248764,0.3196684122085571,100,100,100,max_epochs_reached,36,48,48,patience_exhausted,1.1087324380874635,7.103271341323852,0.0,1.250285565853119,7.705212831497192,0.4079033851623535,-64,-52,-52,0,-12,-12,0,1,1,0.14155312776565543,0.6019414901733402
d4b,smooth,404,504,1004,40,0.0370402336120605,0.2926122844219208,0.2555720508098602,100,100,100,max_epochs_reached,100,100,100,max_epochs_reached,0.9395941138267517,7.051916837692261,0.0,1.392778706550598,7.6763505935668945,0.312683978676796,0,0,0,0,0,0,0,0,0,0.45318459272384637,0.6244337558746338
d4b,smooth,404,504,1005,40,-0.0182123184204101,0.3126753866672516,0.3308877050876617,100,100,100,max_epochs_reached,39,51,51,patience_exhausted,1.2223125219345092,6.994963121414185,0.0,1.1221635937690735,7.560779190063476,0.30714339017868036,-61,-49,-49,0,-12,-12,0,1,1,-0.10014892816543575,0.5658160686492915
d4b,smooth,404,504,1006,40,-0.0430158674716949,0.3054095804691314,0.3484254479408264,100,100,100,max_epochs_reached,37,40,49,patience_exhausted,1.0634394109249115,7.053107833862304,0.0,1.1773795247077943,7.611473608016968,0.32827125191688533,-63,-51,-60,0,-3,-3,0,1,1,0.11394011378288282,0.5583657741546633
d4b,smooth,404,504,1007,40,-0.073986142873764,0.2676967978477478,0.3416829407215118,100,100,100,max_epochs_reached,36,45,48,patience_exhausted,0.8658557295799255,7.153926849365234,0.0,0.9688553214073181,7.6980393409729,0.28915599584579466,-64,-52,-55,0,-9,-9,0,1,1,0.1029995918273926,0.5441124916076658
d4b,smooth,404,504,1008,40,-0.0582032203674316,0.2695774137973785,0.3277806341648102,100,100,100,max_epochs_reached,42,45,54,patience_exhausted,1.0733304619789124,7.131585741043091,0.0,1.2386962056159974,7.666515111923218,0.31692128181457513,-58,-46,-55,0,-3,-3,0,1,1,0.165365743637085,0.5349293708801266
d4b,smooth,404,504,1009,40,-0.0332349240779876,0.2973265051841736,0.3305614292621612,100,100,100,max_epochs_reached,41,53,53,patience_exhausted,0.9998333394527436,7.025727272033691,0.0,1.2180060744285583,7.589451313018799,0.3041820108890533,-59,-47,-47,0,-12,-12,0,1,1,0.2181727349758148,0.5637240409851074
d4b,smooth,404,504,1010,40,-0.0120772421360015,0.2958162128925323,0.3078934550285339,100,100,100,max_epochs_reached,38,38,50,patience_exhausted,0.9571233987808228,6.967372131347656,0.0,1.2064226746559144,7.56610336303711,0.24739702492952342,-62,-50,-62,0,0,0,0,1,1,0.2492992758750916,0.5987312316894533
d4b,smooth,405,505,1001,40,0.063249796628952,0.3194385170936584,0.2561887204647064,100,100,100,max_epochs_reached,100,100,100,max_epochs_reached,1.1362246751785279,7.011362981796265,0.0,0.9952472507953644,7.565352439880371,0.29058920145034783,0,0,0,0,0,0,0,0,0,-0.14097742438316352,0.5539894580841063
d4b,smooth,405,505,1002,40,0.0339255630970001,0.3179576098918915,0.2840320467948913,100,100,100,max_epochs_reached,100,100,100,max_epochs_reached,1.114831519126892,7.004822444915772,0.0,1.3814687967300414,7.569554710388184,0.3274522125720977,0,0,0,0,0,0,0,0,0,0.26663727760314937,0.5647322654724123
d4b,smooth,405,505,1003,40,0.0290377140045166,0.3041156828403473,0.2750779688358307,100,100,100,max_epochs_reached,100,100,100,max_epochs_reached,1.026048618555069,7.108143997192383,0.0,1.371756386756897,7.704141330718994,0.3986394852399826,0,0,0,0,0,0,0,0,0,0.3457077682018279,0.5959973335266113
d4b,smooth,405,505,1004,40,0.0604315996170043,0.3237433135509491,0.2633117139339447,100,100,100,max_epochs_reached,100,100,100,max_epochs_reached,1.0147450149059296,7.0506250858306885,0.0,1.4090368151664734,7.674241256713867,0.300570011138916,0,0,0,0,0,0,0,0,0,0.3942918002605438,0.6236161708831789
d4b,smooth,405,505,1005,40,0.0581135749816894,0.3249595463275909,0.2668459713459015,100,100,100,max_epochs_reached,100,100,100,max_epochs_reached,1.2259275436401367,6.991710758209228,0.0,1.1017200350761414,7.562536811828613,0.31607325375080103,0,0,0,0,0,0,0,0,0,-0.12420750856399532,0.5708260536193848
d4b,smooth,405,505,1006,40,-0.0247507095336914,0.3272641003131866,0.352014809846878,100,100,100,max_epochs_reached,50,27,62,patience_exhausted,1.060245829820633,7.05538649559021,0.0,1.2277096271514893,7.610328435897827,0.3318757593631744,-50,-38,-73,0,23,23,0,1,1,0.16746379733085637,0.554941940307617
d4b,smooth,405,505,1007,40,0.0276271700859069,0.2891311943531036,0.2615040242671966,100,100,100,max_epochs_reached,100,100,100,max_epochs_reached,0.8912993192672729,7.153750801086426,0.0,1.008578884601593,7.700424718856811,0.30665613710880274,0,0,0,0,0,0,0,0,0,0.11727956533432016,0.5466739177703852
d4b,smooth,405,505,1008,40,0.0265679955482482,0.3117260336875915,0.2851580381393432,100,100,100,max_epochs_reached,100,100,100,max_epochs_reached,1.1143407702445984,7.1273260593414305,0.0,1.2747387528419494,7.667006254196167,0.31466889083385463,0,0,0,0,0,0,0,0,0,0.16039798259735094,0.5396801948547365
d4b,smooth,405,505,1009,40,-0.0160662829875946,0.3263165652751922,0.3423828482627868,100,100,100,max_epochs_reached,44,22,56,patience_exhausted,1.0620540976524353,7.030622434616089,0.0,1.2013195037841797,7.585689067840576,0.31292818188667293,-56,-44,-78,0,22,22,0,1,1,0.13926540613174443,0.5550666332244871
d4b,smooth,405,505,1010,40,0.0570744574069976,0.3201165199279785,0.2630420625209808,100,100,100,max_epochs_reached,100,100,100,max_epochs_reached,1.0080540478229523,6.967022848129273,0.0,1.134144377708435,7.565316867828369,0.2545822903513908,0,0,0,0,0,0,0,0,0,0.12609032988548274,0.5982940196990967
