cell_id_standard,cohort_seed,subset_seed,model_seed,flow_mode,test_mae_standard,epochs_run_standard,stop_epoch_standard,early_stop_reason_standard,would_patience_exhaust_epoch_standard,selected_checkpoint_epoch_standard,shadow_mae_checkpoint_epoch_standard,selected_validation_core_loss_standard,shadow_validation_mae_standard,cell_id_forced,test_mae_forced,epochs_run_forced,stop_epoch_forced,early_stop_reason_forced,would_patience_exhaust_epoch_forced,selected_checkpoint_epoch_forced,shadow_mae_checkpoint_epoch_forced,selected_validation_core_loss_forced,shadow_validation_mae_forced,H_architecture,standard_patience_exhausted,forced_patience_event,checkpoint_epoch_changed,test_mae_changed,patience_epoch_agrees
p07__smooth__cohort406__subset506__model1101__n40__none__standard_early_stop,406,506,1101,none,0.3025831580162048,100,100,max_epochs_reached,,100,100,0.4129202961921692,0.4769470989704132,p07__smooth__cohort406__subset506__model1101__n40__none__forced_horizon,0.3025831580162048,100,100,max_epochs_reached,,100,100,0.4129202961921692,0.4769470989704132,0.0,False,False,False,False,True
p07__smooth__cohort406__subset506__model1101__n40__time_scaled__standard_early_stop,406,506,1101,time_scaled,0.273197740316391,100,100,max_epochs_reached,,100,100,0.3884827792644501,0.44074976444244385,p07__smooth__cohort406__subset506__model1101__n40__time_scaled__forced_horizon,0.273197740316391,100,100,max_epochs_reached,,100,100,0.3884827792644501,0.44074976444244385,0.0,False,False,False,False,True
p07__smooth__cohort406__subset506__model1102__n40__none__standard_early_stop,406,506,1102,none,0.3089674115180969,100,100,max_epochs_reached,,100,100,0.43574047088623047,0.4891360402107239,p07__smooth__cohort406__subset506__model1102__n40__none__forced_horizon,0.3089674115180969,100,100,max_epochs_reached,,100,100,0.43574047088623047,0.4891360402107239,0.0,False,False,False,False,True
p07__smooth__cohort406__subset506__model1102__n40__time_scaled__standard_early_stop,406,506,1102,time_scaled,0.2602082788944244,100,100,max_epochs_reached,,100,100,0.32833626866340637,0.39304232597351074,p07__smooth__cohort406__subset506__model1102__n40__time_scaled__forced_horizon,0.2602082788944244,100,100,max_epochs_reached,,100,100,0.32833626866340637,0.39304232597351074,0.0,False,False,False,False,True
p07__smooth__cohort406__subset506__model1103__n40__none__standard_early_stop,406,506,1103,none,0.2829635143280029,100,100,max_epochs_reached,,100,100,0.38118451833724976,0.43310633301734924,p07__smooth__cohort406__subset506__model1103__n40__none__forced_horizon,0.2829635143280029,100,100,max_epochs_reached,,100,100,0.38118451833724976,0.43310633301734924,0.0,False,False,False,False,True
p07__smooth__cohort406__subset506__model1103__n40__time_scaled__standard_early_stop,406,506,1103,time_scaled,0.2615249454975128,100,100,max_epochs_reached,,100,100,0.33495187759399414,0.3981402814388275,p07__smooth__cohort406__subset506__model1103__n40__time_scaled__forced_horizon,0.2615249454975128,100,100,max_epochs_reached,,100,100,0.33495187759399414,0.3981402814388275,0.0,False,False,False,False,True
p07__smooth__cohort406__subset506__model1104__n40__none__standard_early_stop,406,506,1104,none,0.311658650636673,100,100,max_epochs_reached,,100,100,0.44547945261001587,0.488934725522995,p07__smooth__cohort406__subset506__model1104__n40__none__forced_horizon,0.311658650636673,100,100,max_epochs_reached,,100,100,0.44547945261001587,0.488934725522995,0.0,False,False,False,False,True
p07__smooth__cohort406__subset506__model1104__n40__time_scaled__standard_early_stop,406,506,1104,time_scaled,0.2660888433456421,100,100,max_epochs_reached,,100,100,0.3447044789791107,0.40104731917381287,p07__smooth__cohort406__subset506__model1104__n40__time_scaled__forced_horizon,0.2660888433456421,100,100,max_epochs_reached,,100,100,0.3447044789791107,0.40104731917381287,0.0,False,False,False,False,True
p07__smooth__cohort406__subset506__model1105__n40__none__standard_early_stop,406,506,1105,none,0.3035580515861511,100,100,max_epochs_reached,,100,100,0.433010995388031,0.47774407267570496,p07__smooth__cohort406__subset506__model1105__n40__none__forced_horizon,0.3035580515861511,100,100,max_epochs_reached,,100,100,0.433010995388031,0.47774407267570496,0.0,False,False,False,False,True
p07__smooth__cohort406__subset506__model1105__n40__time_scaled__standard_early_stop,406,506,1105,time_scaled,0.2477027922868728,100,100,max_epochs_reached,,100,100,0.306527316570282,0.38310739398002625,p07__smooth__cohort406__subset506__model1105__n40__time_scaled__forced_horizon,0.2477027922868728,100,100,max_epochs_reached,,100,100,0.306527316570282,0.38310739398002625,0.0,False,False,False,False,True
p07__smooth__cohort406__subset506__model1106__n40__none__standard_early_stop,406,506,1106,none,0.2840568721294403,100,100,max_epochs_reached,,100,100,0.3864670991897583,0.43939635157585144,p07__smooth__cohort406__subset506__model1106__n40__none__forced_horizon,0.2840568721294403,100,100,max_epochs_reached,,100,100,0.3864670991897583,0.43939635157585144,0.0,False,False,False,False,True
p07__smooth__cohort406__subset506__model1106__n40__time_scaled__standard_early_stop,406,506,1106,time_scaled,0.2478282451629638,100,100,max_epochs_reached,,100,100,0.3356245458126068,0.38547641038894653,p07__smooth__cohort406__subset506__model1106__n40__time_scaled__forced_horizon,0.2478282451629638,100,100,max_epochs_reached,,100,100,0.3356245458126068,0.38547641038894653,0.0,False,False,False,False,True
p07__smooth__cohort406__subset506__model1107__n40__none__standard_early_stop,406,506,1107,none,0.3012870848178863,100,100,max_epochs_reached,,100,100,0.4221656918525696,0.4765874445438385,p07__smooth__cohort406__subset506__model1107__n40__none__forced_horizon,0.3012870848178863,100,100,max_epochs_reached,,100,100,0.4221656918525696,0.4765874445438385,0.0,False,False,False,False,True
p07__smooth__cohort406__subset506__model1107__n40__time_scaled__standard_early_stop,406,506,1107,time_scaled,0.2687654495239258,100,100,max_epochs_reached,,100,100,0.363233357667923,0.42443814873695374,p07__smooth__cohort406__subset506__model1107__n40__time_scaled__forced_horizon,0.2687654495239258,100,100,max_epochs_reached,,100,100,0.363233357667923,0.42443814873695374,0.0,False,False,False,False,True
p07__smooth__cohort406__subset506__model1108__n40__none__standard_early_stop,406,506,1108,none,0.3161821961402893,100,100,max_epochs_reached,,100,100,0.44636642932891846,0.489518940448761,p07__smooth__cohort406__subset506__model1108__n40__none__forced_horizon,0.3161821961402893,100,100,max_epochs_reached,,100,100,0.44636642932891846,0.489518940448761,0.0,False,False,False,False,True
p07__smooth__cohort406__subset506__model1108__n40__time_scaled__standard_early_stop,406,506,1108,time_scaled,0.2655979990959167,100,100,max_epochs_reached,,100,100,0.3556021749973297,0.4109709858894348,p07__smooth__cohort406__subset506__model1108__n40__time_scaled__forced_horizon,0.2655979990959167,100,100,max_epochs_reached,,100,100,0.3556021749973297,0.4109709858894348,0.0,False,False,False,False,True
p07__smooth__cohort406__subset506__model1109__n40__none__standard_early_stop,406,506,1109,none,0.3020364940166473,100,100,max_epochs_reached,,100,100,0.42175430059432983,0.49333420395851135,p07__smooth__cohort406__subset506__model1109__n40__none__forced_horizon,0.3020364940166473,100,100,max_epochs_reached,,100,100,0.42175430059432983,0.49333420395851135,0.0,False,False,False,False,True
p07__smooth__cohort406__subset506__model1109__n40__time_scaled__standard_early_stop,406,506,1109,time_scaled,0.2732135355472564,100,100,max_epochs_reached,,100,100,0.34067589044570923,0.41429898142814636,p07__smooth__cohort406__subset506__model1109__n40__time_scaled__forced_horizon,0.2732135355472564,100,100,max_epochs_reached,,100,100,0.34067589044570923,0.41429898142814636,0.0,False,False,False,False,True
p07__smooth__cohort406__subset506__model1110__n40__none__standard_early_stop,406,506,1110,none,0.3052919805049896,100,100,max_epochs_reached,,100,100,0.41467052698135376,0.47246187925338745,p07__smooth__cohort406__subset506__model1110__n40__none__forced_horizon,0.3052919805049896,100,100,max_epochs_reached,,100,100,0.41467052698135376,0.47246187925338745,0.0,False,False,False,False,True
p07__smooth__cohort406__subset506__model1110__n40__time_scaled__standard_early_stop,406,506,1110,time_scaled,0.2670006155967712,100,100,max_epochs_reached,,100,100,0.35076624155044556,0.4148523211479187,p07__smooth__cohort406__subset506__model1110__n40__time_scaled__forced_horizon,0.2670006155967712,100,100,max_epochs_reached,,100,100,0.35076624155044556,0.4148523211479187,0.0,False,False,False,False,True
p07__smooth__cohort407__subset507__model1101__n40__none__standard_early_stop,407,507,1101,none,0.3294597864151001,54,54,patience_exhausted,54.0,42,39,0.5557379722595215,0.43465349078178406,p07__smooth__cohort407__subset507__model1101__n40__none__forced_horizon,0.3018235564231872,100,100,max_epochs_reached,54.0,100,100,0.5104790329933167,0.3996545970439911,0.027636229991912897,True,True,True,True,True
p07__smooth__cohort407__subset507__model1101__n40__time_scaled__standard_early_stop,407,507,1101,time_scaled,0.2757656872272491,100,100,max_epochs_reached,,100,100,0.4557049870491028,0.34997016191482544,p07__smooth__cohort407__subset507__model1101__n40__time_scaled__forced_horizon,0.2757656872272491,100,100,max_epochs_reached,,100,100,0.4557049870491028,0.34997016191482544,0.0,False,False,False,False,True
p07__smooth__cohort407__subset507__model1102__n40__none__standard_early_stop,407,507,1102,none,0.3093146085739136,100,100,max_epochs_reached,,100,100,0.5330836772918701,0.413408100605011,p07__smooth__cohort407__subset507__model1102__n40__none__forced_horizon,0.3093146085739136,100,100,max_epochs_reached,,100,100,0.5330836772918701,0.413408100605011,0.0,False,False,False,False,True
p07__smooth__cohort407__subset507__model1102__n40__time_scaled__standard_early_stop,407,507,1102,time_scaled,0.2623067498207092,100,100,max_epochs_reached,,100,100,0.4212152361869812,0.3236721456050873,p07__smooth__cohort407__subset507__model1102__n40__time_scaled__forced_horizon,0.2623067498207092,100,100,max_epochs_reached,,100,100,0.4212152361869812,0.3236721456050873,0.0,False,False,False,False,True
p07__smooth__cohort407__subset507__model1103__n40__none__standard_early_stop,407,507,1103,none,0.2829478979110718,100,100,max_epochs_reached,,100,100,0.4453941583633423,0.3520117998123169,p07__smooth__cohort407__subset507__model1103__n40__none__forced_horizon,0.2829478979110718,100,100,max_epochs_reached,,100,100,0.4453941583633423,0.3520117998123169,0.0,False,False,False,False,True
p07__smooth__cohort407__subset507__model1103__n40__time_scaled__standard_early_stop,407,507,1103,time_scaled,0.323786199092865,59,59,patience_exhausted,59.0,47,59,0.5329034924507141,0.4075748920440674,p07__smooth__cohort407__subset507__model1103__n40__time_scaled__forced_horizon,0.2657787501811981,100,100,max_epochs_reached,59.0,100,100,0.4375365376472473,0.3298144042491913,0.05800744891166687,True,True,True,True,True
p07__smooth__cohort407__subset507__model1104__n40__none__standard_early_stop,407,507,1104,none,0.2843872606754303,100,100,max_epochs_reached,,100,100,0.4544214606285095,0.36458820104599,p07__smooth__cohort407__subset507__model1104__n40__none__forced_horizon,0.2843872606754303,100,100,max_epochs_reached,,100,100,0.4544214606285095,0.36458820104599,0.0,False,False,False,False,True
p07__smooth__cohort407__subset507__model1104__n40__time_scaled__standard_early_stop,407,507,1104,time_scaled,0.2734043300151825,100,100,max_epochs_reached,,100,100,0.44692111015319824,0.3387967646121979,p07__smooth__cohort407__subset507__model1104__n40__time_scaled__forced_horizon,0.2734043300151825,100,100,max_epochs_reached,,100,100,0.44692111015319824,0.3387967646121979,0.0,False,False,False,False,True
p07__smooth__cohort407__subset507__model1105__n40__none__standard_early_stop,407,507,1105,none,0.3054820895195007,100,100,max_epochs_reached,,100,100,0.517634928226471,0.4037928581237793,p07__smooth__cohort407__subset507__model1105__n40__none__forced_horizon,0.3054820895195007,100,100,max_epochs_reached,,100,100,0.517634928226471,0.4037928581237793,0.0,False,False,False,False,True
p07__smooth__cohort407__subset507__model1105__n40__time_scaled__standard_early_stop,407,507,1105,time_scaled,0.2505710422992706,100,100,max_epochs_reached,,100,100,0.39075738191604614,0.30156537890434265,p07__smooth__cohort407__subset507__model1105__n40__time_scaled__forced_horizon,0.2505710422992706,100,100,max_epochs_reached,,100,100,0.39075738191604614,0.30156537890434265,0.0,False,False,False,False,True
p07__smooth__cohort407__subset507__model1106__n40__none__standard_early_stop,407,507,1106,none,0.2882921397686004,100,100,max_epochs_reached,,100,100,0.47328007221221924,0.3728265166282654,p07__smooth__cohort407__subset507__model1106__n40__none__forced_horizon,0.2882921397686004,100,100,max_epochs_reached,,100,100,0.47328007221221924,0.3728265166282654,0.0,False,False,False,False,True
p07__smooth__cohort407__subset507__model1106__n40__time_scaled__standard_early_stop,407,507,1106,time_scaled,0.2514744400978088,100,100,max_epochs_reached,,100,100,0.3969576954841614,0.2989480793476105,p07__smooth__cohort407__subset507__model1106__n40__time_scaled__forced_horizon,0.2514744400978088,100,100,max_epochs_reached,,100,100,0.3969576954841614,0.2989480793476105,0.0,False,False,False,False,True
p07__smooth__cohort407__subset507__model1107__n40__none__standard_early_stop,407,507,1107,none,0.3069284558296203,100,100,max_epochs_reached,,100,100,0.5170662999153137,0.4094070494174957,p07__smooth__cohort407__subset507__model1107__n40__none__forced_horizon,0.3069284558296203,100,100,max_epochs_reached,,100,100,0.5170662999153137,0.4094070494174957,0.0,False,False,False,False,True
p07__smooth__cohort407__subset507__model1107__n40__time_scaled__standard_early_stop,407,507,1107,time_scaled,0.2931581735610962,100,100,max_epochs_reached,,100,100,0.47849512100219727,0.37433895468711853,p07__smooth__cohort407__subset507__model1107__n40__time_scaled__forced_horizon,0.2931581735610962,100,100,max_epochs_reached,,100,100,0.47849512100219727,0.37433895468711853,0.0,False,False,False,False,True
p07__smooth__cohort407__subset507__model1108__n40__none__standard_early_stop,407,507,1108,none,0.3194881379604339,100,100,max_epochs_reached,,100,100,0.5631693601608276,0.43533894419670105,p07__smooth__cohort407__subset507__model1108__n40__none__forced_horizon,0.3194881379604339,100,100,max_epochs_reached,,100,100,0.5631693601608276,0.43533894419670105,0.0,False,False,False,False,True
p07__smooth__cohort407__subset507__model1108__n40__time_scaled__standard_early_stop,407,507,1108,time_scaled,0.2700619697570801,100,100,max_epochs_reached,,100,100,0.44721436500549316,0.3433645963668823,p07__smooth__cohort407__subset507__model1108__n40__time_scaled__forced_horizon,0.2700619697570801,100,100,max_epochs_reached,,100,100,0.44721436500549316,0.3433645963668823,0.0,False,False,False,False,True
p07__smooth__cohort407__subset507__model1109__n40__none__standard_early_stop,407,507,1109,none,0.2919319570064544,100,100,max_epochs_reached,,100,100,0.48508521914482117,0.3919968903064728,p07__smooth__cohort407__subset507__model1109__n40__none__forced_horizon,0.2919319570064544,100,100,max_epochs_reached,,100,100,0.48508521914482117,0.3919968903064728,0.0,False,False,False,False,True
p07__smooth__cohort407__subset507__model1109__n40__time_scaled__standard_early_stop,407,507,1109,time_scaled,0.2651359438896179,100,100,max_epochs_reached,,100,100,0.43317943811416626,0.32829636335372925,p07__smooth__cohort407__subset507__model1109__n40__time_scaled__forced_horizon,0.2651359438896179,100,100,max_epochs_reached,,100,100,0.43317943811416626,0.32829636335372925,0.0,False,False,False,False,True
p07__smooth__cohort407__subset507__model1110__n40__none__standard_early_stop,407,507,1110,none,0.3092976212501526,100,100,max_epochs_reached,,100,100,0.5358556509017944,0.4138577878475189,p07__smooth__cohort407__subset507__model1110__n40__none__forced_horizon,0.3092976212501526,100,100,max_epochs_reached,,100,100,0.5358556509017944,0.4138577878475189,0.0,False,False,False,False,True
p07__smooth__cohort407__subset507__model1110__n40__time_scaled__standard_early_stop,407,507,1110,time_scaled,0.2796609103679657,100,100,max_epochs_reached,,100,100,0.46203601360321045,0.36090630292892456,p07__smooth__cohort407__subset507__model1110__n40__time_scaled__forced_horizon,0.2796609103679657,100,100,max_epochs_reached,,100,100,0.46203601360321045,0.36090630292892456,0.0,False,False,False,False,True
p07__smooth__cohort408__subset508__model1101__n40__none__standard_early_stop,408,508,1101,none,0.2924774289131164,100,100,max_epochs_reached,,100,100,0.2527027428150177,0.32946380972862244,p07__smooth__cohort408__subset508__model1101__n40__none__forced_horizon,0.2924774289131164,100,100,max_epochs_reached,,100,100,0.2527027428150177,0.32946380972862244,0.0,False,False,False,False,True
p07__smooth__cohort408__subset508__model1101__n40__time_scaled__standard_early_stop,408,508,1101,time_scaled,0.2634483575820923,100,100,max_epochs_reached,,100,100,0.2603533864021301,0.2951233386993408,p07__smooth__cohort408__subset508__model1101__n40__time_scaled__forced_horizon,0.2634483575820923,100,100,max_epochs_reached,,100,100,0.2603533864021301,0.2951233386993408,0.0,False,False,False,False,True
p07__smooth__cohort408__subset508__model1102__n40__none__standard_early_stop,408,508,1102,none,0.2999062538146972,100,100,max_epochs_reached,,100,100,0.25631508231163025,0.3374308943748474,p07__smooth__cohort408__subset508__model1102__n40__none__forced_horizon,0.2999062538146972,100,100,max_epochs_reached,,100,100,0.25631508231163025,0.3374308943748474,0.0,False,False,False,False,True
p07__smooth__cohort408__subset508__model1102__n40__time_scaled__standard_early_stop,408,508,1102,time_scaled,0.2480734884738922,100,100,max_epochs_reached,,100,100,0.25244227051734924,0.2983202636241913,p07__smooth__cohort408__subset508__model1102__n40__time_scaled__forced_horizon,0.2480734884738922,100,100,max_epochs_reached,,100,100,0.25244227051734924,0.2983202636241913,0.0,False,False,False,False,True
p07__smooth__cohort408__subset508__model1103__n40__none__standard_early_stop,408,508,1103,none,0.2715866267681122,100,100,max_epochs_reached,,100,100,0.24828344583511353,0.3204520642757416,p07__smooth__cohort408__subset508__model1103__n40__none__forced_horizon,0.2715866267681122,100,100,max_epochs_reached,,100,100,0.24828344583511353,0.3204520642757416,0.0,False,False,False,False,True
p07__smooth__cohort408__subset508__model1103__n40__time_scaled__standard_early_stop,408,508,1103,time_scaled,0.264908105134964,100,100,max_epochs_reached,,100,100,0.2531502842903137,0.30586597323417664,p07__smooth__cohort408__subset508__model1103__n40__time_scaled__forced_horizon,0.264908105134964,100,100,max_epochs_reached,,100,100,0.2531502842903137,0.30586597323417664,0.0,False,False,False,False,True
p07__smooth__cohort408__subset508__model1104__n40__none__standard_early_stop,408,508,1104,none,0.2764838635921478,100,100,max_epochs_reached,,100,100,0.2498057782649994,0.32054316997528076,p07__smooth__cohort408__subset508__model1104__n40__none__forced_horizon,0.2764838635921478,100,100,max_epochs_reached,,100,100,0.2498057782649994,0.32054316997528076,0.0,False,False,False,False,True
p07__smooth__cohort408__subset508__model1104__n40__time_scaled__standard_early_stop,408,508,1104,time_scaled,0.2639392018318176,100,100,max_epochs_reached,,100,100,0.26102960109710693,0.29608452320098877,p07__smooth__cohort408__subset508__model1104__n40__time_scaled__forced_horizon,0.2639392018318176,100,100,max_epochs_reached,,100,100,0.26102960109710693,0.29608452320098877,0.0,False,False,False,False,True
p07__smooth__cohort408__subset508__model1105__n40__none__standard_early_stop,408,508,1105,none,0.291895717382431,100,100,max_epochs_reached,,100,100,0.26835834980010986,0.33721116185188293,p07__smooth__cohort408__subset508__model1105__n40__none__forced_horizon,0.291895717382431,100,100,max_epochs_reached,,100,100,0.26835834980010986,0.33721116185188293,0.0,False,False,False,False,True
p07__smooth__cohort408__subset508__model1105__n40__time_scaled__standard_early_stop,408,508,1105,time_scaled,0.2390951067209243,100,100,max_epochs_reached,,100,100,0.2411009967327118,0.28960293531417847,p07__smooth__cohort408__subset508__model1105__n40__time_scaled__forced_horizon,0.2390951067209243,100,100,max_epochs_reached,,100,100,0.2411009967327118,0.28960293531417847,0.0,False,False,False,False,True
p07__smooth__cohort408__subset508__model1106__n40__none__standard_early_stop,408,508,1106,none,0.278815746307373,100,100,max_epochs_reached,,100,100,0.25292932987213135,0.322420597076416,p07__smooth__cohort408__subset508__model1106__n40__none__forced_horizon,0.278815746307373,100,100,max_epochs_reached,,100,100,0.25292932987213135,0.322420597076416,0.0,False,False,False,False,True
p07__smooth__cohort408__subset508__model1106__n40__time_scaled__standard_early_stop,408,508,1106,time_scaled,0.2388936579227447,100,100,max_epochs_reached,,100,100,0.24584375321865082,0.28004077076911926,p07__smooth__cohort408__subset508__model1106__n40__time_scaled__forced_horizon,0.2388936579227447,100,100,max_epochs_reached,,100,100,0.24584375321865082,0.28004077076911926,0.0,False,False,False,False,True
p07__smooth__cohort408__subset508__model1107__n40__none__standard_early_stop,408,508,1107,none,0.2943487763404846,100,100,max_epochs_reached,,100,100,0.2548309862613678,0.33632516860961914,p07__smooth__cohort408__subset508__model1107__n40__none__forced_horizon,0.2943487763404846,100,100,max_epochs_reached,,100,100,0.2548309862613678,0.33632516860961914,0.0,False,False,False,False,True
p07__smooth__cohort408__subset508__model1107__n40__time_scaled__standard_early_stop,408,508,1107,time_scaled,0.263693243265152,100,100,max_epochs_reached,,100,100,0.2567025125026703,0.2956719696521759,p07__smooth__cohort408__subset508__model1107__n40__time_scaled__forced_horizon,0.263693243265152,100,100,max_epochs_reached,,100,100,0.2567025125026703,0.2956719696521759,0.0,False,False,False,False,True
p07__smooth__cohort408__subset508__model1108__n40__none__standard_early_stop,408,508,1108,none,0.3107438385486603,100,100,max_epochs_reached,,100,100,0.27998000383377075,0.3533630073070526,p07__smooth__cohort408__subset508__model1108__n40__none__forced_horizon,0.3107438385486603,100,100,max_epochs_reached,,100,100,0.27998000383377075,0.3533630073070526,0.0,False,False,False,False,True
p07__smooth__cohort408__subset508__model1108__n40__time_scaled__standard_early_stop,408,508,1108,time_scaled,0.2596837282180786,100,100,max_epochs_reached,,100,100,0.2502530515193939,0.2966788411140442,p07__smooth__cohort408__subset508__model1108__n40__time_scaled__forced_horizon,0.2596837282180786,100,100,max_epochs_reached,,100,100,0.2502530515193939,0.2966788411140442,0.0,False,False,False,False,True
p07__smooth__cohort408__subset508__model1109__n40__none__standard_early_stop,408,508,1109,none,0.2838652729988098,100,100,max_epochs_reached,,100,100,0.23419660329818726,0.3113805055618286,p07__smooth__cohort408__subset508__model1109__n40__none__forced_horizon,0.2838652729988098,100,100,max_epochs_reached,,100,100,0.23419660329818726,0.3113805055618286,0.0,False,False,False,False,True
p07__smooth__cohort408__subset508__model1109__n40__time_scaled__standard_early_stop,408,508,1109,time_scaled,0.2593211233615875,100,100,max_epochs_reached,,100,100,0.261497437953949,0.3133352994918823,p07__smooth__cohort408__subset508__model1109__n40__time_scaled__forced_horizon,0.2593211233615875,100,100,max_epochs_reached,,100,100,0.261497437953949,0.3133352994918823,0.0,False,False,False,False,True
p07__smooth__cohort408__subset508__model1110__n40__none__standard_early_stop,408,508,1110,none,0.2994246184825897,100,100,max_epochs_reached,,100,100,0.25760453939437866,0.3432978689670563,p07__smooth__cohort408__subset508__model1110__n40__none__forced_horizon,0.2994246184825897,100,100,max_epochs_reached,,100,100,0.25760453939437866,0.3432978689670563,0.0,False,False,False,False,True
p07__smooth__cohort408__subset508__model1110__n40__time_scaled__standard_early_stop,408,508,1110,time_scaled,0.2678128778934479,100,100,max_epochs_reached,,100,94,0.2584739625453949,0.30818596482276917,p07__smooth__cohort408__subset508__model1110__n40__time_scaled__forced_horizon,0.2678128778934479,100,100,max_epochs_reached,,100,94,0.2584739625453949,0.30818596482276917,0.0,False,False,False,False,True
p07__smooth__cohort409__subset509__model1101__n40__none__standard_early_stop,409,509,1101,none,0.3006871044635772,100,100,max_epochs_reached,,100,100,0.17152874171733856,0.23259983956813812,p07__smooth__cohort409__subset509__model1101__n40__none__forced_horizon,0.3006871044635772,100,100,max_epochs_reached,,100,100,0.17152874171733856,0.23259983956813812,0.0,False,False,False,False,True
p07__smooth__cohort409__subset509__model1101__n40__time_scaled__standard_early_stop,409,509,1101,time_scaled,0.2897996604442596,100,100,max_epochs_reached,,100,100,0.20316803455352783,0.23367492854595184,p07__smooth__cohort409__subset509__model1101__n40__time_scaled__forced_horizon,0.2897996604442596,100,100,max_epochs_reached,,100,100,0.20316803455352783,0.23367492854595184,0.0,False,False,False,False,True
p07__smooth__cohort409__subset509__model1102__n40__none__standard_early_stop,409,509,1102,none,0.3021703660488128,100,100,max_epochs_reached,,100,24,0.17897245287895203,0.23660941421985626,p07__smooth__cohort409__subset509__model1102__n40__none__forced_horizon,0.3021703660488128,100,100,max_epochs_reached,,100,24,0.17897245287895203,0.23660941421985626,0.0,False,False,False,False,True
p07__smooth__cohort409__subset509__model1102__n40__time_scaled__standard_early_stop,409,509,1102,time_scaled,0.2764152586460113,100,100,max_epochs_reached,,100,100,0.18191364407539368,0.22166427969932556,p07__smooth__cohort409__subset509__model1102__n40__time_scaled__forced_horizon,0.2764152586460113,100,100,max_epochs_reached,,100,100,0.18191364407539368,0.22166427969932556,0.0,False,False,False,False,True
p07__smooth__cohort409__subset509__model1103__n40__none__standard_early_stop,409,509,1103,none,0.2854426801204681,100,100,max_epochs_reached,,100,100,0.17329661548137665,0.22820954024791718,p07__smooth__cohort409__subset509__model1103__n40__none__forced_horizon,0.2854426801204681,100,100,max_epochs_reached,,100,100,0.17329661548137665,0.22820954024791718,0.0,False,False,False,False,True
p07__smooth__cohort409__subset509__model1103__n40__time_scaled__standard_early_stop,409,509,1103,time_scaled,0.2665524780750274,100,100,max_epochs_reached,,100,100,0.17453396320343018,0.21697069704532623,p07__smooth__cohort409__subset509__model1103__n40__time_scaled__forced_horizon,0.2665524780750274,100,100,max_epochs_reached,,100,100,0.17453396320343018,0.21697069704532623,0.0,False,False,False,False,True
p07__smooth__cohort409__subset509__model1104__n40__none__standard_early_stop,409,509,1104,none,0.3116593956947326,100,100,max_epochs_reached,,100,28,0.18831110000610352,0.2410525530576706,p07__smooth__cohort409__subset509__model1104__n40__none__forced_horizon,0.3116593956947326,100,100,max_epochs_reached,,100,28,0.18831110000610352,0.2410525530576706,0.0,False,False,False,False,True
p07__smooth__cohort409__subset509__model1104__n40__time_scaled__standard_early_stop,409,509,1104,time_scaled,0.2832116782665252,100,100,max_epochs_reached,,100,100,0.18491092324256897,0.22818006575107574,p07__smooth__cohort409__subset509__model1104__n40__time_scaled__forced_horizon,0.2832116782665252,100,100,max_epochs_reached,,100,100,0.18491092324256897,0.22818006575107574,0.0,False,False,False,False,True
p07__smooth__cohort409__subset509__model1105__n40__none__standard_early_stop,409,509,1105,none,0.3017861545085907,100,100,max_epochs_reached,,100,100,0.18435092270374298,0.24003173410892487,p07__smooth__cohort409__subset509__model1105__n40__none__forced_horizon,0.3017861545085907,100,100,max_epochs_reached,,100,100,0.18435092270374298,0.24003173410892487,0.0,False,False,False,False,True
p07__smooth__cohort409__subset509__model1105__n40__time_scaled__standard_early_stop,409,509,1105,time_scaled,0.2506381273269653,100,100,max_epochs_reached,,100,100,0.1702306866645813,0.20617157220840454,p07__smooth__cohort409__subset509__model1105__n40__time_scaled__forced_horizon,0.2506381273269653,100,100,max_epochs_reached,,100,100,0.1702306866645813,0.20617157220840454,0.0,False,False,False,False,True
p07__smooth__cohort409__subset509__model1106__n40__none__standard_early_stop,409,509,1106,none,0.287882387638092,100,100,max_epochs_reached,,100,100,0.17599087953567505,0.22281169891357422,p07__smooth__cohort409__subset509__model1106__n40__none__forced_horizon,0.287882387638092,100,100,max_epochs_reached,,100,100,0.17599087953567505,0.22281169891357422,0.0,False,False,False,False,True
p07__smooth__cohort409__subset509__model1106__n40__time_scaled__standard_early_stop,409,509,1106,time_scaled,0.2550605237483978,100,100,max_epochs_reached,,100,100,0.18150724470615387,0.2087203413248062,p07__smooth__cohort409__subset509__model1106__n40__time_scaled__forced_horizon,0.2550605237483978,100,100,max_epochs_reached,,100,100,0.18150724470615387,0.2087203413248062,0.0,False,False,False,False,True
p07__smooth__cohort409__subset509__model1107__n40__none__standard_early_stop,409,509,1107,none,0.2981997430324554,100,100,max_epochs_reached,,100,100,0.18295001983642578,0.23119530081748962,p07__smooth__cohort409__subset509__model1107__n40__none__forced_horizon,0.2981997430324554,100,100,max_epochs_reached,,100,100,0.18295001983642578,0.23119530081748962,0.0,False,False,False,False,True
p07__smooth__cohort409__subset509__model1107__n40__time_scaled__standard_early_stop,409,509,1107,time_scaled,0.2851745188236236,100,100,max_epochs_reached,,100,100,0.19139151275157928,0.23824381828308105,p07__smooth__cohort409__subset509__model1107__n40__time_scaled__forced_horizon,0.2851745188236236,100,100,max_epochs_reached,,100,100,0.19139151275157928,0.23824381828308105,0.0,False,False,False,False,True
p07__smooth__cohort409__subset509__model1108__n40__none__standard_early_stop,409,509,1108,none,0.3095525205135345,100,100,max_epochs_reached,,100,100,0.19138893485069275,0.23895494639873505,p07__smooth__cohort409__subset509__model1108__n40__none__forced_horizon,0.3095525205135345,100,100,max_epochs_reached,,100,100,0.19138893485069275,0.23895494639873505,0.0,False,False,False,False,True
p07__smooth__cohort409__subset509__model1108__n40__time_scaled__standard_early_stop,409,509,1108,time_scaled,0.2751272916793823,100,100,max_epochs_reached,,100,100,0.17787832021713257,0.21552476286888123,p07__smooth__cohort409__subset509__model1108__n40__time_scaled__forced_horizon,0.2751272916793823,100,100,max_epochs_reached,,100,100,0.17787832021713257,0.21552476286888123,0.0,False,False,False,False,True
p07__smooth__cohort409__subset509__model1109__n40__none__standard_early_stop,409,509,1109,none,0.3004445135593414,100,100,max_epochs_reached,,100,100,0.17877240478992462,0.23756398260593414,p07__smooth__cohort409__subset509__model1109__n40__none__forced_horizon,0.3004445135593414,100,100,max_epochs_reached,,100,100,0.17877240478992462,0.23756398260593414,0.0,False,False,False,False,True
p07__smooth__cohort409__subset509__model1109__n40__time_scaled__standard_early_stop,409,509,1109,time_scaled,0.2922625541687011,100,100,max_epochs_reached,,100,100,0.1904301792383194,0.24446861445903778,p07__smooth__cohort409__subset509__model1109__n40__time_scaled__forced_horizon,0.2922625541687011,100,100,max_epochs_reached,,100,100,0.1904301792383194,0.24446861445903778,0.0,False,False,False,False,True
p07__smooth__cohort409__subset509__model1110__n40__none__standard_early_stop,409,509,1110,none,0.3061538338661194,100,100,max_epochs_reached,,100,100,0.1730228066444397,0.23980166018009186,p07__smooth__cohort409__subset509__model1110__n40__none__forced_horizon,0.3061538338661194,100,100,max_epochs_reached,,100,100,0.1730228066444397,0.23980166018009186,0.0,False,False,False,False,True
p07__smooth__cohort409__subset509__model1110__n40__time_scaled__standard_early_stop,409,509,1110,time_scaled,0.2971019744873047,100,100,max_epochs_reached,,100,100,0.18077968060970306,0.22882294654846191,p07__smooth__cohort409__subset509__model1110__n40__time_scaled__forced_horizon,0.2971019744873047,100,100,max_epochs_reached,,100,100,0.18077968060970306,0.22882294654846191,0.0,False,False,False,False,True
p07__smooth__cohort410__subset510__model1101__n40__none__standard_early_stop,410,510,1101,none,0.290360540151596,100,100,max_epochs_reached,,100,100,0.3522011935710907,0.40645304322242737,p07__smooth__cohort410__subset510__model1101__n40__none__forced_horizon,0.290360540151596,100,100,max_epochs_reached,,100,100,0.3522011935710907,0.40645304322242737,0.0,False,False,False,False,True
p07__smooth__cohort410__subset510__model1101__n40__time_scaled__standard_early_stop,410,510,1101,time_scaled,0.2718669474124908,100,100,max_epochs_reached,,100,100,0.2930390238761902,0.35161998867988586,p07__smooth__cohort410__subset510__model1101__n40__time_scaled__forced_horizon,0.2718669474124908,100,100,max_epochs_reached,,100,100,0.2930390238761902,0.35161998867988586,0.0,False,False,False,False,True
p07__smooth__cohort410__subset510__model1102__n40__none__standard_early_stop,410,510,1102,none,0.2923372983932495,100,100,max_epochs_reached,,100,100,0.36833739280700684,0.41371265053749084,p07__smooth__cohort410__subset510__model1102__n40__none__forced_horizon,0.2923372983932495,100,100,max_epochs_reached,,100,100,0.36833739280700684,0.41371265053749084,0.0,False,False,False,False,True
p07__smooth__cohort410__subset510__model1102__n40__time_scaled__standard_early_stop,410,510,1102,time_scaled,0.2600552141666412,100,100,max_epochs_reached,,100,100,0.24301452934741974,0.32639336585998535,p07__smooth__cohort410__subset510__model1102__n40__time_scaled__forced_horizon,0.2600552141666412,100,100,max_epochs_reached,,100,100,0.24301452934741974,0.32639336585998535,0.0,False,False,False,False,True
p07__smooth__cohort410__subset510__model1103__n40__none__standard_early_stop,410,510,1103,none,0.2791101932525635,100,100,max_epochs_reached,,100,100,0.3368305563926697,0.3938659131526947,p07__smooth__cohort410__subset510__model1103__n40__none__forced_horizon,0.2791101932525635,100,100,max_epochs_reached,,100,100,0.3368305563926697,0.3938659131526947,0.0,False,False,False,False,True
p07__smooth__cohort410__subset510__model1103__n40__time_scaled__standard_early_stop,410,510,1103,time_scaled,0.2616722881793976,100,100,max_epochs_reached,,100,100,0.24368861317634583,0.31638628244400024,p07__smooth__cohort410__subset510__model1103__n40__time_scaled__forced_horizon,0.2616722881793976,100,100,max_epochs_reached,,100,100,0.24368861317634583,0.31638628244400024,0.0,False,False,False,False,True
p07__smooth__cohort410__subset510__model1104__n40__none__standard_early_stop,410,510,1104,none,0.2790423035621643,100,100,max_epochs_reached,,100,100,0.32656383514404297,0.373132586479187,p07__smooth__cohort410__subset510__model1104__n40__none__forced_horizon,0.2790423035621643,100,100,max_epochs_reached,,100,100,0.32656383514404297,0.373132586479187,0.0,False,False,False,False,True
p07__smooth__cohort410__subset510__model1104__n40__time_scaled__standard_early_stop,410,510,1104,time_scaled,0.2727780640125274,100,100,max_epochs_reached,,100,100,0.24616611003875732,0.33252835273742676,p07__smooth__cohort410__subset510__model1104__n40__time_scaled__forced_horizon,0.2727780640125274,100,100,max_epochs_reached,,100,100,0.24616611003875732,0.33252835273742676,0.0,False,False,False,False,True
p07__smooth__cohort410__subset510__model1105__n40__none__standard_early_stop,410,510,1105,none,0.290556788444519,100,100,max_epochs_reached,,100,100,0.36691814661026,0.3997897207736969,p07__smooth__cohort410__subset510__model1105__n40__none__forced_horizon,0.290556788444519,100,100,max_epochs_reached,,100,100,0.36691814661026,0.3997897207736969,0.0,False,False,False,False,True
p07__smooth__cohort410__subset510__model1105__n40__time_scaled__standard_early_stop,410,510,1105,time_scaled,0.2465454488992691,100,100,max_epochs_reached,,100,100,0.21469545364379883,0.2922047972679138,p07__smooth__cohort410__subset510__model1105__n40__time_scaled__forced_horizon,0.2465454488992691,100,100,max_epochs_reached,,100,100,0.21469545364379883,0.2922047972679138,0.0,False,False,False,False,True
p07__smooth__cohort410__subset510__model1106__n40__none__standard_early_stop,410,510,1106,none,0.2744841277599334,100,100,max_epochs_reached,,100,100,0.3328540623188019,0.3863375186920166,p07__smooth__cohort410__subset510__model1106__n40__none__forced_horizon,0.2744841277599334,100,100,max_epochs_reached,,100,100,0.3328540623188019,0.3863375186920166,0.0,False,False,False,False,True
p07__smooth__cohort410__subset510__model1106__n40__time_scaled__standard_early_stop,410,510,1106,time_scaled,0.2448126226663589,100,100,max_epochs_reached,,100,100,0.22401005029678345,0.2845298647880554,p07__smooth__cohort410__subset510__model1106__n40__time_scaled__forced_horizon,0.2448126226663589,100,100,max_epochs_reached,,100,100,0.22401005029678345,0.2845298647880554,0.0,False,False,False,False,True
p07__smooth__cohort410__subset510__model1107__n40__none__standard_early_stop,410,510,1107,none,0.2864367663860321,100,100,max_epochs_reached,,100,100,0.36267149448394775,0.4070703089237213,p07__smooth__cohort410__subset510__model1107__n40__none__forced_horizon,0.2864367663860321,100,100,max_epochs_reached,,100,100,0.36267149448394775,0.4070703089237213,0.0,False,False,False,False,True
p07__smooth__cohort410__subset510__model1107__n40__time_scaled__standard_early_stop,410,510,1107,time_scaled,0.2559018433094024,100,100,max_epochs_reached,,100,100,0.236160546541214,0.3098162114620209,p07__smooth__cohort410__subset510__model1107__n40__time_scaled__forced_horizon,0.2559018433094024,100,100,max_epochs_reached,,100,100,0.236160546541214,0.3098162114620209,0.0,False,False,False,False,True
p07__smooth__cohort410__subset510__model1108__n40__none__standard_early_stop,410,510,1108,none,0.306451141834259,100,100,max_epochs_reached,,100,100,0.3994889259338379,0.4338933229446411,p07__smooth__cohort410__subset510__model1108__n40__none__forced_horizon,0.306451141834259,100,100,max_epochs_reached,,100,100,0.3994889259338379,0.4338933229446411,0.0,False,False,False,False,True
p07__smooth__cohort410__subset510__model1108__n40__time_scaled__standard_early_stop,410,510,1108,time_scaled,0.2619942426681518,100,100,max_epochs_reached,,100,100,0.2583264112472534,0.33081045746803284,p07__smooth__cohort410__subset510__model1108__n40__time_scaled__forced_horizon,0.2619942426681518,100,100,max_epochs_reached,,100,100,0.2583264112472534,0.33081045746803284,0.0,False,False,False,False,True
p07__smooth__cohort410__subset510__model1109__n40__none__standard_early_stop,410,510,1109,none,0.2780282497406006,100,100,max_epochs_reached,,100,100,0.3301311433315277,0.3872051239013672,p07__smooth__cohort410__subset510__model1109__n40__none__forced_horizon,0.2780282497406006,100,100,max_epochs_reached,,100,100,0.3301311433315277,0.3872051239013672,0.0,False,False,False,False,True
p07__smooth__cohort410__subset510__model1109__n40__time_scaled__standard_early_stop,410,510,1109,time_scaled,0.265542060136795,100,100,max_epochs_reached,,100,100,0.24248963594436646,0.3179185688495636,p07__smooth__cohort410__subset510__model1109__n40__time_scaled__forced_horizon,0.265542060136795,100,100,max_epochs_reached,,100,100,0.24248963594436646,0.3179185688495636,0.0,False,False,False,False,True
p07__smooth__cohort410__subset510__model1110__n40__none__standard_early_stop,410,510,1110,none,0.2871918082237243,100,100,max_epochs_reached,,100,100,0.3610636591911316,0.4044240415096283,p07__smooth__cohort410__subset510__model1110__n40__none__forced_horizon,0.2871918082237243,100,100,max_epochs_reached,,100,100,0.3610636591911316,0.4044240415096283,0.0,False,False,False,False,True
p07__smooth__cohort410__subset510__model1110__n40__time_scaled__standard_early_stop,410,510,1110,time_scaled,0.2740320861339569,100,100,max_epochs_reached,,100,100,0.29716432094573975,0.3793039619922638,p07__smooth__cohort410__subset510__model1110__n40__time_scaled__forced_horizon,0.2740320861339569,100,100,max_epochs_reached,,100,100,0.29716432094573975,0.3793039619922638,0.0,False,False,False,False,True
