cohort_seed,subset_seed,model_seed,mae_control_standard,mae_time_scaled_standard,mae_control_forced,mae_time_scaled_forced,Delta_standard,Delta_forced,G,H_time_scaled,H_control
406,506,1101,0.3025831580162048,0.273197740316391,0.3025831580162048,0.273197740316391,0.029385417699813787,0.029385417699813787,0.0,0.0,0.0
406,506,1102,0.3089674115180969,0.2602082788944244,0.3089674115180969,0.2602082788944244,0.04875913262367254,0.04875913262367254,0.0,0.0,0.0
406,506,1103,0.2829635143280029,0.2615249454975128,0.2829635143280029,0.2615249454975128,0.021438568830490057,0.021438568830490057,0.0,0.0,0.0
406,506,1104,0.311658650636673,0.2660888433456421,0.311658650636673,0.2660888433456421,0.045569807291030884,0.045569807291030884,0.0,0.0,0.0
406,506,1105,0.3035580515861511,0.2477027922868728,0.3035580515861511,0.2477027922868728,0.055855259299278315,0.055855259299278315,0.0,0.0,0.0
406,506,1106,0.2840568721294403,0.2478282451629638,0.2840568721294403,0.2478282451629638,0.036228626966476496,0.036228626966476496,0.0,0.0,0.0
406,506,1107,0.3012870848178863,0.2687654495239258,0.3012870848178863,0.2687654495239258,0.032521635293960516,0.032521635293960516,0.0,0.0,0.0
406,506,1108,0.3161821961402893,0.2655979990959167,0.3161821961402893,0.2655979990959167,0.050584197044372614,0.050584197044372614,0.0,0.0,0.0
406,506,1109,0.3020364940166473,0.2732135355472564,0.3020364940166473,0.2732135355472564,0.02882295846939087,0.02882295846939087,0.0,0.0,0.0
406,506,1110,0.3052919805049896,0.2670006155967712,0.3052919805049896,0.2670006155967712,0.03829136490821844,0.03829136490821844,0.0,0.0,0.0
407,507,1101,0.3294597864151001,0.2757656872272491,0.3018235564231872,0.2757656872272491,0.05369409918785101,0.02605786919593811,-0.027636229991912897,0.0,0.027636229991912897
407,507,1102,0.3093146085739136,0.2623067498207092,0.3093146085739136,0.2623067498207092,0.0470078587532044,0.0470078587532044,0.0,0.0,0.0
407,507,1103,0.2829478979110718,0.323786199092865,0.2829478979110718,0.2657787501811981,-0.04083830118179321,0.017169147729873657,0.05800744891166687,0.05800744891166687,0.0
407,507,1104,0.2843872606754303,0.2734043300151825,0.2843872606754303,0.2734043300151825,0.010982930660247803,0.010982930660247803,0.0,0.0,0.0
407,507,1105,0.3054820895195007,0.2505710422992706,0.3054820895195007,0.2505710422992706,0.0549110472202301,0.0549110472202301,0.0,0.0,0.0
407,507,1106,0.2882921397686004,0.2514744400978088,0.2882921397686004,0.2514744400978088,0.036817699670791626,0.036817699670791626,0.0,0.0,0.0
407,507,1107,0.3069284558296203,0.2931581735610962,0.3069284558296203,0.2931581735610962,0.013770282268524114,0.013770282268524114,0.0,0.0,0.0
407,507,1108,0.3194881379604339,0.2700619697570801,0.3194881379604339,0.2700619697570801,0.049426168203353826,0.049426168203353826,0.0,0.0,0.0
407,507,1109,0.2919319570064544,0.2651359438896179,0.2919319570064544,0.2651359438896179,0.026796013116836492,0.026796013116836492,0.0,0.0,0.0
407,507,1110,0.3092976212501526,0.2796609103679657,0.3092976212501526,0.2796609103679657,0.02963671088218689,0.02963671088218689,0.0,0.0,0.0
408,508,1101,0.2924774289131164,0.2634483575820923,0.2924774289131164,0.2634483575820923,0.029029071331024114,0.029029071331024114,0.0,0.0,0.0
408,508,1102,0.2999062538146972,0.2480734884738922,0.2999062538146972,0.2480734884738922,0.051832765340805,0.051832765340805,0.0,0.0,0.0
408,508,1103,0.2715866267681122,0.264908105134964,0.2715866267681122,0.264908105134964,0.006678521633148193,0.006678521633148193,0.0,0.0,0.0
408,508,1104,0.2764838635921478,0.2639392018318176,0.2764838635921478,0.2639392018318176,0.0125446617603302,0.0125446617603302,0.0,0.0,0.0
408,508,1105,0.291895717382431,0.2390951067209243,0.291895717382431,0.2390951067209243,0.05280061066150668,0.05280061066150668,0.0,0.0,0.0
408,508,1106,0.278815746307373,0.2388936579227447,0.278815746307373,0.2388936579227447,0.039922088384628296,0.039922088384628296,0.0,0.0,0.0
408,508,1107,0.2943487763404846,0.263693243265152,0.2943487763404846,0.263693243265152,0.03065553307533264,0.03065553307533264,0.0,0.0,0.0
408,508,1108,0.3107438385486603,0.2596837282180786,0.3107438385486603,0.2596837282180786,0.051060110330581665,0.051060110330581665,0.0,0.0,0.0
408,508,1109,0.2838652729988098,0.2593211233615875,0.2838652729988098,0.2593211233615875,0.02454414963722229,0.02454414963722229,0.0,0.0,0.0
408,508,1110,0.2994246184825897,0.2678128778934479,0.2994246184825897,0.2678128778934479,0.031611740589141846,0.031611740589141846,0.0,0.0,0.0
409,509,1101,0.3006871044635772,0.2897996604442596,0.3006871044635772,0.2897996604442596,0.010887444019317627,0.010887444019317627,0.0,0.0,0.0
409,509,1102,0.3021703660488128,0.2764152586460113,0.3021703660488128,0.2764152586460113,0.025755107402801514,0.025755107402801514,0.0,0.0,0.0
409,509,1103,0.2854426801204681,0.2665524780750274,0.2854426801204681,0.2665524780750274,0.018890202045440674,0.018890202045440674,0.0,0.0,0.0
409,509,1104,0.3116593956947326,0.2832116782665252,0.3116593956947326,0.2832116782665252,0.028447717428207397,0.028447717428207397,0.0,0.0,0.0
409,509,1105,0.3017861545085907,0.2506381273269653,0.3017861545085907,0.2506381273269653,0.05114802718162542,0.05114802718162542,0.0,0.0,0.0
409,509,1106,0.287882387638092,0.2550605237483978,0.287882387638092,0.2550605237483978,0.03282186388969416,0.03282186388969416,0.0,0.0,0.0
409,509,1107,0.2981997430324554,0.2851745188236236,0.2981997430324554,0.2851745188236236,0.013025224208831787,0.013025224208831787,0.0,0.0,0.0
409,509,1108,0.3095525205135345,0.2751272916793823,0.3095525205135345,0.2751272916793823,0.034425228834152166,0.034425228834152166,0.0,0.0,0.0
409,509,1109,0.3004445135593414,0.2922625541687011,0.3004445135593414,0.2922625541687011,0.008181959390640259,0.008181959390640259,0.0,0.0,0.0
409,509,1110,0.3061538338661194,0.2971019744873047,0.3061538338661194,0.2971019744873047,0.009051859378814697,0.009051859378814697,0.0,0.0,0.0
410,510,1101,0.290360540151596,0.2718669474124908,0.290360540151596,0.2718669474124908,0.018493592739105225,0.018493592739105225,0.0,0.0,0.0
410,510,1102,0.2923372983932495,0.2600552141666412,0.2923372983932495,0.2600552141666412,0.03228208422660833,0.03228208422660833,0.0,0.0,0.0
410,510,1103,0.2791101932525635,0.2616722881793976,0.2791101932525635,0.2616722881793976,0.017437905073165894,0.017437905073165894,0.0,0.0,0.0
410,510,1104,0.2790423035621643,0.2727780640125274,0.2790423035621643,0.2727780640125274,0.006264239549636896,0.006264239549636896,0.0,0.0,0.0
410,510,1105,0.290556788444519,0.2465454488992691,0.290556788444519,0.2465454488992691,0.04401133954524988,0.04401133954524988,0.0,0.0,0.0
410,510,1106,0.2744841277599334,0.2448126226663589,0.2744841277599334,0.2448126226663589,0.029671505093574524,0.029671505093574524,0.0,0.0,0.0
410,510,1107,0.2864367663860321,0.2559018433094024,0.2864367663860321,0.2559018433094024,0.030534923076629694,0.030534923076629694,0.0,0.0,0.0
410,510,1108,0.306451141834259,0.2619942426681518,0.306451141834259,0.2619942426681518,0.04445689916610718,0.04445689916610718,0.0,0.0,0.0
410,510,1109,0.2780282497406006,0.265542060136795,0.2780282497406006,0.265542060136795,0.012486189603805598,0.012486189603805598,0.0,0.0,0.0
410,510,1110,0.2871918082237243,0.2740320861339569,0.2871918082237243,0.2740320861339569,0.0131597220897674,0.0131597220897674,0.0,0.0,0.0
