backend,cohort_seed,metric,model,model_seed,n_fit,n_train,n_validation,site_or_shift,split,stage,subset_seed,trainable_parameters,value,variant,world
torch,401,mae,phase05_flow_jump,601,8,10,2,all,test,flow,501,4804,0.3337686359882355,gated__none__deterministic,smooth
torch,401,rmse,phase05_flow_jump,601,8,10,2,all,test,flow,501,4804,0.4966834010781544,gated__none__deterministic,smooth
torch,401,event_roc_auc,phase05_flow_jump,601,8,10,2,all,test,flow,501,4804,0.5135118702839017,gated__none__deterministic,smooth
torch,401,event_brier,phase05_flow_jump,601,8,10,2,all,test,flow,501,4804,0.04023722583228486,gated__none__deterministic,smooth
torch,401,event_log_loss,phase05_flow_jump,601,8,10,2,all,test,flow,501,4804,0.17713550136996514,gated__none__deterministic,smooth
torch,401,latent_aligned_r2,phase05_flow_jump,601,8,10,2,all,test,flow,501,4804,0.23790381145751652,gated__none__deterministic,smooth
torch,401,mae,phase05_flow_jump,601,8,10,2,all,test,flow,501,3556,0.2871852517127991,none__none__deterministic,smooth
torch,401,rmse,phase05_flow_jump,601,8,10,2,all,test,flow,501,3556,0.43833997676381453,none__none__deterministic,smooth
torch,401,event_roc_auc,phase05_flow_jump,601,8,10,2,all,test,flow,501,3556,0.5125171700455109,none__none__deterministic,smooth
torch,401,event_brier,phase05_flow_jump,601,8,10,2,all,test,flow,501,3556,0.03248541314585496,none__none__deterministic,smooth
torch,401,event_log_loss,phase05_flow_jump,601,8,10,2,all,test,flow,501,3556,0.15337874876846183,none__none__deterministic,smooth
torch,401,latent_aligned_r2,phase05_flow_jump,601,8,10,2,all,test,flow,501,3556,0.32716122330542485,none__none__deterministic,smooth
torch,401,mae,phase05_flow_jump,601,8,10,2,all,test,flow,501,4156,0.3007267117500305,time_scaled__none__deterministic,smooth
torch,401,rmse,phase05_flow_jump,601,8,10,2,all,test,flow,501,4156,0.46055404424547214,time_scaled__none__deterministic,smooth
torch,401,event_roc_auc,phase05_flow_jump,601,8,10,2,all,test,flow,501,4156,0.5396229879622515,time_scaled__none__deterministic,smooth
torch,401,event_brier,phase05_flow_jump,601,8,10,2,all,test,flow,501,4156,0.03947421939770138,time_scaled__none__deterministic,smooth
torch,401,event_log_loss,phase05_flow_jump,601,8,10,2,all,test,flow,501,4156,0.1737843408453226,time_scaled__none__deterministic,smooth
torch,401,latent_aligned_r2,phase05_flow_jump,601,8,10,2,all,test,flow,501,4156,0.2804831563855326,time_scaled__none__deterministic,smooth
torch,401,mae,phase05_flow_jump,601,16,20,4,all,test,flow,501,4804,0.3713601231575012,gated__none__deterministic,smooth
torch,401,rmse,phase05_flow_jump,601,16,20,4,all,test,flow,501,4804,0.5383679435024851,gated__none__deterministic,smooth
torch,401,event_roc_auc,phase05_flow_jump,601,16,20,4,all,test,flow,501,4804,0.5389198337175168,gated__none__deterministic,smooth
torch,401,event_brier,phase05_flow_jump,601,16,20,4,all,test,flow,501,4804,0.06950735075445029,gated__none__deterministic,smooth
torch,401,event_log_loss,phase05_flow_jump,601,16,20,4,all,test,flow,501,4804,0.27385754822453656,gated__none__deterministic,smooth
torch,401,latent_aligned_r2,phase05_flow_jump,601,16,20,4,all,test,flow,501,4804,0.25609988204212125,gated__none__deterministic,smooth
torch,401,mae,phase05_flow_jump,601,16,20,4,all,test,flow,501,3556,0.28944575786590576,none__none__deterministic,smooth
torch,401,rmse,phase05_flow_jump,601,16,20,4,all,test,flow,501,3556,0.43310139169247,none__none__deterministic,smooth
torch,401,event_roc_auc,phase05_flow_jump,601,16,20,4,all,test,flow,501,3556,0.514672025533424,none__none__deterministic,smooth
torch,401,event_brier,phase05_flow_jump,601,16,20,4,all,test,flow,501,3556,0.03123032671847373,none__none__deterministic,smooth
torch,401,event_log_loss,phase05_flow_jump,601,16,20,4,all,test,flow,501,3556,0.14340346270870327,none__none__deterministic,smooth
torch,401,latent_aligned_r2,phase05_flow_jump,601,16,20,4,all,test,flow,501,3556,0.3411575348284028,none__none__deterministic,smooth
torch,401,mae,phase05_flow_jump,601,16,20,4,all,test,flow,501,4156,0.311482697725296,time_scaled__none__deterministic,smooth
torch,401,rmse,phase05_flow_jump,601,16,20,4,all,test,flow,501,4156,0.46986821630096437,time_scaled__none__deterministic,smooth
torch,401,event_roc_auc,phase05_flow_jump,601,16,20,4,all,test,flow,501,4156,0.5375348818882124,time_scaled__none__deterministic,smooth
torch,401,event_brier,phase05_flow_jump,601,16,20,4,all,test,flow,501,4156,0.03755605826924985,time_scaled__none__deterministic,smooth
torch,401,event_log_loss,phase05_flow_jump,601,16,20,4,all,test,flow,501,4156,0.16524703209818675,time_scaled__none__deterministic,smooth
torch,401,latent_aligned_r2,phase05_flow_jump,601,16,20,4,all,test,flow,501,4156,0.261973856312622,time_scaled__none__deterministic,smooth
torch,401,mae,phase05_flow_jump,601,32,40,8,all,test,flow,501,4804,0.25839701294898987,gated__none__deterministic,smooth
torch,401,rmse,phase05_flow_jump,601,32,40,8,all,test,flow,501,4804,0.39506324931663417,gated__none__deterministic,smooth
torch,401,event_roc_auc,phase05_flow_jump,601,32,40,8,all,test,flow,501,4804,0.5042760998482968,gated__none__deterministic,smooth
torch,401,event_brier,phase05_flow_jump,601,32,40,8,all,test,flow,501,4804,0.034961510268421654,gated__none__deterministic,smooth
torch,401,event_log_loss,phase05_flow_jump,601,32,40,8,all,test,flow,501,4804,0.15202866862367503,gated__none__deterministic,smooth
torch,401,latent_aligned_r2,phase05_flow_jump,601,32,40,8,all,test,flow,501,4804,0.27439730596035466,gated__none__deterministic,smooth
torch,401,mae,phase05_flow_jump,601,32,40,8,all,test,flow,501,3556,0.3053184151649475,none__none__deterministic,smooth
torch,401,rmse,phase05_flow_jump,601,32,40,8,all,test,flow,501,3556,0.4706932161799852,none__none__deterministic,smooth
torch,401,event_roc_auc,phase05_flow_jump,601,32,40,8,all,test,flow,501,3556,0.49343199952715877,none__none__deterministic,smooth
torch,401,event_brier,phase05_flow_jump,601,32,40,8,all,test,flow,501,3556,0.02995749548225016,none__none__deterministic,smooth
torch,401,event_log_loss,phase05_flow_jump,601,32,40,8,all,test,flow,501,3556,0.1357819654013424,none__none__deterministic,smooth
torch,401,latent_aligned_r2,phase05_flow_jump,601,32,40,8,all,test,flow,501,3556,0.30785069615366,none__none__deterministic,smooth
torch,401,mae,phase05_flow_jump,601,32,40,8,all,test,flow,501,4156,0.26485440135002136,time_scaled__none__deterministic,smooth
torch,401,rmse,phase05_flow_jump,601,32,40,8,all,test,flow,501,4156,0.4078687914002569,time_scaled__none__deterministic,smooth
torch,401,event_roc_auc,phase05_flow_jump,601,32,40,8,all,test,flow,501,4156,0.5407812912504679,time_scaled__none__deterministic,smooth
torch,401,event_brier,phase05_flow_jump,601,32,40,8,all,test,flow,501,4156,0.030913534913023698,time_scaled__none__deterministic,smooth
torch,401,event_log_loss,phase05_flow_jump,601,32,40,8,all,test,flow,501,4156,0.14008496943197027,time_scaled__none__deterministic,smooth
torch,401,latent_aligned_r2,phase05_flow_jump,601,32,40,8,all,test,flow,501,4156,0.29836205756216644,time_scaled__none__deterministic,smooth
torch,401,mae,phase05_flow_jump,601,4,5,1,all,test,flow,501,4804,0.41008707880973816,gated__none__deterministic,smooth
torch,401,rmse,phase05_flow_jump,601,4,5,1,all,test,flow,501,4804,0.632020831876882,gated__none__deterministic,smooth
torch,401,event_roc_auc,phase05_flow_jump,601,4,5,1,all,test,flow,501,4804,0.5365966861713656,gated__none__deterministic,smooth
torch,401,event_brier,phase05_flow_jump,601,4,5,1,all,test,flow,501,4804,0.04010492742493243,gated__none__deterministic,smooth
torch,401,event_log_loss,phase05_flow_jump,601,4,5,1,all,test,flow,501,4804,0.1873481815431646,gated__none__deterministic,smooth
torch,401,latent_aligned_r2,phase05_flow_jump,601,4,5,1,all,test,flow,501,4804,0.16655322491506575,gated__none__deterministic,smooth
torch,401,mae,phase05_flow_jump,601,4,5,1,all,test,flow,501,3556,0.3842839300632477,none__none__deterministic,smooth
torch,401,rmse,phase05_flow_jump,601,4,5,1,all,test,flow,501,3556,0.6187954731810166,none__none__deterministic,smooth
torch,401,event_roc_auc,phase05_flow_jump,601,4,5,1,all,test,flow,501,3556,0.5073150107374351,none__none__deterministic,smooth
torch,401,event_brier,phase05_flow_jump,601,4,5,1,all,test,flow,501,3556,0.029665483177615363,none__none__deterministic,smooth
torch,401,event_log_loss,phase05_flow_jump,601,4,5,1,all,test,flow,501,3556,0.13342197335076875,none__none__deterministic,smooth
torch,401,latent_aligned_r2,phase05_flow_jump,601,4,5,1,all,test,flow,501,3556,0.28362402780359247,none__none__deterministic,smooth
torch,401,mae,phase05_flow_jump,601,4,5,1,all,test,flow,501,4156,0.3670192062854767,time_scaled__none__deterministic,smooth
torch,401,rmse,phase05_flow_jump,601,4,5,1,all,test,flow,501,4156,0.5834361025564154,time_scaled__none__deterministic,smooth
torch,401,event_roc_auc,phase05_flow_jump,601,4,5,1,all,test,flow,501,4156,0.5355290895837027,time_scaled__none__deterministic,smooth
torch,401,event_brier,phase05_flow_jump,601,4,5,1,all,test,flow,501,4156,0.030102222162096556,time_scaled__none__deterministic,smooth
torch,401,event_log_loss,phase05_flow_jump,601,4,5,1,all,test,flow,501,4156,0.15243834171639345,time_scaled__none__deterministic,smooth
torch,401,latent_aligned_r2,phase05_flow_jump,601,4,5,1,all,test,flow,501,4156,0.23733646939720546,time_scaled__none__deterministic,smooth
torch,402,mae,phase05_flow_jump,602,8,10,2,all,test,flow,502,4804,0.35813143849372864,gated__none__deterministic,smooth
torch,402,rmse,phase05_flow_jump,602,8,10,2,all,test,flow,502,4804,0.5309995172933047,gated__none__deterministic,smooth
torch,402,event_roc_auc,phase05_flow_jump,602,8,10,2,all,test,flow,502,4804,0.52102907387492,gated__none__deterministic,smooth
torch,402,event_brier,phase05_flow_jump,602,8,10,2,all,test,flow,502,4804,0.03687480397101783,gated__none__deterministic,smooth
torch,402,event_log_loss,phase05_flow_jump,602,8,10,2,all,test,flow,502,4804,0.1607996980118398,gated__none__deterministic,smooth
torch,402,latent_aligned_r2,phase05_flow_jump,602,8,10,2,all,test,flow,502,4804,0.2261639338413384,gated__none__deterministic,smooth
torch,402,mae,phase05_flow_jump,602,8,10,2,all,test,flow,502,3556,0.3356918394565582,none__none__deterministic,smooth
torch,402,rmse,phase05_flow_jump,602,8,10,2,all,test,flow,502,3556,0.5378970664531386,none__none__deterministic,smooth
torch,402,event_roc_auc,phase05_flow_jump,602,8,10,2,all,test,flow,502,3556,0.5104720632414916,none__none__deterministic,smooth
torch,402,event_brier,phase05_flow_jump,602,8,10,2,all,test,flow,502,3556,0.03231756454999771,none__none__deterministic,smooth
torch,402,event_log_loss,phase05_flow_jump,602,8,10,2,all,test,flow,502,3556,0.1477527724355632,none__none__deterministic,smooth
torch,402,latent_aligned_r2,phase05_flow_jump,602,8,10,2,all,test,flow,502,3556,0.21581112217105858,none__none__deterministic,smooth
torch,402,mae,phase05_flow_jump,602,8,10,2,all,test,flow,502,4156,0.31949976086616516,time_scaled__none__deterministic,smooth
torch,402,rmse,phase05_flow_jump,602,8,10,2,all,test,flow,502,4156,0.5071382594811633,time_scaled__none__deterministic,smooth
torch,402,event_roc_auc,phase05_flow_jump,602,8,10,2,all,test,flow,502,4156,0.5036596778729763,time_scaled__none__deterministic,smooth
torch,402,event_brier,phase05_flow_jump,602,8,10,2,all,test,flow,502,4156,0.03213977412823098,time_scaled__none__deterministic,smooth
torch,402,event_log_loss,phase05_flow_jump,602,8,10,2,all,test,flow,502,4156,0.1760256835844953,time_scaled__none__deterministic,smooth
torch,402,latent_aligned_r2,phase05_flow_jump,602,8,10,2,all,test,flow,502,4156,0.2782470699578113,time_scaled__none__deterministic,smooth
torch,402,mae,phase05_flow_jump,602,16,20,4,all,test,flow,502,4804,0.2767259180545807,gated__none__deterministic,smooth
torch,402,rmse,phase05_flow_jump,602,16,20,4,all,test,flow,502,4804,0.42558977213756183,gated__none__deterministic,smooth
torch,402,event_roc_auc,phase05_flow_jump,602,16,20,4,all,test,flow,502,4804,0.5347797730140552,gated__none__deterministic,smooth
torch,402,event_brier,phase05_flow_jump,602,16,20,4,all,test,flow,502,4804,0.030593163090612045,gated__none__deterministic,smooth
torch,402,event_log_loss,phase05_flow_jump,602,16,20,4,all,test,flow,502,4804,0.1449853395320667,gated__none__deterministic,smooth
torch,402,latent_aligned_r2,phase05_flow_jump,602,16,20,4,all,test,flow,502,4804,0.2701737015538672,gated__none__deterministic,smooth
torch,402,mae,phase05_flow_jump,602,16,20,4,all,test,flow,502,3556,0.3270762860774994,none__none__deterministic,smooth
torch,402,rmse,phase05_flow_jump,602,16,20,4,all,test,flow,502,3556,0.5216739895594065,none__none__deterministic,smooth
torch,402,event_roc_auc,phase05_flow_jump,602,16,20,4,all,test,flow,502,3556,0.5136291518667839,none__none__deterministic,smooth
torch,402,event_brier,phase05_flow_jump,602,16,20,4,all,test,flow,502,3556,0.03447738027559334,none__none__deterministic,smooth
torch,402,event_log_loss,phase05_flow_jump,602,16,20,4,all,test,flow,502,3556,0.16234203928389845,none__none__deterministic,smooth
torch,402,latent_aligned_r2,phase05_flow_jump,602,16,20,4,all,test,flow,502,3556,0.2777183451994859,none__none__deterministic,smooth
torch,402,mae,phase05_flow_jump,602,16,20,4,all,test,flow,502,4156,0.27353861927986145,time_scaled__none__deterministic,smooth
torch,402,rmse,phase05_flow_jump,602,16,20,4,all,test,flow,502,4156,0.4303535154876064,time_scaled__none__deterministic,smooth
torch,402,event_roc_auc,phase05_flow_jump,602,16,20,4,all,test,flow,502,4156,0.5040238156662531,time_scaled__none__deterministic,smooth
torch,402,event_brier,phase05_flow_jump,602,16,20,4,all,test,flow,502,4156,0.034413601449894006,time_scaled__none__deterministic,smooth
torch,402,event_log_loss,phase05_flow_jump,602,16,20,4,all,test,flow,502,4156,0.157497097489869,time_scaled__none__deterministic,smooth
torch,402,latent_aligned_r2,phase05_flow_jump,602,16,20,4,all,test,flow,502,4156,0.29975521696582935,time_scaled__none__deterministic,smooth
torch,402,mae,phase05_flow_jump,602,32,40,8,all,test,flow,502,4804,0.2684175670146942,gated__none__deterministic,smooth
torch,402,rmse,phase05_flow_jump,602,32,40,8,all,test,flow,502,4804,0.40918338382480784,gated__none__deterministic,smooth
torch,402,event_roc_auc,phase05_flow_jump,602,32,40,8,all,test,flow,502,4804,0.5277040933787016,gated__none__deterministic,smooth
torch,402,event_brier,phase05_flow_jump,602,32,40,8,all,test,flow,502,4804,0.030147028235812178,gated__none__deterministic,smooth
torch,402,event_log_loss,phase05_flow_jump,602,32,40,8,all,test,flow,502,4804,0.1405479690807663,gated__none__deterministic,smooth
torch,402,latent_aligned_r2,phase05_flow_jump,602,32,40,8,all,test,flow,502,4804,0.29019062539869306,gated__none__deterministic,smooth
torch,402,mae,phase05_flow_jump,602,32,40,8,all,test,flow,502,3556,0.34562671184539795,none__none__deterministic,smooth
torch,402,rmse,phase05_flow_jump,602,32,40,8,all,test,flow,502,3556,0.5412988575474924,none__none__deterministic,smooth
torch,402,event_roc_auc,phase05_flow_jump,602,32,40,8,all,test,flow,502,3556,0.5109116107460041,none__none__deterministic,smooth
torch,402,event_brier,phase05_flow_jump,602,32,40,8,all,test,flow,502,3556,0.033723009998581584,none__none__deterministic,smooth
torch,402,event_log_loss,phase05_flow_jump,602,32,40,8,all,test,flow,502,3556,0.15789441163377127,none__none__deterministic,smooth
torch,402,latent_aligned_r2,phase05_flow_jump,602,32,40,8,all,test,flow,502,3556,0.27455053879758434,none__none__deterministic,smooth
torch,402,mae,phase05_flow_jump,602,32,40,8,all,test,flow,502,4156,0.30349305272102356,time_scaled__none__deterministic,smooth
torch,402,rmse,phase05_flow_jump,602,32,40,8,all,test,flow,502,4156,0.4568587735760954,time_scaled__none__deterministic,smooth
torch,402,event_roc_auc,phase05_flow_jump,602,32,40,8,all,test,flow,502,4156,0.5000193855298806,time_scaled__none__deterministic,smooth
torch,402,event_brier,phase05_flow_jump,602,32,40,8,all,test,flow,502,4156,0.033211398851936455,time_scaled__none__deterministic,smooth
torch,402,event_log_loss,phase05_flow_jump,602,32,40,8,all,test,flow,502,4156,0.15187556064609245,time_scaled__none__deterministic,smooth
torch,402,latent_aligned_r2,phase05_flow_jump,602,32,40,8,all,test,flow,502,4156,0.29985155832180804,time_scaled__none__deterministic,smooth
torch,402,mae,phase05_flow_jump,602,4,5,1,all,test,flow,502,4804,0.4284639358520508,gated__none__deterministic,smooth
torch,402,rmse,phase05_flow_jump,602,4,5,1,all,test,flow,502,4804,0.6385222560137318,gated__none__deterministic,smooth
torch,402,event_roc_auc,phase05_flow_jump,602,4,5,1,all,test,flow,502,4804,0.5189099640615538,gated__none__deterministic,smooth
torch,402,event_brier,phase05_flow_jump,602,4,5,1,all,test,flow,502,4804,0.03169872268865876,gated__none__deterministic,smooth
torch,402,event_log_loss,phase05_flow_jump,602,4,5,1,all,test,flow,502,4804,0.1572856977345067,gated__none__deterministic,smooth
torch,402,latent_aligned_r2,phase05_flow_jump,602,4,5,1,all,test,flow,502,4804,0.1711773313964444,gated__none__deterministic,smooth
torch,402,mae,phase05_flow_jump,602,4,5,1,all,test,flow,502,3556,0.44517338275909424,none__none__deterministic,smooth
torch,402,rmse,phase05_flow_jump,602,4,5,1,all,test,flow,502,3556,0.6634432429722288,none__none__deterministic,smooth
torch,402,event_roc_auc,phase05_flow_jump,602,4,5,1,all,test,flow,502,3556,0.5135230742472773,none__none__deterministic,smooth
torch,402,event_brier,phase05_flow_jump,602,4,5,1,all,test,flow,502,3556,0.033264973395900455,none__none__deterministic,smooth
torch,402,event_log_loss,phase05_flow_jump,602,4,5,1,all,test,flow,502,3556,0.15336071303062906,none__none__deterministic,smooth
torch,402,latent_aligned_r2,phase05_flow_jump,602,4,5,1,all,test,flow,502,3556,0.18746743017303902,none__none__deterministic,smooth
torch,402,mae,phase05_flow_jump,602,4,5,1,all,test,flow,502,4156,0.4552229940891266,time_scaled__none__deterministic,smooth
torch,402,rmse,phase05_flow_jump,602,4,5,1,all,test,flow,502,4156,0.6635425776221362,time_scaled__none__deterministic,smooth
torch,402,event_roc_auc,phase05_flow_jump,602,4,5,1,all,test,flow,502,4156,0.5030258098169408,time_scaled__none__deterministic,smooth
torch,402,event_brier,phase05_flow_jump,602,4,5,1,all,test,flow,502,4156,0.03311504966872642,time_scaled__none__deterministic,smooth
torch,402,event_log_loss,phase05_flow_jump,602,4,5,1,all,test,flow,502,4156,0.16995834563334786,time_scaled__none__deterministic,smooth
torch,402,latent_aligned_r2,phase05_flow_jump,602,4,5,1,all,test,flow,502,4156,0.21118344210502607,time_scaled__none__deterministic,smooth
torch,403,mae,phase05_flow_jump,603,8,10,2,all,test,flow,503,4804,0.32799574732780457,gated__none__deterministic,smooth
torch,403,rmse,phase05_flow_jump,603,8,10,2,all,test,flow,503,4804,0.5172806658774065,gated__none__deterministic,smooth
torch,403,event_roc_auc,phase05_flow_jump,603,8,10,2,all,test,flow,503,4804,0.48481124301292605,gated__none__deterministic,smooth
torch,403,event_brier,phase05_flow_jump,603,8,10,2,all,test,flow,503,4804,0.035088998582656274,gated__none__deterministic,smooth
torch,403,event_log_loss,phase05_flow_jump,603,8,10,2,all,test,flow,503,4804,0.163351373865609,gated__none__deterministic,smooth
torch,403,latent_aligned_r2,phase05_flow_jump,603,8,10,2,all,test,flow,503,4804,0.2674575557180535,gated__none__deterministic,smooth
torch,403,mae,phase05_flow_jump,603,8,10,2,all,test,flow,503,3556,0.3441533148288727,none__none__deterministic,smooth
torch,403,rmse,phase05_flow_jump,603,8,10,2,all,test,flow,503,3556,0.5628695863263912,none__none__deterministic,smooth
torch,403,event_roc_auc,phase05_flow_jump,603,8,10,2,all,test,flow,503,3556,0.5056954694931424,none__none__deterministic,smooth
torch,403,event_brier,phase05_flow_jump,603,8,10,2,all,test,flow,503,3556,0.033371465119236866,none__none__deterministic,smooth
torch,403,event_log_loss,phase05_flow_jump,603,8,10,2,all,test,flow,503,3556,0.15025514518189848,none__none__deterministic,smooth
torch,403,latent_aligned_r2,phase05_flow_jump,603,8,10,2,all,test,flow,503,3556,0.3005074305554881,none__none__deterministic,smooth
torch,403,mae,phase05_flow_jump,603,8,10,2,all,test,flow,503,4156,0.3471214175224304,time_scaled__none__deterministic,smooth
torch,403,rmse,phase05_flow_jump,603,8,10,2,all,test,flow,503,4156,0.572333686608924,time_scaled__none__deterministic,smooth
torch,403,event_roc_auc,phase05_flow_jump,603,8,10,2,all,test,flow,503,4156,0.507959738472819,time_scaled__none__deterministic,smooth
torch,403,event_brier,phase05_flow_jump,603,8,10,2,all,test,flow,503,4156,0.034261706883931736,time_scaled__none__deterministic,smooth
torch,403,event_log_loss,phase05_flow_jump,603,8,10,2,all,test,flow,503,4156,0.1540911242612097,time_scaled__none__deterministic,smooth
torch,403,latent_aligned_r2,phase05_flow_jump,603,8,10,2,all,test,flow,503,4156,0.29917858555943394,time_scaled__none__deterministic,smooth
torch,403,mae,phase05_flow_jump,603,16,20,4,all,test,flow,503,4804,0.2549300789833069,gated__none__deterministic,smooth
torch,403,rmse,phase05_flow_jump,603,16,20,4,all,test,flow,503,4804,0.39608543507653543,gated__none__deterministic,smooth
torch,403,event_roc_auc,phase05_flow_jump,603,16,20,4,all,test,flow,503,4804,0.5054453691080718,gated__none__deterministic,smooth
torch,403,event_brier,phase05_flow_jump,603,16,20,4,all,test,flow,503,4804,0.03364329391827285,gated__none__deterministic,smooth
torch,403,event_log_loss,phase05_flow_jump,603,16,20,4,all,test,flow,503,4804,0.15587046641261493,gated__none__deterministic,smooth
torch,403,latent_aligned_r2,phase05_flow_jump,603,16,20,4,all,test,flow,503,4804,0.2729050793348777,gated__none__deterministic,smooth
torch,403,mae,phase05_flow_jump,603,16,20,4,all,test,flow,503,3556,0.30315300822257996,none__none__deterministic,smooth
torch,403,rmse,phase05_flow_jump,603,16,20,4,all,test,flow,503,3556,0.48098691276245387,none__none__deterministic,smooth
torch,403,event_roc_auc,phase05_flow_jump,603,16,20,4,all,test,flow,503,3556,0.5005552796223625,none__none__deterministic,smooth
torch,403,event_brier,phase05_flow_jump,603,16,20,4,all,test,flow,503,3556,0.03199337723595301,none__none__deterministic,smooth
torch,403,event_log_loss,phase05_flow_jump,603,16,20,4,all,test,flow,503,3556,0.14299861332562452,none__none__deterministic,smooth
torch,403,latent_aligned_r2,phase05_flow_jump,603,16,20,4,all,test,flow,503,3556,0.3544137858569208,none__none__deterministic,smooth
torch,403,mae,phase05_flow_jump,603,16,20,4,all,test,flow,503,4156,0.2654244601726532,time_scaled__none__deterministic,smooth
torch,403,rmse,phase05_flow_jump,603,16,20,4,all,test,flow,503,4156,0.42337092337209786,time_scaled__none__deterministic,smooth
torch,403,event_roc_auc,phase05_flow_jump,603,16,20,4,all,test,flow,503,4156,0.5104998328592169,time_scaled__none__deterministic,smooth
torch,403,event_brier,phase05_flow_jump,603,16,20,4,all,test,flow,503,4156,0.03313878439153433,time_scaled__none__deterministic,smooth
torch,403,event_log_loss,phase05_flow_jump,603,16,20,4,all,test,flow,503,4156,0.15748287846203785,time_scaled__none__deterministic,smooth
torch,403,latent_aligned_r2,phase05_flow_jump,603,16,20,4,all,test,flow,503,4156,0.31820277343288345,time_scaled__none__deterministic,smooth
torch,403,mae,phase05_flow_jump,603,32,40,8,all,test,flow,503,4804,0.370146244764328,gated__none__deterministic,smooth
torch,403,rmse,phase05_flow_jump,603,32,40,8,all,test,flow,503,4804,0.5538696922645401,gated__none__deterministic,smooth
torch,403,event_roc_auc,phase05_flow_jump,603,32,40,8,all,test,flow,503,4804,0.4969120273242844,gated__none__deterministic,smooth
torch,403,event_brier,phase05_flow_jump,603,32,40,8,all,test,flow,503,4804,0.04735156581239024,gated__none__deterministic,smooth
torch,403,event_log_loss,phase05_flow_jump,603,32,40,8,all,test,flow,503,4804,0.2012127154672928,gated__none__deterministic,smooth
torch,403,latent_aligned_r2,phase05_flow_jump,603,32,40,8,all,test,flow,503,4804,0.25202033704553506,gated__none__deterministic,smooth
torch,403,mae,phase05_flow_jump,603,32,40,8,all,test,flow,503,3556,0.32861074805259705,none__none__deterministic,smooth
torch,403,rmse,phase05_flow_jump,603,32,40,8,all,test,flow,503,3556,0.5289041110605465,none__none__deterministic,smooth
torch,403,event_roc_auc,phase05_flow_jump,603,32,40,8,all,test,flow,503,3556,0.5093938365722428,none__none__deterministic,smooth
torch,403,event_brier,phase05_flow_jump,603,32,40,8,all,test,flow,503,3556,0.03502627649148199,none__none__deterministic,smooth
torch,403,event_log_loss,phase05_flow_jump,603,32,40,8,all,test,flow,503,3556,0.15849464240798766,none__none__deterministic,smooth
torch,403,latent_aligned_r2,phase05_flow_jump,603,32,40,8,all,test,flow,503,3556,0.32973362842602605,none__none__deterministic,smooth
torch,403,mae,phase05_flow_jump,603,32,40,8,all,test,flow,503,4156,0.3433723747730255,time_scaled__none__deterministic,smooth
torch,403,rmse,phase05_flow_jump,603,32,40,8,all,test,flow,503,4156,0.5545316127884474,time_scaled__none__deterministic,smooth
torch,403,event_roc_auc,phase05_flow_jump,603,32,40,8,all,test,flow,503,4156,0.5278292637498803,time_scaled__none__deterministic,smooth
torch,403,event_brier,phase05_flow_jump,603,32,40,8,all,test,flow,503,4156,0.04381207125084554,time_scaled__none__deterministic,smooth
torch,403,event_log_loss,phase05_flow_jump,603,32,40,8,all,test,flow,503,4156,0.19286573723628392,time_scaled__none__deterministic,smooth
torch,403,latent_aligned_r2,phase05_flow_jump,603,32,40,8,all,test,flow,503,4156,0.284397152175538,time_scaled__none__deterministic,smooth
torch,403,mae,phase05_flow_jump,603,4,5,1,all,test,flow,503,4804,0.46629035472869873,gated__none__deterministic,smooth
torch,403,rmse,phase05_flow_jump,603,4,5,1,all,test,flow,503,4804,0.7369457457460195,gated__none__deterministic,smooth
torch,403,event_roc_auc,phase05_flow_jump,603,4,5,1,all,test,flow,503,4804,0.49892842350456423,gated__none__deterministic,smooth
torch,403,event_brier,phase05_flow_jump,603,4,5,1,all,test,flow,503,4804,0.03466365989421775,gated__none__deterministic,smooth
torch,403,event_log_loss,phase05_flow_jump,603,4,5,1,all,test,flow,503,4804,0.18882195399290633,gated__none__deterministic,smooth
torch,403,latent_aligned_r2,phase05_flow_jump,603,4,5,1,all,test,flow,503,4804,0.22313220459665378,gated__none__deterministic,smooth
torch,403,mae,phase05_flow_jump,603,4,5,1,all,test,flow,503,3556,0.4365130662918091,none__none__deterministic,smooth
torch,403,rmse,phase05_flow_jump,603,4,5,1,all,test,flow,503,3556,0.7148024333416123,none__none__deterministic,smooth
torch,403,event_roc_auc,phase05_flow_jump,603,4,5,1,all,test,flow,503,3556,0.5391434947456284,none__none__deterministic,smooth
torch,403,event_brier,phase05_flow_jump,603,4,5,1,all,test,flow,503,3556,0.031606899219220996,none__none__deterministic,smooth
torch,403,event_log_loss,phase05_flow_jump,603,4,5,1,all,test,flow,503,3556,0.13854552355659114,none__none__deterministic,smooth
torch,403,latent_aligned_r2,phase05_flow_jump,603,4,5,1,all,test,flow,503,3556,0.24291027627901757,none__none__deterministic,smooth
torch,403,mae,phase05_flow_jump,603,4,5,1,all,test,flow,503,4156,0.4521443545818329,time_scaled__none__deterministic,smooth
torch,403,rmse,phase05_flow_jump,603,4,5,1,all,test,flow,503,4156,0.7455782482521973,time_scaled__none__deterministic,smooth
torch,403,event_roc_auc,phase05_flow_jump,603,4,5,1,all,test,flow,503,4156,0.5131486837268112,time_scaled__none__deterministic,smooth
torch,403,event_brier,phase05_flow_jump,603,4,5,1,all,test,flow,503,4156,0.034045591268697335,time_scaled__none__deterministic,smooth
torch,403,event_log_loss,phase05_flow_jump,603,4,5,1,all,test,flow,503,4156,0.1617047006179237,time_scaled__none__deterministic,smooth
torch,403,latent_aligned_r2,phase05_flow_jump,603,4,5,1,all,test,flow,503,4156,0.26167827138779776,time_scaled__none__deterministic,smooth
torch,404,mae,phase05_flow_jump,604,8,10,2,all,test,flow,504,4804,0.3436090648174286,gated__none__deterministic,smooth
torch,404,rmse,phase05_flow_jump,604,8,10,2,all,test,flow,504,4804,0.5160030366342483,gated__none__deterministic,smooth
torch,404,event_roc_auc,phase05_flow_jump,604,8,10,2,all,test,flow,504,4804,0.4943078855369157,gated__none__deterministic,smooth
torch,404,event_brier,phase05_flow_jump,604,8,10,2,all,test,flow,504,4804,0.027919552356223874,gated__none__deterministic,smooth
torch,404,event_log_loss,phase05_flow_jump,604,8,10,2,all,test,flow,504,4804,0.15021662548076858,gated__none__deterministic,smooth
torch,404,latent_aligned_r2,phase05_flow_jump,604,8,10,2,all,test,flow,504,4804,0.2414836062707389,gated__none__deterministic,smooth
torch,404,mae,phase05_flow_jump,604,8,10,2,all,test,flow,504,3556,0.33222880959510803,none__none__deterministic,smooth
torch,404,rmse,phase05_flow_jump,604,8,10,2,all,test,flow,504,3556,0.5161904788861437,none__none__deterministic,smooth
torch,404,event_roc_auc,phase05_flow_jump,604,8,10,2,all,test,flow,504,3556,0.4927898976808186,none__none__deterministic,smooth
torch,404,event_brier,phase05_flow_jump,604,8,10,2,all,test,flow,504,3556,0.02966212923293996,none__none__deterministic,smooth
torch,404,event_log_loss,phase05_flow_jump,604,8,10,2,all,test,flow,504,3556,0.13369342973962473,none__none__deterministic,smooth
torch,404,latent_aligned_r2,phase05_flow_jump,604,8,10,2,all,test,flow,504,3556,0.28087421638493504,none__none__deterministic,smooth
torch,404,mae,phase05_flow_jump,604,8,10,2,all,test,flow,504,4156,0.33660826086997986,time_scaled__none__deterministic,smooth
torch,404,rmse,phase05_flow_jump,604,8,10,2,all,test,flow,504,4156,0.5257684703254384,time_scaled__none__deterministic,smooth
torch,404,event_roc_auc,phase05_flow_jump,604,8,10,2,all,test,flow,504,4156,0.5006132350941193,time_scaled__none__deterministic,smooth
torch,404,event_brier,phase05_flow_jump,604,8,10,2,all,test,flow,504,4156,0.02945291565602641,time_scaled__none__deterministic,smooth
torch,404,event_log_loss,phase05_flow_jump,604,8,10,2,all,test,flow,504,4156,0.1404720739051606,time_scaled__none__deterministic,smooth
torch,404,latent_aligned_r2,phase05_flow_jump,604,8,10,2,all,test,flow,504,4156,0.2657596140237442,time_scaled__none__deterministic,smooth
torch,404,mae,phase05_flow_jump,604,16,20,4,all,test,flow,504,4804,0.33464738726615906,gated__none__deterministic,smooth
torch,404,rmse,phase05_flow_jump,604,16,20,4,all,test,flow,504,4804,0.5037558870941793,gated__none__deterministic,smooth
torch,404,event_roc_auc,phase05_flow_jump,604,16,20,4,all,test,flow,504,4804,0.4997267621859025,gated__none__deterministic,smooth
torch,404,event_brier,phase05_flow_jump,604,16,20,4,all,test,flow,504,4804,0.032986408740204795,gated__none__deterministic,smooth
torch,404,event_log_loss,phase05_flow_jump,604,16,20,4,all,test,flow,504,4804,0.1493278657194128,gated__none__deterministic,smooth
torch,404,latent_aligned_r2,phase05_flow_jump,604,16,20,4,all,test,flow,504,4804,0.2634244412172733,gated__none__deterministic,smooth
torch,404,mae,phase05_flow_jump,604,16,20,4,all,test,flow,504,3556,0.3167527914047241,none__none__deterministic,smooth
torch,404,rmse,phase05_flow_jump,604,16,20,4,all,test,flow,504,3556,0.48536979901997374,none__none__deterministic,smooth
torch,404,event_roc_auc,phase05_flow_jump,604,16,20,4,all,test,flow,504,3556,0.4789329285365717,none__none__deterministic,smooth
torch,404,event_brier,phase05_flow_jump,604,16,20,4,all,test,flow,504,3556,0.030823144689995634,none__none__deterministic,smooth
torch,404,event_log_loss,phase05_flow_jump,604,16,20,4,all,test,flow,504,3556,0.14230042797050502,none__none__deterministic,smooth
torch,404,latent_aligned_r2,phase05_flow_jump,604,16,20,4,all,test,flow,504,3556,0.2836145000507806,none__none__deterministic,smooth
torch,404,mae,phase05_flow_jump,604,16,20,4,all,test,flow,504,4156,0.33908697962760925,time_scaled__none__deterministic,smooth
torch,404,rmse,phase05_flow_jump,604,16,20,4,all,test,flow,504,4156,0.5191444161465397,time_scaled__none__deterministic,smooth
torch,404,event_roc_auc,phase05_flow_jump,604,16,20,4,all,test,flow,504,4156,0.50187426500588,time_scaled__none__deterministic,smooth
torch,404,event_brier,phase05_flow_jump,604,16,20,4,all,test,flow,504,4156,0.035308601073030584,time_scaled__none__deterministic,smooth
torch,404,event_log_loss,phase05_flow_jump,604,16,20,4,all,test,flow,504,4156,0.1556276067383002,time_scaled__none__deterministic,smooth
torch,404,latent_aligned_r2,phase05_flow_jump,604,16,20,4,all,test,flow,504,4156,0.27604110070489063,time_scaled__none__deterministic,smooth
torch,404,mae,phase05_flow_jump,604,32,40,8,all,test,flow,504,4804,0.3713974058628082,gated__none__deterministic,smooth
torch,404,rmse,phase05_flow_jump,604,32,40,8,all,test,flow,504,4804,0.542098438742507,gated__none__deterministic,smooth
torch,404,event_roc_auc,phase05_flow_jump,604,32,40,8,all,test,flow,504,4804,0.4977061783505732,gated__none__deterministic,smooth
torch,404,event_brier,phase05_flow_jump,604,32,40,8,all,test,flow,504,4804,0.043461571476385595,gated__none__deterministic,smooth
torch,404,event_log_loss,phase05_flow_jump,604,32,40,8,all,test,flow,504,4804,0.19208053917290996,gated__none__deterministic,smooth
torch,404,latent_aligned_r2,phase05_flow_jump,604,32,40,8,all,test,flow,504,4804,0.23772857614965537,gated__none__deterministic,smooth
torch,404,mae,phase05_flow_jump,604,32,40,8,all,test,flow,504,3556,0.29740458726882935,none__none__deterministic,smooth
torch,404,rmse,phase05_flow_jump,604,32,40,8,all,test,flow,504,3556,0.4531405216057895,none__none__deterministic,smooth
torch,404,event_roc_auc,phase05_flow_jump,604,32,40,8,all,test,flow,504,3556,0.4881032151742786,none__none__deterministic,smooth
torch,404,event_brier,phase05_flow_jump,604,32,40,8,all,test,flow,504,3556,0.03128219768089797,none__none__deterministic,smooth
torch,404,event_log_loss,phase05_flow_jump,604,32,40,8,all,test,flow,504,3556,0.1462381338164166,none__none__deterministic,smooth
torch,404,latent_aligned_r2,phase05_flow_jump,604,32,40,8,all,test,flow,504,3556,0.31365235471454,none__none__deterministic,smooth
torch,404,mae,phase05_flow_jump,604,32,40,8,all,test,flow,504,4156,0.25025251507759094,time_scaled__none__deterministic,smooth
torch,404,rmse,phase05_flow_jump,604,32,40,8,all,test,flow,504,4156,0.3871455486498897,time_scaled__none__deterministic,smooth
torch,404,event_roc_auc,phase05_flow_jump,604,32,40,8,all,test,flow,504,4156,0.5098614811081511,time_scaled__none__deterministic,smooth
torch,404,event_brier,phase05_flow_jump,604,32,40,8,all,test,flow,504,4156,0.03084705949274539,time_scaled__none__deterministic,smooth
torch,404,event_log_loss,phase05_flow_jump,604,32,40,8,all,test,flow,504,4156,0.14136662633690278,time_scaled__none__deterministic,smooth
torch,404,latent_aligned_r2,phase05_flow_jump,604,32,40,8,all,test,flow,504,4156,0.2961388527463712,time_scaled__none__deterministic,smooth
torch,404,mae,phase05_flow_jump,604,4,5,1,all,test,flow,504,4804,0.3676221966743469,gated__none__deterministic,smooth
torch,404,rmse,phase05_flow_jump,604,4,5,1,all,test,flow,504,4804,0.5491284671989201,gated__none__deterministic,smooth
torch,404,event_roc_auc,phase05_flow_jump,604,4,5,1,all,test,flow,504,4804,0.5008630330957353,gated__none__deterministic,smooth
torch,404,event_brier,phase05_flow_jump,604,4,5,1,all,test,flow,504,4804,0.028293501944511655,gated__none__deterministic,smooth
torch,404,event_log_loss,phase05_flow_jump,604,4,5,1,all,test,flow,504,4804,0.18104006002643022,gated__none__deterministic,smooth
torch,404,latent_aligned_r2,phase05_flow_jump,604,4,5,1,all,test,flow,504,4804,0.20954357896528852,gated__none__deterministic,smooth
torch,404,mae,phase05_flow_jump,604,4,5,1,all,test,flow,504,3556,0.33313217759132385,none__none__deterministic,smooth
torch,404,rmse,phase05_flow_jump,604,4,5,1,all,test,flow,504,3556,0.5177941213510567,none__none__deterministic,smooth
torch,404,event_roc_auc,phase05_flow_jump,604,4,5,1,all,test,flow,504,3556,0.4759149526803786,none__none__deterministic,smooth
torch,404,event_brier,phase05_flow_jump,604,4,5,1,all,test,flow,504,3556,0.02993229701323515,none__none__deterministic,smooth
torch,404,event_log_loss,phase05_flow_jump,604,4,5,1,all,test,flow,504,3556,0.13471470636136992,none__none__deterministic,smooth
torch,404,latent_aligned_r2,phase05_flow_jump,604,4,5,1,all,test,flow,504,3556,0.2740743256939075,none__none__deterministic,smooth
torch,404,mae,phase05_flow_jump,604,4,5,1,all,test,flow,504,4156,0.3529287278652191,time_scaled__none__deterministic,smooth
torch,404,rmse,phase05_flow_jump,604,4,5,1,all,test,flow,504,4156,0.5500570907006054,time_scaled__none__deterministic,smooth
torch,404,event_roc_auc,phase05_flow_jump,604,4,5,1,all,test,flow,504,4156,0.49157154742762055,time_scaled__none__deterministic,smooth
torch,404,event_brier,phase05_flow_jump,604,4,5,1,all,test,flow,504,4156,0.030102445232437672,time_scaled__none__deterministic,smooth
torch,404,event_log_loss,phase05_flow_jump,604,4,5,1,all,test,flow,504,4156,0.16972546352862133,time_scaled__none__deterministic,smooth
torch,404,latent_aligned_r2,phase05_flow_jump,604,4,5,1,all,test,flow,504,4156,0.2315697713918791,time_scaled__none__deterministic,smooth
torch,405,mae,phase05_flow_jump,605,8,10,2,all,test,flow,505,4804,0.36029353737831116,gated__none__deterministic,smooth
torch,405,rmse,phase05_flow_jump,605,8,10,2,all,test,flow,505,4804,0.553566619526942,gated__none__deterministic,smooth
torch,405,event_roc_auc,phase05_flow_jump,605,8,10,2,all,test,flow,505,4804,0.511744820318142,gated__none__deterministic,smooth
torch,405,event_brier,phase05_flow_jump,605,8,10,2,all,test,flow,505,4804,0.04309596302258714,gated__none__deterministic,smooth
torch,405,event_log_loss,phase05_flow_jump,605,8,10,2,all,test,flow,505,4804,0.1912803613098256,gated__none__deterministic,smooth
torch,405,latent_aligned_r2,phase05_flow_jump,605,8,10,2,all,test,flow,505,4804,0.28027142314328535,gated__none__deterministic,smooth
torch,405,mae,phase05_flow_jump,605,8,10,2,all,test,flow,505,3556,0.3572295606136322,none__none__deterministic,smooth
torch,405,rmse,phase05_flow_jump,605,8,10,2,all,test,flow,505,3556,0.5425362270758209,none__none__deterministic,smooth
torch,405,event_roc_auc,phase05_flow_jump,605,8,10,2,all,test,flow,505,3556,0.4882515446048187,none__none__deterministic,smooth
torch,405,event_brier,phase05_flow_jump,605,8,10,2,all,test,flow,505,3556,0.03537832351189897,none__none__deterministic,smooth
torch,405,event_log_loss,phase05_flow_jump,605,8,10,2,all,test,flow,505,3556,0.17230011171984297,none__none__deterministic,smooth
torch,405,latent_aligned_r2,phase05_flow_jump,605,8,10,2,all,test,flow,505,3556,0.3550264663587556,none__none__deterministic,smooth
torch,405,mae,phase05_flow_jump,605,8,10,2,all,test,flow,505,4156,0.3867706060409546,time_scaled__none__deterministic,smooth
torch,405,rmse,phase05_flow_jump,605,8,10,2,all,test,flow,505,4156,0.587216545267713,time_scaled__none__deterministic,smooth
torch,405,event_roc_auc,phase05_flow_jump,605,8,10,2,all,test,flow,505,4156,0.49723711425774153,time_scaled__none__deterministic,smooth
torch,405,event_brier,phase05_flow_jump,605,8,10,2,all,test,flow,505,4156,0.040811337523707754,time_scaled__none__deterministic,smooth
torch,405,event_log_loss,phase05_flow_jump,605,8,10,2,all,test,flow,505,4156,0.18379698945952996,time_scaled__none__deterministic,smooth
torch,405,latent_aligned_r2,phase05_flow_jump,605,8,10,2,all,test,flow,505,4156,0.31687667470610775,time_scaled__none__deterministic,smooth
torch,405,mae,phase05_flow_jump,605,16,20,4,all,test,flow,505,4804,0.32823091745376587,gated__none__deterministic,smooth
torch,405,rmse,phase05_flow_jump,605,16,20,4,all,test,flow,505,4804,0.500478307112885,gated__none__deterministic,smooth
torch,405,event_roc_auc,phase05_flow_jump,605,16,20,4,all,test,flow,505,4804,0.5088257398593468,gated__none__deterministic,smooth
torch,405,event_brier,phase05_flow_jump,605,16,20,4,all,test,flow,505,4804,0.035377729566785504,gated__none__deterministic,smooth
torch,405,event_log_loss,phase05_flow_jump,605,16,20,4,all,test,flow,505,4804,0.15762645709212927,gated__none__deterministic,smooth
torch,405,latent_aligned_r2,phase05_flow_jump,605,16,20,4,all,test,flow,505,4804,0.2826443244274087,gated__none__deterministic,smooth
torch,405,mae,phase05_flow_jump,605,16,20,4,all,test,flow,505,3556,0.25862449407577515,none__none__deterministic,smooth
torch,405,rmse,phase05_flow_jump,605,16,20,4,all,test,flow,505,3556,0.4115172376197347,none__none__deterministic,smooth
torch,405,event_roc_auc,phase05_flow_jump,605,16,20,4,all,test,flow,505,3556,0.4838988427732245,none__none__deterministic,smooth
torch,405,event_brier,phase05_flow_jump,605,16,20,4,all,test,flow,505,3556,0.029217424839374263,none__none__deterministic,smooth
torch,405,event_log_loss,phase05_flow_jump,605,16,20,4,all,test,flow,505,3556,0.1389501958155323,none__none__deterministic,smooth
torch,405,latent_aligned_r2,phase05_flow_jump,605,16,20,4,all,test,flow,505,3556,0.35647986494516454,none__none__deterministic,smooth
torch,405,mae,phase05_flow_jump,605,16,20,4,all,test,flow,505,4156,0.30835074186325073,time_scaled__none__deterministic,smooth
torch,405,rmse,phase05_flow_jump,605,16,20,4,all,test,flow,505,4156,0.486518194598383,time_scaled__none__deterministic,smooth
torch,405,event_roc_auc,phase05_flow_jump,605,16,20,4,all,test,flow,505,4156,0.502398204211358,time_scaled__none__deterministic,smooth
torch,405,event_brier,phase05_flow_jump,605,16,20,4,all,test,flow,505,4156,0.03208080579872839,time_scaled__none__deterministic,smooth
torch,405,event_log_loss,phase05_flow_jump,605,16,20,4,all,test,flow,505,4156,0.15181959001174056,time_scaled__none__deterministic,smooth
torch,405,latent_aligned_r2,phase05_flow_jump,605,16,20,4,all,test,flow,505,4156,0.3200182011434216,time_scaled__none__deterministic,smooth
torch,405,mae,phase05_flow_jump,605,32,40,8,all,test,flow,505,4804,0.23132170736789703,gated__none__deterministic,smooth
torch,405,rmse,phase05_flow_jump,605,32,40,8,all,test,flow,505,4804,0.37053521939242956,gated__none__deterministic,smooth
torch,405,event_roc_auc,phase05_flow_jump,605,32,40,8,all,test,flow,505,4804,0.5031180251959306,gated__none__deterministic,smooth
torch,405,event_brier,phase05_flow_jump,605,32,40,8,all,test,flow,505,4804,0.0290038464580887,gated__none__deterministic,smooth
torch,405,event_log_loss,phase05_flow_jump,605,32,40,8,all,test,flow,505,4804,0.1341570972608099,gated__none__deterministic,smooth
torch,405,latent_aligned_r2,phase05_flow_jump,605,32,40,8,all,test,flow,505,4804,0.30890108372072156,gated__none__deterministic,smooth
torch,405,mae,phase05_flow_jump,605,32,40,8,all,test,flow,505,3556,0.29780617356300354,none__none__deterministic,smooth
torch,405,rmse,phase05_flow_jump,605,32,40,8,all,test,flow,505,3556,0.4892011902836771,none__none__deterministic,smooth
torch,405,event_roc_auc,phase05_flow_jump,605,32,40,8,all,test,flow,505,3556,0.48670951463239676,none__none__deterministic,smooth
torch,405,event_brier,phase05_flow_jump,605,32,40,8,all,test,flow,505,3556,0.028199924562353693,none__none__deterministic,smooth
torch,405,event_log_loss,phase05_flow_jump,605,32,40,8,all,test,flow,505,3556,0.13001975387547518,none__none__deterministic,smooth
torch,405,latent_aligned_r2,phase05_flow_jump,605,32,40,8,all,test,flow,505,3556,0.3502089013771249,none__none__deterministic,smooth
torch,405,mae,phase05_flow_jump,605,32,40,8,all,test,flow,505,4156,0.26295459270477295,time_scaled__none__deterministic,smooth
torch,405,rmse,phase05_flow_jump,605,32,40,8,all,test,flow,505,4156,0.43247347957137194,time_scaled__none__deterministic,smooth
torch,405,event_roc_auc,phase05_flow_jump,605,32,40,8,all,test,flow,505,4156,0.4994502703285625,time_scaled__none__deterministic,smooth
torch,405,event_brier,phase05_flow_jump,605,32,40,8,all,test,flow,505,4156,0.030513646357667644,time_scaled__none__deterministic,smooth
torch,405,event_log_loss,phase05_flow_jump,605,32,40,8,all,test,flow,505,4156,0.14056679359480753,time_scaled__none__deterministic,smooth
torch,405,latent_aligned_r2,phase05_flow_jump,605,32,40,8,all,test,flow,505,4156,0.33693331615069333,time_scaled__none__deterministic,smooth
torch,405,mae,phase05_flow_jump,605,4,5,1,all,test,flow,505,4804,0.3675251603126526,gated__none__deterministic,smooth
torch,405,rmse,phase05_flow_jump,605,4,5,1,all,test,flow,505,4804,0.5417385573241519,gated__none__deterministic,smooth
torch,405,event_roc_auc,phase05_flow_jump,605,4,5,1,all,test,flow,505,4804,0.5092040907945309,gated__none__deterministic,smooth
torch,405,event_brier,phase05_flow_jump,605,4,5,1,all,test,flow,505,4804,0.035488782494147615,gated__none__deterministic,smooth
torch,405,event_log_loss,phase05_flow_jump,605,4,5,1,all,test,flow,505,4804,0.16465123825126135,gated__none__deterministic,smooth
torch,405,latent_aligned_r2,phase05_flow_jump,605,4,5,1,all,test,flow,505,4804,0.262344195656768,gated__none__deterministic,smooth
torch,405,mae,phase05_flow_jump,605,4,5,1,all,test,flow,505,3556,0.3257488012313843,none__none__deterministic,smooth
torch,405,rmse,phase05_flow_jump,605,4,5,1,all,test,flow,505,3556,0.5130839591392942,none__none__deterministic,smooth
torch,405,event_roc_auc,phase05_flow_jump,605,4,5,1,all,test,flow,505,3556,0.478450695329653,none__none__deterministic,smooth
torch,405,event_brier,phase05_flow_jump,605,4,5,1,all,test,flow,505,3556,0.029706601422367373,none__none__deterministic,smooth
torch,405,event_log_loss,phase05_flow_jump,605,4,5,1,all,test,flow,505,3556,0.14005869337863794,none__none__deterministic,smooth
torch,405,latent_aligned_r2,phase05_flow_jump,605,4,5,1,all,test,flow,505,3556,0.3389808105107769,none__none__deterministic,smooth
torch,405,mae,phase05_flow_jump,605,4,5,1,all,test,flow,505,4156,0.3438850939273834,time_scaled__none__deterministic,smooth
torch,405,rmse,phase05_flow_jump,605,4,5,1,all,test,flow,505,4156,0.5342605501721043,time_scaled__none__deterministic,smooth
torch,405,event_roc_auc,phase05_flow_jump,605,4,5,1,all,test,flow,505,4156,0.5039292153565041,time_scaled__none__deterministic,smooth
torch,405,event_brier,phase05_flow_jump,605,4,5,1,all,test,flow,505,4156,0.031231431834781897,time_scaled__none__deterministic,smooth
torch,405,event_log_loss,phase05_flow_jump,605,4,5,1,all,test,flow,505,4156,0.1632741769400068,time_scaled__none__deterministic,smooth
torch,405,latent_aligned_r2,phase05_flow_jump,605,4,5,1,all,test,flow,505,4156,0.29555915130515215,time_scaled__none__deterministic,smooth
