candidate,control,cohort_seed,subset_seed,model_seed,n_train,metric,candidate_value,control_value,effect,candidate_better
gated,none,401,501,601,5,event_brier,0.04010492742493243,0.029665483177615363,-0.010439444247317065,False
gated,none,401,501,601,5,event_log_loss,0.1873481815431646,0.13342197335076875,-0.05392620819239585,False
gated,none,401,501,601,5,event_roc_auc,0.5365966861713656,0.5073150107374351,0.029281675433930454,True
gated,none,401,501,601,5,latent_aligned_r2,0.16655322491506575,0.28362402780359247,-0.11707080288852673,False
gated,none,401,501,601,5,mae,0.41008707880973816,0.3842839300632477,-0.02580314874649048,False
gated,none,401,501,601,5,rmse,0.632020831876882,0.6187954731810166,-0.013225358695865386,False
gated,none,401,501,601,10,event_brier,0.04023722583228486,0.03248541314585496,-0.007751812686429903,False
gated,none,401,501,601,10,event_log_loss,0.17713550136996514,0.15337874876846183,-0.02375675260150331,False
gated,none,401,501,601,10,event_roc_auc,0.5135118702839017,0.5125171700455109,0.0009947002383907666,True
gated,none,401,501,601,10,latent_aligned_r2,0.23790381145751652,0.32716122330542485,-0.08925741184790834,False
gated,none,401,501,601,10,mae,0.3337686359882355,0.2871852517127991,-0.0465833842754364,False
gated,none,401,501,601,10,rmse,0.4966834010781544,0.43833997676381453,-0.058343424314339865,False
gated,none,401,501,601,20,event_brier,0.06950735075445029,0.03123032671847373,-0.03827702403597656,False
gated,none,401,501,601,20,event_log_loss,0.27385754822453656,0.14340346270870327,-0.1304540855158333,False
gated,none,401,501,601,20,event_roc_auc,0.5389198337175168,0.514672025533424,0.02424780818409289,True
gated,none,401,501,601,20,latent_aligned_r2,0.25609988204212125,0.3411575348284028,-0.08505765278628152,False
gated,none,401,501,601,20,mae,0.3713601231575012,0.28944575786590576,-0.08191436529159546,False
gated,none,401,501,601,20,rmse,0.5383679435024851,0.43310139169247,-0.1052665518100151,False
gated,none,401,501,601,40,event_brier,0.034961510268421654,0.02995749548225016,-0.0050040147861714936,False
gated,none,401,501,601,40,event_log_loss,0.15202866862367503,0.1357819654013424,-0.016246703222332626,False
gated,none,401,501,601,40,event_roc_auc,0.5042760998482968,0.49343199952715877,0.010844100321138028,True
gated,none,401,501,601,40,latent_aligned_r2,0.27439730596035466,0.30785069615366,-0.033453390193305343,False
gated,none,401,501,601,40,mae,0.25839701294898987,0.3053184151649475,0.04692140221595764,True
gated,none,401,501,601,40,rmse,0.39506324931663417,0.4706932161799852,0.07562996686335105,True
gated,none,402,502,602,5,event_brier,0.03169872268865876,0.033264973395900455,0.001566250707241694,True
gated,none,402,502,602,5,event_log_loss,0.1572856977345067,0.15336071303062906,-0.003924984703877643,False
gated,none,402,502,602,5,event_roc_auc,0.5189099640615538,0.5135230742472773,0.005386889814276485,True
gated,none,402,502,602,5,latent_aligned_r2,0.1711773313964444,0.18746743017303902,-0.016290098776594625,False
gated,none,402,502,602,5,mae,0.4284639358520508,0.44517338275909424,0.016709446907043457,True
gated,none,402,502,602,5,rmse,0.6385222560137318,0.6634432429722288,0.024920986958496982,True
gated,none,402,502,602,10,event_brier,0.03687480397101783,0.03231756454999771,-0.004557239421020126,False
gated,none,402,502,602,10,event_log_loss,0.1607996980118398,0.1477527724355632,-0.013046925576276597,False
gated,none,402,502,602,10,event_roc_auc,0.52102907387492,0.5104720632414916,0.010557010633428399,True
gated,none,402,502,602,10,latent_aligned_r2,0.2261639338413384,0.21581112217105858,0.010352811670279821,True
gated,none,402,502,602,10,mae,0.35813143849372864,0.3356918394565582,-0.02243959903717041,False
gated,none,402,502,602,10,rmse,0.5309995172933047,0.5378970664531386,0.006897549159833871,True
gated,none,402,502,602,20,event_brier,0.030593163090612045,0.03447738027559334,0.0038842171849812965,True
gated,none,402,502,602,20,event_log_loss,0.1449853395320667,0.16234203928389845,0.017356699751831767,True
gated,none,402,502,602,20,event_roc_auc,0.5347797730140552,0.5136291518667839,0.021150621147271287,True
gated,none,402,502,602,20,latent_aligned_r2,0.2701737015538672,0.2777183451994859,-0.007544643645618687,False
gated,none,402,502,602,20,mae,0.2767259180545807,0.3270762860774994,0.0503503680229187,True
gated,none,402,502,602,20,rmse,0.42558977213756183,0.5216739895594065,0.09608421742184464,True
gated,none,402,502,602,40,event_brier,0.030147028235812178,0.033723009998581584,0.0035759817627694056,True
gated,none,402,502,602,40,event_log_loss,0.1405479690807663,0.15789441163377127,0.017346442553004965,True
gated,none,402,502,602,40,event_roc_auc,0.5277040933787016,0.5109116107460041,0.016792482632697503,True
gated,none,402,502,602,40,latent_aligned_r2,0.29019062539869306,0.27455053879758434,0.015640086601108716,True
gated,none,402,502,602,40,mae,0.2684175670146942,0.34562671184539795,0.07720914483070374,True
gated,none,402,502,602,40,rmse,0.40918338382480784,0.5412988575474924,0.13211547372268456,True
gated,none,403,503,603,5,event_brier,0.03466365989421775,0.031606899219220996,-0.0030567606749967516,False
gated,none,403,503,603,5,event_log_loss,0.18882195399290633,0.13854552355659114,-0.05027643043631519,False
gated,none,403,503,603,5,event_roc_auc,0.49892842350456423,0.5391434947456284,-0.04021507124106416,False
gated,none,403,503,603,5,latent_aligned_r2,0.22313220459665378,0.24291027627901757,-0.019778071682363785,False
gated,none,403,503,603,5,mae,0.46629035472869873,0.4365130662918091,-0.02977728843688965,False
gated,none,403,503,603,5,rmse,0.7369457457460195,0.7148024333416123,-0.022143312404407145,False
gated,none,403,503,603,10,event_brier,0.035088998582656274,0.033371465119236866,-0.0017175334634194073,False
gated,none,403,503,603,10,event_log_loss,0.163351373865609,0.15025514518189848,-0.01309622868371052,False
gated,none,403,503,603,10,event_roc_auc,0.48481124301292605,0.5056954694931424,-0.020884226480216317,False
gated,none,403,503,603,10,latent_aligned_r2,0.2674575557180535,0.3005074305554881,-0.0330498748374346,False
gated,none,403,503,603,10,mae,0.32799574732780457,0.3441533148288727,0.016157567501068115,True
gated,none,403,503,603,10,rmse,0.5172806658774065,0.5628695863263912,0.04558892044898466,True
gated,none,403,503,603,20,event_brier,0.03364329391827285,0.03199337723595301,-0.0016499166823198408,False
gated,none,403,503,603,20,event_log_loss,0.15587046641261493,0.14299861332562452,-0.012871853086990404,False
gated,none,403,503,603,20,event_roc_auc,0.5054453691080718,0.5005552796223625,0.004890089485709348,True
gated,none,403,503,603,20,latent_aligned_r2,0.2729050793348777,0.3544137858569208,-0.08150870652204312,False
gated,none,403,503,603,20,mae,0.2549300789833069,0.30315300822257996,0.04822292923927307,True
gated,none,403,503,603,20,rmse,0.39608543507653543,0.48098691276245387,0.08490147768591844,True
gated,none,403,503,603,40,event_brier,0.04735156581239024,0.03502627649148199,-0.012325289320908248,False
gated,none,403,503,603,40,event_log_loss,0.2012127154672928,0.15849464240798766,-0.04271807305930514,False
gated,none,403,503,603,40,event_roc_auc,0.4969120273242844,0.5093938365722428,-0.012481809247958386,False
gated,none,403,503,603,40,latent_aligned_r2,0.25202033704553506,0.32973362842602605,-0.07771329138049099,False
gated,none,403,503,603,40,mae,0.370146244764328,0.32861074805259705,-0.04153549671173096,False
gated,none,403,503,603,40,rmse,0.5538696922645401,0.5289041110605465,-0.024965581203993614,False
gated,none,404,504,604,5,event_brier,0.028293501944511655,0.02993229701323515,0.001638795068723494,True
gated,none,404,504,604,5,event_log_loss,0.18104006002643022,0.13471470636136992,-0.0463253536650603,False
gated,none,404,504,604,5,event_roc_auc,0.5008630330957353,0.4759149526803786,0.024948080415356733,True
gated,none,404,504,604,5,latent_aligned_r2,0.20954357896528852,0.2740743256939075,-0.06453074672861897,False
gated,none,404,504,604,5,mae,0.3676221966743469,0.33313217759132385,-0.03449001908302307,False
gated,none,404,504,604,5,rmse,0.5491284671989201,0.5177941213510567,-0.03133434584786332,False
gated,none,404,504,604,10,event_brier,0.027919552356223874,0.02966212923293996,0.0017425768767160878,True
gated,none,404,504,604,10,event_log_loss,0.15021662548076858,0.13369342973962473,-0.01652319574114386,False
gated,none,404,504,604,10,event_roc_auc,0.4943078855369157,0.4927898976808186,0.0015179878560970805,True
gated,none,404,504,604,10,latent_aligned_r2,0.2414836062707389,0.28087421638493504,-0.039390610114196145,False
gated,none,404,504,604,10,mae,0.3436090648174286,0.33222880959510803,-0.011380255222320557,False
gated,none,404,504,604,10,rmse,0.5160030366342483,0.5161904788861437,0.00018744225189537556,True
gated,none,404,504,604,20,event_brier,0.032986408740204795,0.030823144689995634,-0.0021632640502091613,False
gated,none,404,504,604,20,event_log_loss,0.1493278657194128,0.14230042797050502,-0.007027437748907794,False
gated,none,404,504,604,20,event_roc_auc,0.4997267621859025,0.4789329285365717,0.020793833649330795,True
gated,none,404,504,604,20,latent_aligned_r2,0.2634244412172733,0.2836145000507806,-0.020190058833507274,False
gated,none,404,504,604,20,mae,0.33464738726615906,0.3167527914047241,-0.017894595861434937,False
gated,none,404,504,604,20,rmse,0.5037558870941793,0.48536979901997374,-0.018386088074205553,False
gated,none,404,504,604,40,event_brier,0.043461571476385595,0.03128219768089797,-0.012179373795487627,False
gated,none,404,504,604,40,event_log_loss,0.19208053917290996,0.1462381338164166,-0.045842405356493365,False
gated,none,404,504,604,40,event_roc_auc,0.4977061783505732,0.4881032151742786,0.009602963176294554,True
gated,none,404,504,604,40,latent_aligned_r2,0.23772857614965537,0.31365235471454,-0.07592377856488464,False
gated,none,404,504,604,40,mae,0.3713974058628082,0.29740458726882935,-0.07399281859397888,False
gated,none,404,504,604,40,rmse,0.542098438742507,0.4531405216057895,-0.08895791713671747,False
gated,none,405,505,605,5,event_brier,0.035488782494147615,0.029706601422367373,-0.005782181071780242,False
gated,none,405,505,605,5,event_log_loss,0.16465123825126135,0.14005869337863794,-0.024592544872623412,False
gated,none,405,505,605,5,event_roc_auc,0.5092040907945309,0.478450695329653,0.030753395464877875,True
gated,none,405,505,605,5,latent_aligned_r2,0.262344195656768,0.3389808105107769,-0.07663661485400891,False
gated,none,405,505,605,5,mae,0.3675251603126526,0.3257488012313843,-0.04177635908126831,False
gated,none,405,505,605,5,rmse,0.5417385573241519,0.5130839591392942,-0.028654598184857716,False
gated,none,405,505,605,10,event_brier,0.04309596302258714,0.03537832351189897,-0.007717639510688171,False
gated,none,405,505,605,10,event_log_loss,0.1912803613098256,0.17230011171984297,-0.018980249589982623,False
gated,none,405,505,605,10,event_roc_auc,0.511744820318142,0.4882515446048187,0.02349327571332327,True
gated,none,405,505,605,10,latent_aligned_r2,0.28027142314328535,0.3550264663587556,-0.07475504321547027,False
gated,none,405,505,605,10,mae,0.36029353737831116,0.3572295606136322,-0.003063976764678955,False
gated,none,405,505,605,10,rmse,0.553566619526942,0.5425362270758209,-0.01103039245112103,False
gated,none,405,505,605,20,event_brier,0.035377729566785504,0.029217424839374263,-0.006160304727411241,False
gated,none,405,505,605,20,event_log_loss,0.15762645709212927,0.1389501958155323,-0.018676261276596967,False
gated,none,405,505,605,20,event_roc_auc,0.5088257398593468,0.4838988427732245,0.02492689708612228,True
gated,none,405,505,605,20,latent_aligned_r2,0.2826443244274087,0.35647986494516454,-0.07383554051775582,False
gated,none,405,505,605,20,mae,0.32823091745376587,0.25862449407577515,-0.06960642337799072,False
gated,none,405,505,605,20,rmse,0.500478307112885,0.4115172376197347,-0.0889610694931503,False
gated,none,405,505,605,40,event_brier,0.0290038464580887,0.028199924562353693,-0.0008039218957350061,False
gated,none,405,505,605,40,event_log_loss,0.1341570972608099,0.13001975387547518,-0.004137343385334724,False
gated,none,405,505,605,40,event_roc_auc,0.5031180251959306,0.48670951463239676,0.016408510563533873,True
gated,none,405,505,605,40,latent_aligned_r2,0.30890108372072156,0.3502089013771249,-0.041307817656403345,False
gated,none,405,505,605,40,mae,0.23132170736789703,0.29780617356300354,0.0664844661951065,True
gated,none,405,505,605,40,rmse,0.37053521939242956,0.4892011902836771,0.11866597089124753,True
time_scaled,none,401,501,601,5,event_brier,0.030102222162096556,0.029665483177615363,-0.0004367389844811935,False
time_scaled,none,401,501,601,5,event_log_loss,0.15243834171639345,0.13342197335076875,-0.019016368365624703,False
time_scaled,none,401,501,601,5,event_roc_auc,0.5355290895837027,0.5073150107374351,0.028214078846267587,True
time_scaled,none,401,501,601,5,latent_aligned_r2,0.23733646939720546,0.28362402780359247,-0.046287558406387014,False
time_scaled,none,401,501,601,5,mae,0.3670192062854767,0.3842839300632477,0.017264723777770996,True
time_scaled,none,401,501,601,5,rmse,0.5834361025564154,0.6187954731810166,0.03535937062460115,True
time_scaled,none,401,501,601,10,event_brier,0.03947421939770138,0.03248541314585496,-0.006988806251846419,False
time_scaled,none,401,501,601,10,event_log_loss,0.1737843408453226,0.15337874876846183,-0.020405592076860768,False
time_scaled,none,401,501,601,10,event_roc_auc,0.5396229879622515,0.5125171700455109,0.027105817916740604,True
time_scaled,none,401,501,601,10,latent_aligned_r2,0.2804831563855326,0.32716122330542485,-0.046678066919892236,False
time_scaled,none,401,501,601,10,mae,0.3007267117500305,0.2871852517127991,-0.013541460037231445,False
time_scaled,none,401,501,601,10,rmse,0.46055404424547214,0.43833997676381453,-0.022214067481657607,False
time_scaled,none,401,501,601,20,event_brier,0.03755605826924985,0.03123032671847373,-0.006325731550776117,False
time_scaled,none,401,501,601,20,event_log_loss,0.16524703209818675,0.14340346270870327,-0.02184356938948348,False
time_scaled,none,401,501,601,20,event_roc_auc,0.5375348818882124,0.514672025533424,0.022862856354788463,True
time_scaled,none,401,501,601,20,latent_aligned_r2,0.261973856312622,0.3411575348284028,-0.07918367851578079,False
time_scaled,none,401,501,601,20,mae,0.311482697725296,0.28944575786590576,-0.02203693985939026,False
time_scaled,none,401,501,601,20,rmse,0.46986821630096437,0.43310139169247,-0.0367668246084944,False
time_scaled,none,401,501,601,40,event_brier,0.030913534913023698,0.02995749548225016,-0.0009560394307735372,False
time_scaled,none,401,501,601,40,event_log_loss,0.14008496943197027,0.1357819654013424,-0.0043030040306278605,False
time_scaled,none,401,501,601,40,event_roc_auc,0.5407812912504679,0.49343199952715877,0.04734929172330915,True
time_scaled,none,401,501,601,40,latent_aligned_r2,0.29836205756216644,0.30785069615366,-0.00948863859149357,False
time_scaled,none,401,501,601,40,mae,0.26485440135002136,0.3053184151649475,0.04046401381492615,True
time_scaled,none,401,501,601,40,rmse,0.4078687914002569,0.4706932161799852,0.06282442477972833,True
time_scaled,none,402,502,602,5,event_brier,0.03311504966872642,0.033264973395900455,0.00014992372717403252,True
time_scaled,none,402,502,602,5,event_log_loss,0.16995834563334786,0.15336071303062906,-0.016597632602718793,False
time_scaled,none,402,502,602,5,event_roc_auc,0.5030258098169408,0.5135230742472773,-0.010497264430336495,False
time_scaled,none,402,502,602,5,latent_aligned_r2,0.21118344210502607,0.18746743017303902,0.023716011931987052,True
time_scaled,none,402,502,602,5,mae,0.4552229940891266,0.44517338275909424,-0.010049611330032349,False
time_scaled,none,402,502,602,5,rmse,0.6635425776221362,0.6634432429722288,-9.933464990741214e-05,False
time_scaled,none,402,502,602,10,event_brier,0.03213977412823098,0.03231756454999771,0.00017779042176672977,True
time_scaled,none,402,502,602,10,event_log_loss,0.1760256835844953,0.1477527724355632,-0.0282729111489321,False
time_scaled,none,402,502,602,10,event_roc_auc,0.5036596778729763,0.5104720632414916,-0.006812385368515361,False
time_scaled,none,402,502,602,10,latent_aligned_r2,0.2782470699578113,0.21581112217105858,0.06243594778675271,True
time_scaled,none,402,502,602,10,mae,0.31949976086616516,0.3356918394565582,0.016192078590393066,True
time_scaled,none,402,502,602,10,rmse,0.5071382594811633,0.5378970664531386,0.030758806971975305,True
time_scaled,none,402,502,602,20,event_brier,0.034413601449894006,0.03447738027559334,6.377882569933574e-05,True
time_scaled,none,402,502,602,20,event_log_loss,0.157497097489869,0.16234203928389845,0.004844941794029445,True
time_scaled,none,402,502,602,20,event_roc_auc,0.5040238156662531,0.5136291518667839,-0.009605336200530834,False
time_scaled,none,402,502,602,20,latent_aligned_r2,0.29975521696582935,0.2777183451994859,0.022036871766343447,True
time_scaled,none,402,502,602,20,mae,0.27353861927986145,0.3270762860774994,0.05353766679763794,True
time_scaled,none,402,502,602,20,rmse,0.4303535154876064,0.5216739895594065,0.09132047407180005,True
time_scaled,none,402,502,602,40,event_brier,0.033211398851936455,0.033723009998581584,0.0005116111466451287,True
time_scaled,none,402,502,602,40,event_log_loss,0.15187556064609245,0.15789441163377127,0.00601885098767882,True
time_scaled,none,402,502,602,40,event_roc_auc,0.5000193855298806,0.5109116107460041,-0.010892225216123541,False
time_scaled,none,402,502,602,40,latent_aligned_r2,0.29985155832180804,0.27455053879758434,0.0253010195242237,True
time_scaled,none,402,502,602,40,mae,0.30349305272102356,0.34562671184539795,0.04213365912437439,True
time_scaled,none,402,502,602,40,rmse,0.4568587735760954,0.5412988575474924,0.08444008397139702,True
time_scaled,none,403,503,603,5,event_brier,0.034045591268697335,0.031606899219220996,-0.002438692049476339,False
time_scaled,none,403,503,603,5,event_log_loss,0.1617047006179237,0.13854552355659114,-0.023159177061332553,False
time_scaled,none,403,503,603,5,event_roc_auc,0.5131486837268112,0.5391434947456284,-0.025994811018817177,False
time_scaled,none,403,503,603,5,latent_aligned_r2,0.26167827138779776,0.24291027627901757,0.01876799510878019,True
time_scaled,none,403,503,603,5,mae,0.4521443545818329,0.4365130662918091,-0.015631288290023804,False
time_scaled,none,403,503,603,5,rmse,0.7455782482521973,0.7148024333416123,-0.03077581491058501,False
time_scaled,none,403,503,603,10,event_brier,0.034261706883931736,0.033371465119236866,-0.0008902417646948699,False
time_scaled,none,403,503,603,10,event_log_loss,0.1540911242612097,0.15025514518189848,-0.0038359790793112136,False
time_scaled,none,403,503,603,10,event_roc_auc,0.507959738472819,0.5056954694931424,0.002264268979676576,True
time_scaled,none,403,503,603,10,latent_aligned_r2,0.29917858555943394,0.3005074305554881,-0.0013288449960541793,False
time_scaled,none,403,503,603,10,mae,0.3471214175224304,0.3441533148288727,-0.0029681026935577393,False
time_scaled,none,403,503,603,10,rmse,0.572333686608924,0.5628695863263912,-0.009464100282532861,False
time_scaled,none,403,503,603,20,event_brier,0.03313878439153433,0.03199337723595301,-0.0011454071555813197,False
time_scaled,none,403,503,603,20,event_log_loss,0.15748287846203785,0.14299861332562452,-0.014484265136413321,False
time_scaled,none,403,503,603,20,event_roc_auc,0.5104998328592169,0.5005552796223625,0.009944553236854392,True
time_scaled,none,403,503,603,20,latent_aligned_r2,0.31820277343288345,0.3544137858569208,-0.03621101242403735,False
time_scaled,none,403,503,603,20,mae,0.2654244601726532,0.30315300822257996,0.03772854804992676,True
time_scaled,none,403,503,603,20,rmse,0.42337092337209786,0.48098691276245387,0.057615989390356004,True
time_scaled,none,403,503,603,40,event_brier,0.04381207125084554,0.03502627649148199,-0.00878579475936355,False
time_scaled,none,403,503,603,40,event_log_loss,0.19286573723628392,0.15849464240798766,-0.034371094828296256,False
time_scaled,none,403,503,603,40,event_roc_auc,0.5278292637498803,0.5093938365722428,0.018435427177637465,True
time_scaled,none,403,503,603,40,latent_aligned_r2,0.284397152175538,0.32973362842602605,-0.045336476250488034,False
time_scaled,none,403,503,603,40,mae,0.3433723747730255,0.32861074805259705,-0.014761626720428467,False
time_scaled,none,403,503,603,40,rmse,0.5545316127884474,0.5289041110605465,-0.02562750172790096,False
time_scaled,none,404,504,604,5,event_brier,0.030102445232437672,0.02993229701323515,-0.00017014821920252263,False
time_scaled,none,404,504,604,5,event_log_loss,0.16972546352862133,0.13471470636136992,-0.03501075716725141,False
time_scaled,none,404,504,604,5,event_roc_auc,0.49157154742762055,0.4759149526803786,0.01565659474724196,True
time_scaled,none,404,504,604,5,latent_aligned_r2,0.2315697713918791,0.2740743256939075,-0.0425045543020284,False
time_scaled,none,404,504,604,5,mae,0.3529287278652191,0.33313217759132385,-0.019796550273895264,False
time_scaled,none,404,504,604,5,rmse,0.5500570907006054,0.5177941213510567,-0.03226296934954864,False
time_scaled,none,404,504,604,10,event_brier,0.02945291565602641,0.02966212923293996,0.0002092135769135514,True
time_scaled,none,404,504,604,10,event_log_loss,0.1404720739051606,0.13369342973962473,-0.006778644165535863,False
time_scaled,none,404,504,604,10,event_roc_auc,0.5006132350941193,0.4927898976808186,0.007823337413300657,True
time_scaled,none,404,504,604,10,latent_aligned_r2,0.2657596140237442,0.28087421638493504,-0.015114602361190832,False
time_scaled,none,404,504,604,10,mae,0.33660826086997986,0.33222880959510803,-0.004379451274871826,False
time_scaled,none,404,504,604,10,rmse,0.5257684703254384,0.5161904788861437,-0.00957799143929472,False
time_scaled,none,404,504,604,20,event_brier,0.035308601073030584,0.030823144689995634,-0.00448545638303495,False
time_scaled,none,404,504,604,20,event_log_loss,0.1556276067383002,0.14230042797050502,-0.013327178767795184,False
time_scaled,none,404,504,604,20,event_roc_auc,0.50187426500588,0.4789329285365717,0.022941336469308238,True
time_scaled,none,404,504,604,20,latent_aligned_r2,0.27604110070489063,0.2836145000507806,-0.007573399345889964,False
time_scaled,none,404,504,604,20,mae,0.33908697962760925,0.3167527914047241,-0.022334188222885132,False
time_scaled,none,404,504,604,20,rmse,0.5191444161465397,0.48536979901997374,-0.03377461712656599,False
time_scaled,none,404,504,604,40,event_brier,0.03084705949274539,0.03128219768089797,0.00043513818815257843,True
time_scaled,none,404,504,604,40,event_log_loss,0.14136662633690278,0.1462381338164166,0.004871507479513815,True
time_scaled,none,404,504,604,40,event_roc_auc,0.5098614811081511,0.4881032151742786,0.021758265933872478,True
time_scaled,none,404,504,604,40,latent_aligned_r2,0.2961388527463712,0.31365235471454,-0.01751350196816881,False
time_scaled,none,404,504,604,40,mae,0.25025251507759094,0.29740458726882935,0.0471520721912384,True
time_scaled,none,404,504,604,40,rmse,0.3871455486498897,0.4531405216057895,0.06599497295589979,True
time_scaled,none,405,505,605,5,event_brier,0.031231431834781897,0.029706601422367373,-0.001524830412414524,False
time_scaled,none,405,505,605,5,event_log_loss,0.1632741769400068,0.14005869337863794,-0.02321548356136885,False
time_scaled,none,405,505,605,5,event_roc_auc,0.5039292153565041,0.478450695329653,0.025478520026851137,True
time_scaled,none,405,505,605,5,latent_aligned_r2,0.29555915130515215,0.3389808105107769,-0.04342165920562474,False
time_scaled,none,405,505,605,5,mae,0.3438850939273834,0.3257488012313843,-0.018136292695999146,False
time_scaled,none,405,505,605,5,rmse,0.5342605501721043,0.5130839591392942,-0.02117659103281011,False
time_scaled,none,405,505,605,10,event_brier,0.040811337523707754,0.03537832351189897,-0.005433014011808783,False
time_scaled,none,405,505,605,10,event_log_loss,0.18379698945952996,0.17230011171984297,-0.011496877739686995,False
time_scaled,none,405,505,605,10,event_roc_auc,0.49723711425774153,0.4882515446048187,0.008985569652922853,True
time_scaled,none,405,505,605,10,latent_aligned_r2,0.31687667470610775,0.3550264663587556,-0.03814979165264787,False
time_scaled,none,405,505,605,10,mae,0.3867706060409546,0.3572295606136322,-0.029541045427322388,False
time_scaled,none,405,505,605,10,rmse,0.587216545267713,0.5425362270758209,-0.04468031819189211,False
time_scaled,none,405,505,605,20,event_brier,0.03208080579872839,0.029217424839374263,-0.0028633809593541296,False
time_scaled,none,405,505,605,20,event_log_loss,0.15181959001174056,0.1389501958155323,-0.01286939419620825,False
time_scaled,none,405,505,605,20,event_roc_auc,0.502398204211358,0.4838988427732245,0.018499361438133466,True
time_scaled,none,405,505,605,20,latent_aligned_r2,0.3200182011434216,0.35647986494516454,-0.03646166380174293,False
time_scaled,none,405,505,605,20,mae,0.30835074186325073,0.25862449407577515,-0.049726247787475586,False
time_scaled,none,405,505,605,20,rmse,0.486518194598383,0.4115172376197347,-0.07500095697864834,False
time_scaled,none,405,505,605,40,event_brier,0.030513646357667644,0.028199924562353693,-0.0023137217953139513,False
time_scaled,none,405,505,605,40,event_log_loss,0.14056679359480753,0.13001975387547518,-0.010547039719332352,False
time_scaled,none,405,505,605,40,event_roc_auc,0.4994502703285625,0.48670951463239676,0.012740755696165729,True
time_scaled,none,405,505,605,40,latent_aligned_r2,0.33693331615069333,0.3502089013771249,-0.013275585226431574,False
time_scaled,none,405,505,605,40,mae,0.26295459270477295,0.29780617356300354,0.03485158085823059,True
time_scaled,none,405,505,605,40,rmse,0.43247347957137194,0.4892011902836771,0.056727710712305146,True
